"key","name","appearances","averagePick","p1Appearances","p1p1Count","p1p1Rate","p1p5Rate","lastPickRate","survivesTo15Rate","survivesTo15Status","wr","gihWR","ohWR","ata","alsa","ataDifference","baseValue","heuristicValue","wrContribution","meanColorAdjustment","meanSynergyAdjustment","meanCurveAdjustment","meanRemovalAdjustment","meanDuplicateAdjustment","meanComponents","reasonCounts","reasons"
"00ed7aca-b3c1-4d48-acd5-b1596daeb4c3","Whiplash, Vengeful Engineer","114","3.807017543859649","38","5","0.13157894736842105","1","0","","not-applicable-14-card-packs","","","","","","","50.6","50.6","0","1.7362451608589438","0.09821316418205621","0","0","-0.15350877192982457","{""base"":50.60000000000006,""mana"":0,""color"":1.7362451608589438,""synergy"":0.09821316418205621,""curve"":0,""creature"":0.3210526315789475,""removal"":0,""duplicate"":-0.15350877192982457,""fixing"":0}","{""カード情報からの推定単体評価"":114,""現在の主色に合う"":73,""クリーチャー不足を補う"":31,""アーキタイプ・共通メカニズムと相性が良い"":12,""主色外のマナ供給が不足"":3}","[""カード情報からの推定単体評価"",""現在の主色に合う"",""クリーチャー不足を補う"",""アーキタイプ・共通メカニズムと相性が良い"",""主色外のマナ供給が不足""]"
"035cddbc-39c9-42af-9e26-c88419b43b49","Decoy Ploy","189","9.216931216931217","59","0","0","0","0","","not-applicable-14-card-packs","","","","","","","45.5","45.5","0","1.3167048944216377","0","0","0","0","{""base"":45.5,""mana"":0,""color"":1.3167048944216377,""synergy"":0,""curve"":0,""creature"":0,""removal"":0,""duplicate"":0,""fixing"":0}","{""カード情報からの推定単体評価"":189,""現在の主色に合う"":161,""主色外のマナ供給が不足"":28}","[""カード情報からの推定単体評価"",""現在の主色に合う"",""主色外のマナ供給が不足""]"
"03c934a6-be57-480d-8c84-4e46d9ccb406","Hulkling, Burgeoning Bruiser","111","6.981981981981982","29","0","0","0.20689655172413793","0","","not-applicable-14-card-packs","","","","","","","48.2","48.2","0","1.3916111666874698","0","0.36334971334971344","0","-0.11261261261261261","{""base"":48.1999999999999,""mana"":0,""color"":1.3916111666874698,""synergy"":0,""curve"":0.36334971334971344,""creature"":0.23144963144963143,""removal"":0,""duplicate"":-0.11261261261261261,""fixing"":0}","{""カード情報からの推定単体評価"":111,""現在の主色に合う"":88,""クリーチャー不足を補う"":29,""主色外のマナ供給が不足"":17,""3マナのクリーチャーを補強"":45}","[""カード情報からの推定単体評価"",""現在の主色に合う"",""3マナのクリーチャーを補強"",""クリーチャー不足を補う"",""主色外のマナ供給が不足""]"
"04e53f36-9f16-4678-9caf-9afda85f76b4","Spider-Woman, Secret Agent","113","9.575221238938052","41","0","0","0.04878048780487805","0","","not-applicable-14-card-packs","","","","","","","47.7","47.7","0","-3.6343707725526917","0","-0.005510860820595336","0.12055510860820592","-0.17699115044247787","{""base"":47.699999999999896,""mana"":-0.2451066939376019,""color"":-3.6343707725526917,""synergy"":0,""curve"":-0.005510860820595336,""creature"":0.08109412711182622,""removal"":0.12055510860820592,""duplicate"":-0.17699115044247787,""fixing"":0}","{""カード情報からの推定単体評価"":113,""現在の主色に合う"":34,""クリーチャー不足を補う"":10,""タップ"":34,""主色外のマナ供給が不足"":77,""4マナのクリーチャーを補強"":7}","[""カード情報からの推定単体評価"",""主色外のマナ供給が不足"",""現在の主色に合う"",""タップ"",""クリーチャー不足を補う""]"
"0618a217-2a6e-4fa1-bfe6-89c6612a594d","K'un-Lun Warrior","207","2.739130434782609","80","35","0.4375","1","0","","not-applicable-14-card-packs","","","","","","","51.5","51.5","0","1.207476646463703","0.33489230776160983","0.5232542819499341","0","0","{""base"":51.5,""mana"":0,""color"":1.207476646463703,""synergy"":0.33489230776160983,""curve"":0.5232542819499341,""creature"":0.33675889328063274,""removal"":0,""duplicate"":0,""fixing"":0}","{""カード情報からの推定単体評価"":207,""現在の主色に合う"":114,""2マナのクリーチャーを補強"":83,""アーキタイプ・共通メカニズムと相性が良い"":56,""クリーチャー不足を補う"":59,""主色外のマナ供給が不足"":12}","[""カード情報からの推定単体評価"",""現在の主色に合う"",""2マナのクリーチャーを補強"",""クリーチャー不足を補う"",""アーキタイプ・共通メカニズムと相性が良い""]"
"06296d4d-a1b3-4e9a-a2fd-a0183bb892a1","Crowd of True Believers","201","4.298507462686567","68","2","0.029411764705882353","0.9558823529411765","0","","not-applicable-14-card-packs","","","","","","","49.8","49.8","0","1.5293376226090527","0","0","0","0","{""base"":49.79999999999997,""mana"":0,""color"":1.5293376226090527,""synergy"":0,""curve"":0,""creature"":0.29796472184531914,""removal"":0,""duplicate"":0,""fixing"":0}","{""カード情報からの推定単体評価"":201,""現在の主色に合う"":127,""クリーチャー不足を補う"":53,""主色外のマナ供給が不足"":9}","[""カード情報からの推定単体評価"",""現在の主色に合う"",""クリーチャー不足を補う"",""主色外のマナ供給が不足""]"
"06e9287b-56d4-443e-97ba-b5dcdc4fa989","Storm, Windrider","44","5.454545454545454","15","2","0.13333333333333333","1","0","","not-applicable-14-card-packs","","","","","","","51.4","51.4","0","-0.9635633009368747","0","0.21229338842975212","0","-0.056818181818181816","{""base"":51.40000000000004,""mana"":-0.6964691401394616,""color"":-0.9635633009368747,""synergy"":0,""curve"":0.21229338842975212,""creature"":0.12892561983471074,""removal"":0,""duplicate"":-0.056818181818181816,""fixing"":0}","{""カード情報からの推定単体評価"":44,""スプラッシュ用のマナ供給あり"":2,""現在の主色に合う"":18,""主色外のマナ供給が不足"":9,""クリーチャー不足を補う"":5,""4マナのクリーチャーを補強"":8}","[""カード情報からの推定単体評価"",""現在の主色に合う"",""主色外のマナ供給が不足"",""4マナのクリーチャーを補強"",""クリーチャー不足を補う""]"
"0866a630-d962-4aa9-a15f-08b2947540ef","Cosmic Cube","15","10.733333333333333","7","0","0","0","0","","not-applicable-14-card-packs","","","","","","","43.6","43.6","0","0","0","0","0","0","{""base"":43.600000000000016,""mana"":0,""color"":0,""synergy"":0,""curve"":0,""creature"":0,""removal"":0,""duplicate"":0,""fixing"":0}","{""カード情報からの推定単体評価"":15}","[""カード情報からの推定単体評価""]"
"090d815b-b2c8-48cd-a0b3-dc662d5352ac","Thanos, the Mad Titan","18","7.722222222222222","6","1","0.16666666666666666","1","0","","not-applicable-14-card-packs","","","","","","","53.2","53.2","0","-5.8226513779885005","0","0","0","0","{""base"":53.20000000000002,""mana"":-0.9743758379586271,""color"":-5.8226513779885005,""synergy"":0,""curve"":0,""creature"":0,""removal"":0,""duplicate"":0,""fixing"":0}","{""カード情報からの推定単体評価"":18,""主色外のマナ供給が不足"":12}","[""カード情報からの推定単体評価"",""主色外のマナ供給が不足""]"
"09eb988a-e2eb-42e1-a786-01be63d2263f","Kree Commandos","198","6.353535353535354","75","0","0","0.18666666666666668","0","","not-applicable-14-card-packs","","","","","","","48.6","48.6","0","1.3278842365041208","0","0.15975665748393023","0","0","{""base"":48.60000000000018,""mana"":0,""color"":1.3278842365041208,""synergy"":0,""curve"":0.15975665748393023,""creature"":0.19696969696969707,""removal"":0,""duplicate"":0,""fixing"":0}","{""カード情報からの推定単体評価"":198,""現在の主色に合う"":148,""3マナのクリーチャーを補強"":50,""クリーチャー不足を補う"":41,""主色外のマナ供給が不足"":36}","[""カード情報からの推定単体評価"",""現在の主色に合う"",""3マナのクリーチャーを補強"",""クリーチャー不足を補う"",""主色外のマナ供給が不足""]"
"0a364879-31bd-4760-833d-165cde1e96c6","Yellowjacket, Heartless Marauder","103","3.7766990291262137","35","3","0.08571428571428572","0.8857142857142857","0","","not-applicable-14-card-packs","","","","","","","50.2","50.2","0","1.7757079579706998","0","0.655075022065313","0","-0.04854368932038835","{""base"":50.1999999999999,""mana"":0,""color"":1.7757079579706998,""synergy"":0,""curve"":0.655075022065313,""creature"":0.30185348631950565,""removal"":0,""duplicate"":-0.04854368932038835,""fixing"":0}","{""カード情報からの推定単体評価"":103,""現在の主色に合う"":69,""2マナのクリーチャーを補強"":54,""クリーチャー不足を補う"":25,""主色外のマナ供給が不足"":3}","[""カード情報からの推定単体評価"",""現在の主色に合う"",""2マナのクリーチャーを補強"",""クリーチャー不足を補う"",""主色外のマナ供給が不足""]"
"0bbceb51-1fb8-44d7-8afc-b4746d292262","Political Triumph","104","9.884615384615385","27","0","0","0","0","","not-applicable-14-card-packs","","","","","","","45.5","45.5","0","0.9998155442951758","0.17983346436401276","0","0","0","{""base"":45.5,""mana"":0,""color"":0.9998155442951758,""synergy"":0.17983346436401276,""curve"":0,""creature"":0,""removal"":0,""duplicate"":0,""fixing"":0}","{""カード情報からの推定単体評価"":104,""主色外のマナ供給が不足"":21,""現在の主色に合う"":83,""アーキタイプ・共通メカニズムと相性が良い"":20}","[""カード情報からの推定単体評価"",""現在の主色に合う"",""主色外のマナ供給が不足"",""アーキタイプ・共通メカニズムと相性が良い""]"
"0e5f97b5-bb8c-4688-a141-5db4d4eeccf0","Futurist Forge","184","9.554347826086957","69","0","0","0","0","","not-applicable-14-card-packs","","","","","","","45.5","45.5","0","0.030292619576713954","0.10570015752315016","0","0","0","{""base"":45.5,""mana"":0,""color"":0.030292619576713954,""synergy"":0.10570015752315016,""curve"":0,""creature"":0,""removal"":0,""duplicate"":0,""fixing"":0}","{""カード情報からの推定単体評価"":184,""現在の主色に合う"":133,""アーキタイプ・共通メカニズムと相性が良い"":21,""主色外のマナ供給が不足"":51}","[""カード情報からの推定単体評価"",""現在の主色に合う"",""主色外のマナ供給が不足"",""アーキタイプ・共通メカニズムと相性が良い""]"
"0edaf433-4ded-4841-bc86-136780c0767f","Unliving Legionnaire","170","2.9823529411764707","55","9","0.16363636363636364","1","0","","not-applicable-14-card-packs","","","","","","","51.1","51.1","0","1.5197346449181937","0","0.5039839572192512","0","0","{""base"":51.10000000000016,""mana"":0,""color"":1.5197346449181937,""synergy"":0,""curve"":0.5039839572192512,""creature"":0.369304812834225,""removal"":0,""duplicate"":0,""fixing"":0}","{""カード情報からの推定単体評価"":170,""現在の主色に合う"":110,""4マナのクリーチャーを補強"":71,""クリーチャー不足を補う"":50,""スプラッシュ用のマナ供給あり"":1,""主色外のマナ供給が不足"":4}","[""カード情報からの推定単体評価"",""現在の主色に合う"",""4マナのクリーチャーを補強"",""クリーチャー不足を補う"",""主色外のマナ供給が不足""]"
"0efe1357-bfbb-42c0-9cc9-6a919d686c66","Go Nuts!","186","8.489247311827956","60","0","0","0.03333333333333333","0","","not-applicable-14-card-packs","","","","","","","46.3","46.3","0","1.0571684585762","0","0","0.2245601173020528","0","{""base"":46.30000000000008,""mana"":0,""color"":1.0571684585762,""synergy"":0,""curve"":0,""creature"":0,""removal"":0.2245601173020528,""duplicate"":0,""fixing"":0}","{""カード情報からの推定単体評価"":186,""現在の主色に合う"":148,""条件付き除去"":149,""主色外のマナ供給が不足"":36}","[""カード情報からの推定単体評価"",""条件付き除去"",""現在の主色に合う"",""主色外のマナ供給が不足""]"
"0f2335bf-6a13-4483-997a-fd19d30c4d48","S.H.I.E.L.D. Helicarrier","96","11","29","0","0","0","0","","not-applicable-14-card-packs","","","","","","","43","43","0","0","0","0","0","0","{""base"":43,""mana"":0,""color"":0,""synergy"":0,""curve"":0,""creature"":0,""removal"":0,""duplicate"":0,""fixing"":0}","{""カード情報からの推定単体評価"":96}","[""カード情報からの推定単体評価""]"
"0fe6c042-1182-4392-8938-fee36149d74f","Baron Helmut Zemo","55","5.345454545454546","24","0","0","0.5","0","","not-applicable-14-card-packs","","","","","","","49.4","49.4","0","1.305348220646618","0","0.22049586776859503","0","-0.09090909090909091","{""base"":49.40000000000005,""mana"":-0.39999999999999974,""color"":1.305348220646618,""synergy"":0,""curve"":0.22049586776859503,""creature"":0.25487603305785117,""removal"":0,""duplicate"":-0.09090909090909091,""fixing"":0}","{""カード情報からの推定単体評価"":55,""現在の主色に合う"":37,""3マナのクリーチャーを補強"":20,""クリーチャー不足を補う"":14,""主色外のマナ供給が不足"":6}","[""カード情報からの推定単体評価"",""現在の主色に合う"",""3マナのクリーチャーを補強"",""クリーチャー不足を補う"",""主色外のマナ供給が不足""]"
"0ff9c0cc-4fb3-4117-9a8e-5b51f62306c4","The Ruinous Wrecking Crew","53","4.811320754716981","16","4","0.25","1","0","","not-applicable-14-card-packs","","","","","","","51.9","51.9","0","0.3016096826457299","0.5747311183274302","0.46457975986277883","0","-0.14150943396226415","{""base"":51.90000000000005,""mana"":-0.27495869573302484,""color"":0.3016096826457299,""synergy"":0.5747311183274302,""curve"":0.46457975986277883,""creature"":0.2356775300171527,""removal"":0,""duplicate"":-0.14150943396226415,""fixing"":0}","{""カード情報からの推定単体評価"":53,""現在の主色に合う"":28,""アーキタイプ・共通メカニズムと相性が良い"":24,""2マナのクリーチャーを補強"":19,""主色外のマナ供給が不足"":9,""クリーチャー不足を補う"":11}","[""カード情報からの推定単体評価"",""現在の主色に合う"",""アーキタイプ・共通メカニズムと相性が良い"",""2マナのクリーチャーを補強"",""クリーチャー不足を補う""]"
"10916f33-aaa6-43a1-9835-b60fd061161f","A.I.M. Synthoids","176","5.346590909090909","61","0","0","0.45901639344262296","0","","not-applicable-14-card-packs","","","","","","","49","49","0","0","0.0044175825122963995","0.6508780991735533","0","0","{""base"":49,""mana"":0,""color"":0,""synergy"":0.0044175825122963995,""curve"":0.6508780991735533,""creature"":0.2776859504132234,""removal"":0,""duplicate"":0,""fixing"":0}","{""カード情報からの推定単体評価"":176,""2マナのクリーチャーを補強"":93,""アーキタイプ・共通メカニズムと相性が良い"":1,""クリーチャー不足を補う"":53}","[""カード情報からの推定単体評価"",""2マナのクリーチャーを補強"",""クリーチャー不足を補う"",""アーキタイプ・共通メカニズムと相性が良い""]"
"1091c83a-a4b9-457f-a69a-9a44a7e10759","Echo, Perceptive Prodigy","98","7.020408163265306","42","0","0","0.23809523809523808","0","","not-applicable-14-card-packs","","","","","","","48.2","48.2","0","0.4035093187872346","0","0.1797309833024119","0","-0.05102040816326531","{""base"":48.19999999999991,""mana"":0,""color"":0.4035093187872346,""synergy"":0,""curve"":0.1797309833024119,""creature"":0.2009276437847866,""removal"":0,""duplicate"":-0.05102040816326531,""fixing"":0}","{""カード情報からの推定単体評価"":98,""主色外のマナ供給が不足"":32,""現在の主色に合う"":56,""クリーチャー不足を補う"":23,""3マナのクリーチャーを補強"":23}","[""カード情報からの推定単体評価"",""現在の主色に合う"",""主色外のマナ供給が不足"",""クリーチャー不足を補う"",""3マナのクリーチャーを補強""]"
"10db57b4-f895-4514-b610-2252ba676353","Bullseye, Death Dealer","112","5.241071428571429","27","15","0.5555555555555556","1","0","","not-applicable-14-card-packs","","","","","","","52.6","52.6","0","-1.7245138665878077","0.3934913598275995","0.12552759740259742","0.09368912337662338","-0.4017857142857143","{""base"":52.60000000000007,""mana"":-0.2920330578269212,""color"":-1.7245138665878077,""synergy"":0.3934913598275995,""curve"":0.12552759740259742,""creature"":0.20795454545454545,""removal"":0.09368912337662338,""duplicate"":-0.4017857142857143,""fixing"":0}","{""カード情報からの推定単体評価"":112,""現在の主色に合う"":44,""クリーチャー不足を補う"":24,""火力・マイナス修整"":45,""3マナのクリーチャーを補強"":21,""主色外のマナ供給が不足"":41,""アーキタイプ・共通メカニズムと相性が良い"":32}","[""カード情報からの推定単体評価"",""火力・マイナス修整"",""現在の主色に合う"",""主色外のマナ供給が不足"",""アーキタイプ・共通メカニズムと相性が良い""]"
"10fc2009-4212-47c6-8a97-ab0f45c1f91b","Avengers Hangar","201","9.17910447761194","74","0","0","0","0","","not-applicable-14-card-packs","","","","","","","45","45","0","0","0","0","0","0","{""base"":45,""mana"":0,""color"":0,""synergy"":0,""curve"":0,""creature"":0,""removal"":0,""duplicate"":0,""fixing"":1.5954616151845429}","{""カード情報からの推定単体評価"":201,""主色のマナ基盤を補強"":55}","[""カード情報からの推定単体評価"",""主色のマナ基盤を補強""]"
"11d74dc2-8c11-4d4b-b727-8216d2eb6b4e","The Super Hero Civil War","55","11.090909090909092","12","0","0","0","0","","not-applicable-14-card-packs","","","","","","","46.699999999999996","46.699999999999996","0","-5.545646725871187","0.1386267861615496","0","0.034586776859504134","0","{""base"":46.69999999999998,""mana"":-0.15399700471064773,""color"":-5.545646725871187,""synergy"":0.1386267861615496,""curve"":0,""creature"":0,""removal"":0.034586776859504134,""duplicate"":0,""fixing"":0}","{""カード情報からの推定単体評価"":55,""現在の主色に合う"":14,""条件付き除去"":14,""アーキタイプ・共通メカニズムと相性が良い"":8,""スプラッシュ用のマナ供給あり"":17,""主色外のマナ供給が不足"":24}","[""カード情報からの推定単体評価"",""主色外のマナ供給が不足"",""スプラッシュ用のマナ供給あり"",""現在の主色に合う"",""条件付き除去""]"
"12d51534-a98d-487b-9ba9-c10861dff992","S.H.I.E.L.D. Flying Car","48","10.770833333333334","21","0","0","0","0","","not-applicable-14-card-packs","","","","","","","43.4","43.4","0","0.7272007790008047","0","0","0","0","{""base"":43.400000000000034,""mana"":0,""color"":0.7272007790008047,""synergy"":0,""curve"":0,""creature"":0,""removal"":0,""duplicate"":0,""fixing"":0}","{""カード情報からの推定単体評価"":48,""主色外のマナ供給が不足"":14,""現在の主色に合う"":34}","[""カード情報からの推定単体評価"",""現在の主色に合う"",""主色外のマナ供給が不足""]"
"1337d89e-a883-4568-a14f-9ca3305cc3df","Hell's Kitchen","203","9.236453201970443","67","0","0","0.014925373134328358","0","","not-applicable-14-card-packs","","","","","","","45","45","0","0","0","0","0","0","{""base"":45,""mana"":0,""color"":0,""synergy"":0,""curve"":0,""creature"":0,""removal"":0,""duplicate"":0,""fixing"":1.3066465257044206}","{""カード情報からの推定単体評価"":203,""主色のマナ基盤を補強"":49}","[""カード情報からの推定単体評価"",""主色のマナ基盤を補強""]"
"150f920c-c942-4feb-824f-79dd9b531687","Repulsor Blast","158","8.316455696202532","58","0","0","0.08620689655172414","0","","not-applicable-14-card-packs","","","","","","","47.4","47.4","0","0.6040878343582897","0","0","0.1697209436133486","0","{""base"":47.39999999999987,""mana"":0,""color"":0.6040878343582897,""synergy"":0,""curve"":0,""creature"":0,""removal"":0.1697209436133486,""duplicate"":0,""fixing"":0}","{""カード情報からの推定単体評価"":158,""現在の主色に合う"":112,""火力・マイナス修整"":112,""スプラッシュ用のマナ供給あり"":14,""主色外のマナ供給が不足"":27}","[""カード情報からの推定単体評価"",""現在の主色に合う"",""火力・マイナス修整"",""主色外のマナ供給が不足"",""スプラッシュ用のマナ供給あり""]"
"170ee399-d3cd-40ef-a340-193c0f0f6002","Trickster's Stratagem","171","9.602339181286549","60","0","0","0.016666666666666666","0","","not-applicable-14-card-packs","","","","","","","45.5","45.5","0","0.786202670517593","0.23621593942896604","0","0","0","{""base"":45.5,""mana"":0,""color"":0.786202670517593,""synergy"":0.23621593942896604,""curve"":0,""creature"":0,""removal"":0,""duplicate"":0,""fixing"":0}","{""カード情報からの推定単体評価"":171,""現在の主色に合う"":132,""アーキタイプ・共通メカニズムと相性が良い"":43,""主色外のマナ供給が不足"":21,""スプラッシュ用のマナ供給あり"":17}","[""カード情報からの推定単体評価"",""現在の主色に合う"",""アーキタイプ・共通メカニズムと相性が良い"",""主色外のマナ供給が不足"",""スプラッシュ用のマナ供給あり""]"
"184dba74-63ed-4820-9174-68adf26bfabf","Justice, Vance Astrovik","94","5.23404255319149","26","0","0","0.6923076923076923","0","","not-applicable-14-card-packs","","","","","","","49.4","49.4","0","1.1383435077219202","0","0.3747098646034816","0","-0.05319148936170213","{""base"":49.40000000000001,""mana"":0,""color"":1.1383435077219202,""synergy"":0,""curve"":0.3747098646034816,""creature"":0.3156673114119922,""removal"":0,""duplicate"":-0.05319148936170213,""fixing"":0}","{""カード情報からの推定単体評価"":94,""現在の主色に合う"":62,""3マナのクリーチャーを補強"":36,""クリーチャー不足を補う"":30,""主色外のマナ供給が不足"":14}","[""カード情報からの推定単体評価"",""現在の主色に合う"",""3マナのクリーチャーを補強"",""クリーチャー不足を補う"",""主色外のマナ供給が不足""]"
"191ba5f0-45f4-4b7f-910d-4bd4d2d28b33","Beast, Erudite Aerialist","89","5.089887640449438","30","12","0.4","1","0","","not-applicable-14-card-packs","","","","","","","51.9","51.9","0","-1.0901694873512158","0","0.19519918283963225","0","-0.16853932584269662","{""base"":51.90000000000001,""mana"":-0.31687203339396197,""color"":-1.0901694873512158,""synergy"":0,""curve"":0.19519918283963225,""creature"":0.1250255362614913,""removal"":0,""duplicate"":-0.16853932584269662,""fixing"":0}","{""カード情報からの推定単体評価"":89,""主色外のマナ供給が不足"":25,""現在の主色に合う"":34,""クリーチャー不足を補う"":10,""4マナのクリーチャーを補強"":22}","[""カード情報からの推定単体評価"",""現在の主色に合う"",""主色外のマナ供給が不足"",""4マナのクリーチャーを補強"",""クリーチャー不足を補う""]"
"192e150a-96b0-42d6-9d39-03d0bed61f41","Super Villain Lockup","106","8.80188679245283","31","0","0","0.03225806451612903","0","","not-applicable-14-card-packs","","","","","","","46.3","46.3","0","1.7308087028821144","0","0","0.22287735849056603","0","{""base"":46.30000000000009,""mana"":0,""color"":1.7308087028821144,""synergy"":0,""curve"":0,""creature"":0,""removal"":0.22287735849056603,""duplicate"":0,""fixing"":0}","{""カード情報からの推定単体評価"":106,""主色外のマナ供給が不足"":17,""現在の主色に合う"":88,""条件付き除去"":89}","[""カード情報からの推定単体評価"",""条件付き除去"",""現在の主色に合う"",""主色外のマナ供給が不足""]"
"19ef0329-08de-4835-8079-2e791e19f3a6","Kid Loki","106","6.056603773584905","37","1","0.02702702702702703","0.4594594594594595","0","","not-applicable-14-card-packs","","","","","","","49","49","0","1.443229784460365","0","0","0","-0.1650943396226415","{""base"":49,""mana"":0,""color"":1.443229784460365,""synergy"":0,""curve"":0,""creature"":0.2583190394511149,""removal"":0,""duplicate"":-0.1650943396226415,""fixing"":0}","{""カード情報からの推定単体評価"":106,""主色外のマナ供給が不足"":13,""現在の主色に合う"":76,""クリーチャー不足を補う"":28}","[""カード情報からの推定単体評価"",""現在の主色に合う"",""クリーチャー不足を補う"",""主色外のマナ供給が不足""]"
"1abe8246-d2f9-407b-8c16-83da0a6b7de3","We Say Thee Nay!","195","9.405128205128205","61","0","0","0","0","","not-applicable-14-card-packs","","","","","","","45.42","45.42","0","0.909343253430619","0","0","0.324755244755245","0","{""base"":45.42000000000005,""mana"":0,""color"":0.909343253430619,""synergy"":0,""curve"":0,""creature"":0,""removal"":0.324755244755245,""duplicate"":0,""fixing"":0}","{""カード情報からの推定単体評価"":195,""主色外のマナ供給が不足"":43,""現在の主色に合う"":152,""バウンス・打ち消し"":152}","[""カード情報からの推定単体評価"",""現在の主色に合う"",""バウンス・打ち消し"",""主色外のマナ供給が不足""]"
"1ad83cac-2c85-477b-ab00-1369f9683db5","Armor Wars","50","11.84","13","0","0","0","0","","not-applicable-14-card-packs","","","","","","","45.9","45.9","0","-5.8965339859755215","0.0388787483702738","0","0","0","{""base"":45.900000000000034,""mana"":-0.19086094224181147,""color"":-5.8965339859755215,""synergy"":0.0388787483702738,""curve"":0,""creature"":0,""removal"":0,""duplicate"":0,""fixing"":0}","{""カード情報からの推定単体評価"":50,""主色外のマナ供給が不足"":28,""スプラッシュ用のマナ供給あり"":13,""現在の主色に合う"":9,""アーキタイプ・共通メカニズムと相性が良い"":2}","[""カード情報からの推定単体評価"",""主色外のマナ供給が不足"",""スプラッシュ用のマナ供給あり"",""現在の主色に合う"",""アーキタイプ・共通メカニズムと相性が良い""]"
"1c233e08-d5a3-48d7-9074-20393896a480","Klaw, Sonic Subjugator","118","6.601694915254237","45","0","0","0.1111111111111111","0","","not-applicable-14-card-packs","","","","","","","47.4","47.4","0","1.5330589197332787","0.29181249475286897","0.19287365177195687","0","-0.0847457627118644","{""base"":47.39999999999995,""mana"":0,""color"":1.5330589197332787,""synergy"":0.29181249475286897,""curve"":0.19287365177195687,""creature"":0.3161787365177197,""removal"":0,""duplicate"":-0.0847457627118644,""fixing"":0}","{""カード情報からの推定単体評価"":118,""現在の主色に合う"":102,""主色外のマナ供給が不足"":11,""アーキタイプ・共通メカニズムと相性が良い"":40,""3マナのクリーチャーを補強"":35,""クリーチャー不足を補う"":36}","[""カード情報からの推定単体評価"",""現在の主色に合う"",""アーキタイプ・共通メカニズムと相性が良い"",""クリーチャー不足を補う"",""3マナのクリーチャーを補強""]"
"1c3ba54a-a8ef-4838-b3aa-cb6df827a619","Killmonger, Scourge of Wakanda","104","3.7884615384615383","37","25","0.6756756756756757","1","0","","not-applicable-14-card-packs","","","","","","","54","54","0","-1.0637296658881548","0.0699556840310889","0.3011363636363638","0.08712849650349651","-0.21634615384615385","{""base"":54,""mana"":-0.35867155683221824,""color"":-1.0637296658881548,""synergy"":0.0699556840310889,""curve"":0.3011363636363638,""creature"":0.17045454545454544,""removal"":0.08712849650349651,""duplicate"":-0.21634615384615385,""fixing"":0}","{""カード情報からの推定単体評価"":104,""現在の主色に合う"":38,""確定除去"":39,""4マナのクリーチャーを補強"":24,""アーキタイプ・共通メカニズムと相性が良い"":8,""クリーチャー不足を補う"":15,""スプラッシュ用のマナ供給あり"":11,""主色外のマナ供給が不足"":18}","[""カード情報からの推定単体評価"",""確定除去"",""現在の主色に合う"",""4マナのクリーチャーを補強"",""主色外のマナ供給が不足""]"
"1df7a09f-fbc8-4c2a-a903-bab9e680eda7","Patriot, Shield Wielder","106","5.745283018867925","45","0","0","0.37777777777777777","0","","not-applicable-14-card-packs","","","","","","","49","49","0","1.0876567770746035","0","0.3795025728987993","0","-0.18867924528301888","{""base"":49,""mana"":0,""color"":1.0876567770746035,""synergy"":0,""curve"":0.3795025728987993,""creature"":0.21869639794168097,""removal"":0,""duplicate"":-0.18867924528301888,""fixing"":0}","{""カード情報からの推定単体評価"":106,""現在の主色に合う"":72,""2マナのクリーチャーを補強"":41,""主色外のマナ供給が不足"":17,""クリーチャー不足を補う"":23}","[""カード情報からの推定単体評価"",""現在の主色に合う"",""2マナのクリーチャーを補強"",""クリーチャー不足を補う"",""主色外のマナ供給が不足""]"
"1fd00656-83ba-4feb-b089-224007936b99","Mockingbird, Ace Agent","121","9.107438016528926","41","0","0","0.024390243902439025","0","","not-applicable-14-card-packs","","","","","","","45.8","45.8","0","1.3611203088549049","0","0.35101427498121696","0","-0.22727272727272727","{""base"":45.8000000000001,""mana"":0,""color"":1.3611203088549049,""synergy"":0,""curve"":0.35101427498121696,""creature"":0.1825694966190834,""removal"":0,""duplicate"":-0.22727272727272727,""fixing"":0}","{""カード情報からの推定単体評価"":121,""主色外のマナ供給が不足"":12,""現在の主色に合う"":102,""4マナのクリーチャーを補強"":37,""クリーチャー不足を補う"":23,""スプラッシュ用のマナ供給あり"":6}","[""カード情報からの推定単体評価"",""現在の主色に合う"",""4マナのクリーチャーを補強"",""クリーチャー不足を補う"",""主色外のマナ供給が不足""]"
"1fe549c3-79be-40ef-b57c-de59f24df5ab","The Sentry, Golden Guardian","43","1.930232558139535","6","6","1","1","0","","not-applicable-14-card-packs","","","","","","","53","53","0","1.584909099259273","0","0.5484143763213533","0","0","{""base"":53,""mana"":0,""color"":1.584909099259273,""synergy"":0,""curve"":0.5484143763213533,""creature"":0.5010570824524312,""removal"":0,""duplicate"":0,""fixing"":0}","{""カード情報からの推定単体評価"":43,""主色外のマナ供給が不足"":4,""現在の主色に合う"":32,""4マナのクリーチャーを補強"":18,""スプラッシュ用のマナ供給あり"":1,""クリーチャー不足を補う"":16}","[""カード情報からの推定単体評価"",""現在の主色に合う"",""4マナのクリーチャーを補強"",""クリーチャー不足を補う"",""主色外のマナ供給が不足""]"
"203b72d2-a273-49cc-bd10-2fbc07ed2fc8","Agents of S.H.I.E.L.D.","189","5.693121693121693","68","0","0","0.38235294117647056","0","","not-applicable-14-card-packs","","","","","","","49","49","0","1.273912271068043","0","0.1854737854737855","0","0","{""base"":49,""mana"":0,""color"":1.273912271068043,""synergy"":0,""curve"":0.1854737854737855,""creature"":0.2643578643578646,""removal"":0,""duplicate"":0,""fixing"":0}","{""カード情報からの推定単体評価"":189,""現在の主色に合う"":135,""3マナのクリーチャーを補強"":61,""クリーチャー不足を補う"":52,""主色外のマナ供給が不足"":27}","[""カード情報からの推定単体評価"",""現在の主色に合う"",""3マナのクリーチャーを補強"",""クリーチャー不足を補う"",""主色外のマナ供給が不足""]"
"2283729c-11db-471c-9f63-46092c97bd00","Hex Magic","98","11.224489795918368","28","0","0","0","0","","not-applicable-14-card-packs","","","","","","","43","43","0","-0.12168092286706979","0","0","0","0","{""base"":43,""mana"":0,""color"":-0.12168092286706979,""synergy"":0,""curve"":0,""creature"":0,""removal"":0,""duplicate"":0,""fixing"":0}","{""カード情報からの推定単体評価"":98,""主色外のマナ供給が不足"":28,""現在の主色に合う"":70}","[""カード情報からの推定単体評価"",""現在の主色に合う"",""主色外のマナ供給が不足""]"
"233e3b4b-faaf-451d-8a2e-e9f5a6ced671","Giant-Sized Flying Ant","208","6.163461538461538","68","0","0","0.38235294117647056","0","","not-applicable-14-card-packs","","","","","","","48.6","48.6","0","1.330666811534018","0","0.3117132867132867","0","0","{""base"":48.600000000000186,""mana"":0,""color"":1.330666811534018,""synergy"":0,""curve"":0.3117132867132867,""creature"":0.2811188811188814,""removal"":0,""duplicate"":0,""fixing"":0}","{""カード情報からの推定単体評価"":208,""現在の主色に合う"":146,""4マナのクリーチャーを補強"":71,""クリーチャー不足を補う"":59,""主色外のマナ供給が不足"":27,""スプラッシュ用のマナ供給あり"":9}","[""カード情報からの推定単体評価"",""現在の主色に合う"",""4マナのクリーチャーを補強"",""クリーチャー不足を補う"",""主色外のマナ供給が不足""]"
"240410a0-3288-4336-b1ad-34936e64ccf2","Vision Quest","52","12.326923076923077","20","0","0","0","0","","not-applicable-14-card-packs","","","","","","","43.4","43.4","0","-6.743141260648306","0","0","0","0","{""base"":43.40000000000004,""mana"":-0.19559621320635592,""color"":-6.743141260648306,""synergy"":0,""curve"":0,""creature"":0,""removal"":0,""duplicate"":0,""fixing"":0}","{""カード情報からの推定単体評価"":52,""主色外のマナ供給が不足"":45,""現在の主色に合う"":7}","[""カード情報からの推定単体評価"",""主色外のマナ供給が不足"",""現在の主色に合う""]"
"25443ea4-3177-4e29-a2b1-f3fee60b3205","Secret Invasion","50","11.08","20","0","0","0","0","","not-applicable-14-card-packs","","","","","","","43.4","43.4","0","-0.12101823385227953","0","0","0","0","{""base"":43.400000000000034,""mana"":0,""color"":-0.12101823385227953,""synergy"":0,""curve"":0,""creature"":0,""removal"":0,""duplicate"":0,""fixing"":0}","{""カード情報からの推定単体評価"":50,""主色外のマナ供給が不足"":18,""現在の主色に合う"":32}","[""カード情報からの推定単体評価"",""現在の主色に合う"",""主色外のマナ供給が不足""]"
"27692079-a517-4d38-b452-7409980b5912","HYDRA Infiltration","222","10.265765765765765","65","0","0","0","0","","not-applicable-14-card-packs","","","","","","","43","43","0","1.5037771534216395","0.44862397260648657","0","0","0","{""base"":43,""mana"":0,""color"":1.5037771534216395,""synergy"":0.44862397260648657,""curve"":0,""creature"":0,""removal"":0,""duplicate"":0,""fixing"":0}","{""カード情報からの推定単体評価"":222,""現在の主色に合う"":186,""アーキタイプ・共通メカニズムと相性が良い"":110,""スプラッシュ用のマナ供給あり"":12,""主色外のマナ供給が不足"":24}","[""カード情報からの推定単体評価"",""現在の主色に合う"",""アーキタイプ・共通メカニズムと相性が良い"",""主色外のマナ供給が不足"",""スプラッシュ用のマナ供給あり""]"
"2774fcb7-8988-4a18-b5ec-7534dd8b2e05","Hour of Defeat","197","5.055837563451776","67","3","0.04477611940298507","0.7611940298507462","0","","not-applicable-14-card-packs","","","","","","","49.6","49.6","0","1.75929394721647","0.0178741174862774","0","0.19904245500692208","0","{""base"":49.60000000000018,""mana"":0,""color"":1.75929394721647,""synergy"":0.0178741174862774,""curve"":0,""creature"":0,""removal"":0.19904245500692208,""duplicate"":0,""fixing"":0}","{""カード情報からの推定単体評価"":197,""確定除去"":167,""主色外のマナ供給が不足"":7,""現在の主色に合う"":138,""スプラッシュ用のマナ供給あり"":1,""アーキタイプ・共通メカニズムと相性が良い"":4}","[""カード情報からの推定単体評価"",""確定除去"",""現在の主色に合う"",""主色外のマナ供給が不足"",""アーキタイプ・共通メカニズムと相性が良い""]"
"282d6e61-3240-4f1e-9c2d-8ddb59b03af4","Wakandan Drone Flock","204","4.794117647058823","73","2","0.0273972602739726","0.6301369863013698","0","","not-applicable-14-card-packs","","","","","","","49.4","49.4","0","1.4924606702331582","0","0.43036987522281633","0","0","{""base"":49.399999999999814,""mana"":0,""color"":1.4924606702331582,""synergy"":0,""curve"":0.43036987522281633,""creature"":0.281016042780749,""removal"":0,""duplicate"":0,""fixing"":0}","{""カード情報からの推定単体評価"":204,""現在の主色に合う"":141,""4マナのクリーチャーを補強"":80,""クリーチャー不足を補う"":58,""主色外のマナ供給が不足"":15,""スプラッシュ用のマナ供給あり"":2}","[""カード情報からの推定単体評価"",""現在の主色に合う"",""4マナのクリーチャーを補強"",""クリーチャー不足を補う"",""主色外のマナ供給が不足""]"
"2842217a-173e-4879-8b25-fefe2fc1123f","Thor, God of Thunder","15","3.1333333333333333","5","3","0.6","1","0","","not-applicable-14-card-packs","","","","","","","51.6","51.6","0","1.872079560141497","0","0","0","0","{""base"":51.600000000000016,""mana"":0,""color"":1.872079560141497,""synergy"":0,""curve"":0,""creature"":0.10909090909090909,""removal"":0,""duplicate"":0,""fixing"":0}","{""カード情報からの推定単体評価"":15,""現在の主色に合う"":10,""クリーチャー不足を補う"":1}","[""カード情報からの推定単体評価"",""現在の主色に合う"",""クリーチャー不足を補う""]"
"2b3d76e7-faaa-4e6f-9e21-a88dd719247e","Powerful Broker","220","5.5590909090909095","77","0","0","0.5064935064935064","0","","not-applicable-14-card-packs","","","","","","","49","49","0","1.592721187655068","0","0.3086570247933884","0","0","{""base"":49,""mana"":0,""color"":1.592721187655068,""synergy"":0,""curve"":0.3086570247933884,""creature"":0.24768595041322342,""removal"":0,""duplicate"":0,""fixing"":0}","{""カード情報からの推定単体評価"":220,""現在の主色に合う"":163,""3マナのクリーチャーを補強"":81,""クリーチャー不足を補う"":56,""主色外のマナ供給が不足"":18}","[""カード情報からの推定単体評価"",""現在の主色に合う"",""3マナのクリーチャーを補強"",""クリーチャー不足を補う"",""主色外のマナ供給が不足""]"
"2b6fa8b6-4865-4eb6-974b-00f6b16b6f0f","U.S.Agent, John Walker","99","10.272727272727273","30","0","0","0","0","","not-applicable-14-card-packs","","","","","","","46.6","46.6","0","-2.0216959398132333","0.10149581920288671","0.20431588613406798","0","-0.22727272727272727","{""base"":46.59999999999999,""mana"":-0.23131392071597526,""color"":-2.0216959398132333,""synergy"":0.10149581920288671,""curve"":0.20431588613406798,""creature"":0.15537190082644628,""removal"":0,""duplicate"":-0.22727272727272727,""fixing"":0}","{""カード情報からの推定単体評価"":99,""現在の主色に合う"":53,""主色外のマナ供給が不足"":46,""4マナのクリーチャーを補強"":18,""クリーチャー不足を補う"":17,""アーキタイプ・共通メカニズムと相性が良い"":12}","[""カード情報からの推定単体評価"",""現在の主色に合う"",""主色外のマナ供給が不足"",""4マナのクリーチャーを補強"",""クリーチャー不足を補う""]"
"2b87bcac-ec64-4012-9e75-f459d3640eb3","Earth's Mightiest Heroes","23","10.043478260869565","9","0","0","0","0","","not-applicable-14-card-packs","","","","","","","43.6","43.6","0","0.9607191065671752","0","0","0","0","{""base"":43.600000000000016,""mana"":0,""color"":0.9607191065671752,""synergy"":0,""curve"":0,""creature"":0,""removal"":0,""duplicate"":0,""fixing"":0}","{""カード情報からの推定単体評価"":23,""現在の主色に合う"":17,""主色外のマナ供給が不足"":6}","[""カード情報からの推定単体評価"",""現在の主色に合う"",""主色外のマナ供給が不足""]"
"2e665a03-bece-43df-bd15-b4496e233f2e","Captain Marvel, Earth's Protector","15","3.3333333333333335","8","0","0","1","0","","not-applicable-14-card-packs","","","","","","","50.800000000000004","50.800000000000004","0","1.0229735888393099","0","0","0","0","{""base"":50.79999999999999,""mana"":0,""color"":1.0229735888393099,""synergy"":0,""curve"":0,""creature"":0.27636363636363637,""removal"":0,""duplicate"":0,""fixing"":0}","{""カード情報からの推定単体評価"":15,""現在の主色に合う"":7,""クリーチャー不足を補う"":4}","[""カード情報からの推定単体評価"",""現在の主色に合う"",""クリーチャー不足を補う""]"
"2f15abe7-54aa-40ed-a15d-5b827f1c3923","Swordsman, Sharp Scoundrel","95","2.3263157894736843","29","14","0.4827586206896552","1","0","","not-applicable-14-card-packs","","","","","","","51.5","51.5","0","1.8488187684536357","0.4102505596281409","0.782870813397129","0","-0.13157894736842105","{""base"":51.5,""mana"":0,""color"":1.8488187684536357,""synergy"":0.4102505596281409,""curve"":0.782870813397129,""creature"":0.4334928229665073,""removal"":0,""duplicate"":-0.13157894736842105,""fixing"":0}","{""カード情報からの推定単体評価"":95,""現在の主色に合う"":66,""2マナのクリーチャーを補強"":55,""アーキタイプ・共通メカニズムと相性が良い"":35,""クリーチャー不足を補う"":31}","[""カード情報からの推定単体評価"",""現在の主色に合う"",""2マナのクリーチャーを補強"",""アーキタイプ・共通メカニズムと相性が良い"",""クリーチャー不足を補う""]"
"2fb0f2d2-ed1f-4181-91f2-684a71c34998","Speed, Young Avenger","107","5.457943925233645","35","0","0","0.6285714285714286","0","","not-applicable-14-card-packs","","","","","","","49","49","0","0.9373574223647478","0","0.5938827527612573","0","-0.18691588785046728","{""base"":49,""mana"":0,""color"":0.9373574223647478,""synergy"":0,""curve"":0.5938827527612573,""creature"":0.2711979609175871,""removal"":0,""duplicate"":-0.18691588785046728,""fixing"":0}","{""カード情報からの推定単体評価"":107,""現在の主色に合う"":71,""2マナのクリーチャーを補強"":51,""クリーチャー不足を補う"":26,""主色外のマナ供給が不足"":14}","[""カード情報からの推定単体評価"",""現在の主色に合う"",""2マナのクリーチャーを補強"",""クリーチャー不足を補う"",""主色外のマナ供給が不足""]"
"31816924-1430-4581-86e8-325e2ca16217","Agents of HYDRA","192","4.494791666666667","62","0","0","0.6774193548387096","0","","not-applicable-14-card-packs","","","","","","","49.4","49.4","0","1.5009686725303097","0","0.6918087121212118","0","0","{""base"":49.39999999999983,""mana"":0,""color"":1.5009686725303097,""synergy"":0,""curve"":0.6918087121212118,""creature"":0.2701704545454548,""removal"":0,""duplicate"":0,""fixing"":0}","{""カード情報からの推定単体評価"":192,""現在の主色に合う"":137,""2マナのクリーチャーを補強"":108,""クリーチャー不足を補う"":46,""主色外のマナ供給が不足"":13}","[""カード情報からの推定単体評価"",""現在の主色に合う"",""2マナのクリーチャーを補強"",""クリーチャー不足を補う"",""主色外のマナ供給が不足""]"
"31cae00a-3a74-4a59-80b0-a656f524e878","Heroic Feast","54","10.314814814814815","13","0","0","0","0","","not-applicable-14-card-packs","","","","","","","43.4","43.4","0","0.3207640465341902","0.17056087131081768","0","0","0","{""base"":43.40000000000004,""mana"":0,""color"":0.3207640465341902,""synergy"":0.17056087131081768,""curve"":0,""creature"":0,""removal"":0,""duplicate"":0,""fixing"":0}","{""カード情報からの推定単体評価"":54,""主色外のマナ供給が不足"":16,""現在の主色に合う"":38,""アーキタイプ・共通メカニズムと相性が良い"":10}","[""カード情報からの推定単体評価"",""現在の主色に合う"",""主色外のマナ供給が不足"",""アーキタイプ・共通メカニズムと相性が良い""]"
"32aee76a-e738-4898-985a-801d1cce15ea","The Vision","42","1.5238095238095237","19","10","0.5263157894736842","1","0","","not-applicable-14-card-packs","","","","","","","53.1","53.1","0","0","0","0.45194805194805193","0","0","{""base"":53.099999999999966,""mana"":0,""color"":0,""synergy"":0,""curve"":0.45194805194805193,""creature"":0.22857142857142848,""removal"":0,""duplicate"":0,""fixing"":0}","{""カード情報からの推定単体評価"":42,""4マナのクリーチャーを補強"":10,""クリーチャー不足を補う"":5}","[""カード情報からの推定単体評価"",""4マナのクリーチャーを補強"",""クリーチャー不足を補う""]"
"33b1379f-b329-42cd-92ed-4811d44ed8dd","Undercover Skrull","191","7.356020942408377","80","0","0","0.1","0","","not-applicable-14-card-packs","","","","","","","47.4","47.4","0","1.0493756586977836","0","0.5025226082817702","0","0","{""base"":47.399999999999835,""mana"":0,""color"":1.0493756586977836,""synergy"":0,""curve"":0.5025226082817702,""creature"":0.15678248453117563,""removal"":0,""duplicate"":0,""fixing"":0}","{""カード情報からの推定単体評価"":191,""現在の主色に合う"":149,""2マナのクリーチャーを補強"":73,""クリーチャー不足を補う"":32,""主色外のマナ供給が不足"":33}","[""カード情報からの推定単体評価"",""現在の主色に合う"",""2マナのクリーチャーを補強"",""主色外のマナ供給が不足"",""クリーチャー不足を補う""]"
"33f89437-885b-4850-88b7-239f5dfcc8b1","Depower","199","4.71356783919598","64","3","0.046875","0.875","0","","not-applicable-14-card-packs","","","","","","","49.9","49.9","0","1.4115819408708814","0","0","0.3243947007766104","0","{""base"":49.89999999999982,""mana"":0,""color"":1.4115819408708814,""synergy"":0,""curve"":0,""creature"":0,""removal"":0.3243947007766104,""duplicate"":0,""fixing"":0}","{""カード情報からの推定単体評価"":199,""主色外のマナ供給が不足"":14,""火力・マイナス修整"":152,""現在の主色に合う"":129}","[""カード情報からの推定単体評価"",""火力・マイナス修整"",""現在の主色に合う"",""主色外のマナ供給が不足""]"
"342df67f-44d8-4b0a-b1d7-4241966d0598","Kingpin's Enforcers","194","1.9536082474226804","55","36","0.6545454545454545","1","0","","not-applicable-14-card-packs","","","","","","","52.7","52.7","0","1.5252396893892137","0.10023888263854086","0.37181349578256784","0","0","{""base"":52.700000000000045,""mana"":0,""color"":1.5252396893892137,""synergy"":0.10023888263854086,""curve"":0.37181349578256784,""creature"":0.4414245548266171,""removal"":0,""duplicate"":0,""fixing"":0}","{""カード情報からの推定単体評価"":194,""現在の主色に合う"":131,""クリーチャー不足を補う"":64,""3マナのクリーチャーを補強"":55,""主色外のマナ供給が不足"":8,""アーキタイプ・共通メカニズムと相性が良い"":23}","[""カード情報からの推定単体評価"",""現在の主色に合う"",""クリーチャー不足を補う"",""3マナのクリーチャーを補強"",""アーキタイプ・共通メカニズムと相性が良い""]"
"34493cf5-7586-48ef-806d-57273b2ab034","Avengers Disassembled","53","10.716981132075471","16","0","0","0","0","","not-applicable-14-card-packs","","","","","","","43.4","43.4","0","-0.11988954650813369","0","0","0","0","{""base"":43.40000000000004,""mana"":0,""color"":-0.11988954650813369,""synergy"":0,""curve"":0,""creature"":0,""removal"":0,""duplicate"":0,""fixing"":0}","{""カード情報からの推定単体評価"":53,""現在の主色に合う"":36,""主色外のマナ供給が不足"":17}","[""カード情報からの推定単体評価"",""現在の主色に合う"",""主色外のマナ供給が不足""]"
"3477e1cc-46af-46f4-9ea2-bdf0bf1f880e","Avengers Assemble!","17","9.823529411764707","4","0","0","0","0","","not-applicable-14-card-packs","","","","","","","46.1","46.1","0","2.6950864393703666","0","0","0","0","{""base"":46.100000000000016,""mana"":0,""color"":2.6950864393703666,""synergy"":0,""curve"":0,""creature"":0,""removal"":0,""duplicate"":0,""fixing"":0}","{""カード情報からの推定単体評価"":17,""現在の主色に合う"":16,""主色外のマナ供給が不足"":1}","[""カード情報からの推定単体評価"",""現在の主色に合う"",""主色外のマナ供給が不足""]"
"34994475-b914-44f6-8ca1-c2747b6d5956","Mole Man, Moloid Master","45","9.022222222222222","15","0","0","0","0","","not-applicable-14-card-packs","","","","","","","46.199999999999996","46.199999999999996","0","0.6692227049377931","0","0.23171717171717177","0","-0.1111111111111111","{""base"":46.20000000000003,""mana"":0,""color"":0.6692227049377931,""synergy"":0,""curve"":0.23171717171717177,""creature"":0.19272727272727275,""removal"":0,""duplicate"":-0.1111111111111111,""fixing"":0}","{""カード情報からの推定単体評価"":45,""現在の主色に合う"":33,""3マナのクリーチャーを補強"":11,""主色外のマナ供給が不足"":12,""クリーチャー不足を補う"":11}","[""カード情報からの推定単体評価"",""現在の主色に合う"",""主色外のマナ供給が不足"",""3マナのクリーチャーを補強"",""クリーチャー不足を補う""]"
"34c0f75d-10a9-428d-b202-3defb3949090","Ant-Man's Army","189","6.661375661375661","55","1","0.01818181818181818","0.18181818181818182","0","","not-applicable-14-card-packs","","","","","","","48.2","48.2","0","1.194337241692336","0.18210033445847573","0.1931216931216931","0","0","{""base"":48.19999999999996,""mana"":0,""color"":1.194337241692336,""synergy"":0.18210033445847573,""curve"":0.1931216931216931,""creature"":0.24271284271284294,""removal"":0,""duplicate"":0,""fixing"":0}","{""カード情報からの推定単体評価"":189,""現在の主色に合う"":143,""クリーチャー不足を補う"":48,""主色外のマナ供給が不足"":36,""アーキタイプ・共通メカニズムと相性が良い"":37,""3マナのクリーチャーを補強"":56}","[""カード情報からの推定単体評価"",""現在の主色に合う"",""3マナのクリーチャーを補強"",""クリーチャー不足を補う"",""アーキタイプ・共通メカニズムと相性が良い""]"
"3508fd7d-ca02-47f9-8b0a-525f7bde4f57","Hulk, Gamma Goliath","114","5.771929824561403","40","13","0.325","1","0","","not-applicable-14-card-packs","","","","","","","51.8","51.8","0","-1.736559553728825","0","0","0","-0.32894736842105265","{""base"":51.800000000000104,""mana"":-0.31463767470975146,""color"":-1.736559553728825,""synergy"":0,""curve"":0,""creature"":0.11148325358851673,""removal"":0,""duplicate"":-0.32894736842105265,""fixing"":0}","{""カード情報からの推定単体評価"":114,""現在の主色に合う"":38,""クリーチャー不足を補う"":13,""主色外のマナ供給が不足"":21,""スプラッシュ用のマナ供給あり"":15}","[""カード情報からの推定単体評価"",""現在の主色に合う"",""主色外のマナ供給が不足"",""スプラッシュ用のマナ供給あり"",""クリーチャー不足を補う""]"
"36330947-5ef9-4bff-b541-bfbddd9715a3","Murdock's Crusade","195","8.558974358974359","78","0","0","0.01282051282051282","0","","not-applicable-14-card-packs","","","","","","","46.3","46.3","0","1.2627746750140205","0","0","0.16269230769230766","0","{""base"":46.30000000000005,""mana"":0,""color"":1.2627746750140205,""synergy"":0,""curve"":0,""creature"":0,""removal"":0.16269230769230766,""duplicate"":0,""fixing"":0}","{""カード情報からの推定単体評価"":195,""主色外のマナ供給が不足"":38,""現在の主色に合う"":156,""条件付き除去"":156}","[""カード情報からの推定単体評価"",""現在の主色に合う"",""条件付き除去"",""主色外のマナ供給が不足""]"
"3688ad0d-653b-4d5d-a57e-444db679d83e","The Serpent Society","46","5.434782608695652","12","6","0.5","1","0","","not-applicable-14-card-packs","","","","","","","52.199999999999996","52.199999999999996","0","-2.178025374795255","0.16867161120116103","-0.04407114624505929","0","-0.05434782608695652","{""base"":52.2,""mana"":-0.2522855600741223,""color"":-2.178025374795255,""synergy"":0.16867161120116103,""curve"":-0.04407114624505929,""creature"":0.19328063241106716,""removal"":0,""duplicate"":-0.05434782608695652,""fixing"":0}","{""カード情報からの推定単体評価"":46,""主色外のマナ供給が不足"":18,""現在の主色に合う"":16,""3マナのクリーチャーを補強"":6,""クリーチャー不足を補う"":8,""アーキタイプ・共通メカニズムと相性が良い"":8}","[""カード情報からの推定単体評価"",""主色外のマナ供給が不足"",""現在の主色に合う"",""クリーチャー不足を補う"",""アーキタイプ・共通メカニズムと相性が良い""]"
"369aa9a6-af8a-432c-adff-ced2bb203dc7","Construct a Cosmic Cube","38","10.210526315789474","6","0","0","0","0","","not-applicable-14-card-packs","","","","","","","43.4","43.4","0","2.168296900089176","0.24150667011862603","0","0","0","{""base"":43.40000000000003,""mana"":0,""color"":2.168296900089176,""synergy"":0.24150667011862603,""curve"":0,""creature"":0,""removal"":0,""duplicate"":0,""fixing"":0}","{""カード情報からの推定単体評価"":38,""現在の主色に合う"":35,""アーキタイプ・共通メカニズムと相性が良い"":11,""主色外のマナ供給が不足"":3}","[""カード情報からの推定単体評価"",""現在の主色に合う"",""アーキタイプ・共通メカニズムと相性が良い"",""主色外のマナ供給が不足""]"
"36b58705-c5a5-4547-8d8b-a7c35e1f69ae","Gathering Place","39","9.41025641025641","10","0","0","0","0","","not-applicable-14-card-packs","","","","","","","45.4","45.4","0","0","0","0","0","0","{""base"":45.40000000000003,""mana"":0,""color"":0,""synergy"":0,""curve"":0,""creature"":0,""removal"":0,""duplicate"":0,""fixing"":2.6389084655098785}","{""カード情報からの推定単体評価"":39,""主色のマナ基盤を補強"":17}","[""カード情報からの推定単体評価"",""主色のマナ基盤を補強""]"
"39145960-a212-46b4-addb-4b187f6bf6fd","Knight of Wundagore","186","3.586021505376344","42","7","0.16666666666666666","0.9285714285714286","0","","not-applicable-14-card-packs","","","","","","","50.2","50.2","0","1.8275594507370534","0","0.6826979472140757","0","0","{""base"":50.199999999999974,""mana"":0,""color"":1.8275594507370534,""synergy"":0,""curve"":0.6826979472140757,""creature"":0.2736070381231674,""removal"":0,""duplicate"":0,""fixing"":0}","{""カード情報からの推定単体評価"":186,""現在の主色に合う"":138,""2マナのクリーチャーを補強"":106,""クリーチャー不足を補う"":41,""主色外のマナ供給が不足"":8}","[""カード情報からの推定単体評価"",""現在の主色に合う"",""2マナのクリーチャーを補強"",""クリーチャー不足を補う"",""主色外のマナ供給が不足""]"
"393ff8c5-4da0-4290-b498-222cc0244026","H.E.R.B.I.E. Scout Unit","213","5.234741784037559","69","2","0.028985507246376812","0.6956521739130435","0","","not-applicable-14-card-packs","","","","","","","49.5","49.5","0","0","0","0.44767392232180947","0","0","{""base"":49.5,""mana"":0,""color"":0,""synergy"":0,""curve"":0.44767392232180947,""creature"":0.33213828425096065,""removal"":0,""duplicate"":0,""fixing"":0}","{""カード情報からの推定単体評価"":213,""4マナのクリーチャーを補強"":90,""クリーチャー不足を補う"":72}","[""カード情報からの推定単体評価"",""4マナのクリーチャーを補強"",""クリーチャー不足を補う""]"
"3966c94b-e597-4b3f-a4f5-001d52fff9fe","Quake, Agent of S.H.I.E.L.D.","106","3.443396226415094","30","0","0","0.9666666666666667","0","","not-applicable-14-card-packs","","","","","","","50.1","50.1","0","1.4074630698228154","0","0.2176672384219556","0.2215265866209262","-0.14150943396226415","{""base"":50.10000000000004,""mana"":0,""color"":1.4074630698228154,""synergy"":0,""curve"":0.2176672384219556,""creature"":0.2855917667238422,""removal"":0.2215265866209262,""duplicate"":-0.14150943396226415,""fixing"":0}","{""カード情報からの推定単体評価"":106,""現在の主色に合う"":71,""クリーチャー不足を補う"":22,""タップ"":75,""3マナのクリーチャーを補強"":30,""主色外のマナ供給が不足"":6}","[""カード情報からの推定単体評価"",""タップ"",""現在の主色に合う"",""3マナのクリーチャーを補強"",""クリーチャー不足を補う""]"
"39d993be-30ad-4756-a494-fd8808d474c9","Tigra, Feline Fury","103","3.7475728155339807","39","1","0.02564102564102564","1","0","","not-applicable-14-card-packs","","","","","","","50.2","50.2","0","1.093148579916195","0","0.5732568402471314","0","-0.07281553398058252","{""base"":50.1999999999999,""mana"":0,""color"":1.093148579916195,""synergy"":0,""curve"":0.5732568402471314,""creature"":0.26849073256840245,""removal"":0,""duplicate"":-0.07281553398058252,""fixing"":0}","{""カード情報からの推定単体評価"":103,""現在の主色に合う"":59,""2マナのクリーチャーを補強"":45,""クリーチャー不足を補う"":23,""主色外のマナ供給が不足"":5}","[""カード情報からの推定単体評価"",""現在の主色に合う"",""2マナのクリーチャーを補強"",""クリーチャー不足を補う"",""主色外のマナ供給が不足""]"
"39f2a632-30d2-4b35-9e7f-fef27713a4f7","Widow's Bite","179","6.4636871508379885","66","0","0","0.22727272727272727","0","","not-applicable-14-card-packs","","","","","","","48.4","48.4","0","1.3292875589724116","0","0","0.1803199593702386","-0.0335195530726257","{""base"":48.39999999999984,""mana"":0,""color"":1.3292875589724116,""synergy"":0,""curve"":0,""creature"":0,""removal"":0.1803199593702386,""duplicate"":-0.0335195530726257,""fixing"":0}","{""カード情報からの推定単体評価"":179,""主色外のマナ供給が不足"":31,""現在の主色に合う"":133,""火力・マイナス修整"":138}","[""カード情報からの推定単体評価"",""火力・マイナス修整"",""現在の主色に合う"",""主色外のマナ供給が不足""]"
"3b46800b-711b-4cbb-b296-26115b4f6839","Visions of Villainy","187","9.02139037433155","65","0","0","0.015384615384615385","0","","not-applicable-14-card-packs","","","","","","","45.5","45.5","0","1.2727189051322787","0","0","0","0","{""base"":45.5,""mana"":0,""color"":1.2727189051322787,""synergy"":0,""curve"":0,""creature"":0,""removal"":0,""duplicate"":0,""fixing"":0}","{""カード情報からの推定単体評価"":187,""現在の主色に合う"":158,""主色外のマナ供給が不足"":28}","[""カード情報からの推定単体評価"",""現在の主色に合う"",""主色外のマナ供給が不足""]"
"3c2b9bb2-8201-47e8-84d5-f3518cac03cb","Kree Sentinel","185","5.940540540540541","75","0","0","0.4","0","","not-applicable-14-card-packs","","","","","","","49","49","0","1.5187040676134944","0.26866023882934925","0","0","0","{""base"":49,""mana"":0,""color"":1.5187040676134944,""synergy"":0.26866023882934925,""curve"":0,""creature"":0.212874692874693,""removal"":0,""duplicate"":0,""fixing"":0}","{""カード情報からの推定単体評価"":185,""主色外のマナ供給が不足"":33,""現在の主色に合う"":120,""アーキタイプ・共通メカニズムと相性が良い"":49,""クリーチャー不足を補う"":41,""スプラッシュ用のマナ供給あり"":1}","[""カード情報からの推定単体評価"",""現在の主色に合う"",""アーキタイプ・共通メカニズムと相性が良い"",""クリーチャー不足を補う"",""主色外のマナ供給が不足""]"
"3cd15225-e9b6-4998-b545-76536c72e948","Claim the Kingdom","110","11.4","40","0","0","0","0","","not-applicable-14-card-packs","","","","","","","43","43","0","-0.033017300063841605","0.2039016602846834","0","0","0","{""base"":43,""mana"":0,""color"":-0.033017300063841605,""synergy"":0.2039016602846834,""curve"":0,""creature"":0,""removal"":0,""duplicate"":0,""fixing"":0}","{""カード情報からの推定単体評価"":110,""現在の主色に合う"":75,""主色外のマナ供給が不足"":35,""アーキタイプ・共通メカニズムと相性が良い"":24}","[""カード情報からの推定単体評価"",""現在の主色に合う"",""主色外のマナ供給が不足"",""アーキタイプ・共通メカニズムと相性が良い""]"
"3e715032-0d21-441b-b2d4-c91084728718","Iron Lad, Diverging Destiny","91","2.4615384615384617","34","20","0.5882352941176471","1","0","","not-applicable-14-card-packs","","","","","","","51.9","51.9","0","1.0843661223129712","0","0.3802197802197803","0","-0.08241758241758242","{""base"":51.900000000000006,""mana"":0,""color"":1.0843661223129712,""synergy"":0,""curve"":0.3802197802197803,""creature"":0.26853146853146853,""removal"":0,""duplicate"":-0.08241758241758242,""fixing"":0}","{""カード情報からの推定単体評価"":91,""現在の主色に合う"":49,""3マナのクリーチャーを補強"":26,""クリーチャー不足を補う"":17,""主色外のマナ供給が不足"":8}","[""カード情報からの推定単体評価"",""現在の主色に合う"",""3マナのクリーチャーを補強"",""クリーチャー不足を補う"",""主色外のマナ供給が不足""]"
"3eeeb159-aa45-4a9b-9618-8542604b9830","The Kingpin of Crime","54","7.777777777777778","20","0","0","0.25","0","","not-applicable-14-card-packs","","","","","","","49.4","49.4","0","-1.7669849648782008","0","-0.09999999999999999","0","-0.09259259259259259","{""base"":49.40000000000005,""mana"":-0.2512148820379574,""color"":-1.7669849648782008,""synergy"":0,""curve"":-0.09999999999999999,""creature"":0.1898989898989899,""removal"":0,""duplicate"":-0.09259259259259259,""fixing"":0}","{""カード情報からの推定単体評価"":54,""主色外のマナ供給が不足"":27,""現在の主色に合う"":22,""3マナのクリーチャーを補強"":8,""クリーチャー不足を補う"":12}","[""カード情報からの推定単体評価"",""主色外のマナ供給が不足"",""現在の主色に合う"",""クリーチャー不足を補う"",""3マナのクリーチャーを補強""]"
"40760bfa-a423-487c-ba29-043b2d00c736","Dark Fortress","51","8.843137254901961","13","0","0","0","0","","not-applicable-14-card-packs","","","","","","","45.4","45.4","0","0","0","0","0","0","{""base"":45.400000000000034,""mana"":0,""color"":0,""synergy"":0,""curve"":0,""creature"":0,""removal"":0,""duplicate"":0,""fixing"":2.0435298095019623}","{""カード情報からの推定単体評価"":51,""主色のマナ基盤を補強"":17}","[""カード情報からの推定単体評価"",""主色のマナ基盤を補強""]"
"454c4e8b-e417-4381-a931-6a11356ef64e","Punishing Punch","98","11.061224489795919","26","0","0","0","0","","not-applicable-14-card-packs","","","","","","","43","43","0","0.3365113238765291","0","0","0","0","{""base"":43,""mana"":0,""color"":0.3365113238765291,""synergy"":0,""curve"":0,""creature"":0,""removal"":0,""duplicate"":0,""fixing"":0}","{""カード情報からの推定単体評価"":98,""主色外のマナ供給が不足"":27,""現在の主色に合う"":71}","[""カード情報からの推定単体評価"",""現在の主色に合う"",""主色外のマナ供給が不足""]"
"45ddfa35-7b3c-4916-b231-dc721b7b56d9","Bold Biochemist","187","2.4759358288770055","59","19","0.3220338983050847","1","0","","not-applicable-14-card-packs","","","","","","","51.5","51.5","0","1.5558357790189645","0","0.6681088964511422","0","0","{""base"":51.5,""mana"":0,""color"":1.5558357790189645,""synergy"":0,""curve"":0.6681088964511422,""creature"":0.3981526494895482,""removal"":0,""duplicate"":0,""fixing"":0}","{""カード情報からの推定単体評価"":187,""現在の主色に合う"":125,""2マナのクリーチャーを補強"":96,""クリーチャー不足を補う"":54,""主色外のマナ供給が不足"":3}","[""カード情報からの推定単体評価"",""現在の主色に合う"",""2マナのクリーチャーを補強"",""クリーチャー不足を補う"",""主色外のマナ供給が不足""]"
"4644013f-c96a-450e-a7bc-ddfa7a563050","Super-Skrull","41","1.3658536585365855","21","21","1","1","0","","not-applicable-14-card-packs","","","","","","","56.599999999999994","56.599999999999994","0","0.7732054770980399","0","0.20886917960088688","0.10027716186252772","0","{""base"":56.599999999999966,""mana"":-0.40000000000000013,""color"":0.7732054770980399,""synergy"":0,""curve"":0.20886917960088688,""creature"":0.23015521064301556,""removal"":0.10027716186252772,""duplicate"":0,""fixing"":0}","{""カード情報からの推定単体評価"":41,""主色外のマナ供給が不足"":4,""現在の主色に合う"":16,""4マナのクリーチャーを補強"":6,""クリーチャー不足を補う"":7,""火力・マイナス修整"":16}","[""カード情報からの推定単体評価"",""現在の主色に合う"",""火力・マイナス修整"",""クリーチャー不足を補う"",""4マナのクリーチャーを補強""]"
"49a32f34-01a9-4f25-bf38-b4d46ca67b2d","Call Damage Control","206","9.422330097087379","67","0","0","0","0","","not-applicable-14-card-packs","","","","","","","45.5","45.5","0","0.9298154497082202","0","0","0","0","{""base"":45.5,""mana"":0,""color"":0.9298154497082202,""synergy"":0,""curve"":0,""creature"":0,""removal"":0,""duplicate"":0,""fixing"":0}","{""カード情報からの推定単体評価"":206,""現在の主色に合う"":168,""主色外のマナ供給が不足"":38}","[""カード情報からの推定単体評価"",""現在の主色に合う"",""主色外のマナ供給が不足""]"
"4a46ea59-6c5d-4bed-9951-b5590f9a1bdb","Tony Stark // The Invincible Iron Man","16","2.5","8","1","0.125","1","0","","not-applicable-14-card-packs","","","","","","","51.6","51.6","0","1.2677422211226756","0","0.4755681818181818","0","0","{""base"":51.600000000000016,""mana"":0,""color"":1.2677422211226756,""synergy"":0,""curve"":0.4755681818181818,""creature"":0.34090909090909094,""removal"":0,""duplicate"":0,""fixing"":0}","{""カード情報からの推定単体評価"":16,""現在の主色に合う"":8,""2マナのクリーチャーを補強"":6,""クリーチャー不足を補う"":4}","[""カード情報からの推定単体評価"",""現在の主色に合う"",""2マナのクリーチャーを補強"",""クリーチャー不足を補う""]"
"4a7c7ecc-df72-4da0-af35-dd0af58ec02c","Mister Hyde, Monster Within","97","4.556701030927835","37","0","0","0.8648648648648649","0","","not-applicable-14-card-packs","","","","","","","49.9","49.9","0","1.1946994799304704","0","0.30042174320524845","0","-0.15463917525773196","{""base"":49.9,""mana"":0,""color"":1.1946994799304704,""synergy"":0,""curve"":0.30042174320524845,""creature"":0.16251171508903464,""removal"":0,""duplicate"":-0.15463917525773196,""fixing"":0}","{""カード情報からの推定単体評価"":97,""現在の主色に合う"":57,""3マナのクリーチャーを補強"":33,""クリーチャー不足を補う"":13,""主色外のマナ供給が不足"":8}","[""カード情報からの推定単体評価"",""現在の主色に合う"",""3マナのクリーチャーを補強"",""クリーチャー不足を補う"",""主色外のマナ供給が不足""]"
"4ae15bd1-e0ea-4c1a-a311-dae421381ebc","Wakandan Royal Guard","194","7.855670103092783","67","0","0","0.05970149253731343","0","","not-applicable-14-card-packs","","","","","","","47.4","47.4","0","0.9502837049570474","0","0","0","0","{""base"":47.399999999999835,""mana"":0,""color"":0.9502837049570474,""synergy"":0,""curve"":0,""creature"":0.16391752577319588,""removal"":0,""duplicate"":0,""fixing"":0}","{""カード情報からの推定単体評価"":194,""現在の主色に合う"":149,""クリーチャー不足を補う"":35,""主色外のマナ供給が不足"":29,""スプラッシュ用のマナ供給あり"":12}","[""カード情報からの推定単体評価"",""現在の主色に合う"",""クリーチャー不足を補う"",""主色外のマナ供給が不足"",""スプラッシュ用のマナ供給あり""]"
"4b17048f-8c7f-4e29-8f56-16db4c2106e6","Los Diablos Missile Base","201","9.36318407960199","62","0","0","0","0","","not-applicable-14-card-packs","","","","","","","45","45","0","0","0","0","0","0","{""base"":45,""mana"":0,""color"":0,""synergy"":0,""curve"":0,""creature"":0,""removal"":0,""duplicate"":0,""fixing"":1.3691989770982766}","{""カード情報からの推定単体評価"":201,""主色のマナ基盤を補強"":46}","[""カード情報からの推定単体評価"",""主色のマナ基盤を補強""]"
"4bccfa67-0c6f-42a1-b8d4-0842a8230d1e","Rick Jones, Destined Sidekick","103","4.631067961165049","45","3","0.06666666666666667","0.8444444444444444","0","","not-applicable-14-card-packs","","","","","","","49.8","49.8","0","1.2052451042379035","0","0","0","-0.0970873786407767","{""base"":49.8000000000001,""mana"":0,""color"":1.2052451042379035,""synergy"":0,""curve"":0,""creature"":0.17316857899382168,""removal"":0,""duplicate"":-0.0970873786407767,""fixing"":0}","{""カード情報からの推定単体評価"":103,""現在の主色に合う"":58,""主色外のマナ供給が不足"":7,""クリーチャー不足を補う"":18}","[""カード情報からの推定単体評価"",""現在の主色に合う"",""クリーチャー不足を補う"",""主色外のマナ供給が不足""]"
"4bdfc580-de51-445b-b170-8c6832e44704","Epic Fight","43","7.906976744186046","14","0","0","0","0","","not-applicable-14-card-packs","","","","","","","46.699999999999996","46.699999999999996","0","1.5470630192526402","0","0","0.25211416490486255","0","{""base"":46.70000000000003,""mana"":0,""color"":1.5470630192526402,""synergy"":0,""curve"":0,""creature"":0,""removal"":0.25211416490486255,""duplicate"":0,""fixing"":0}","{""カード情報からの推定単体評価"":43,""現在の主色に合う"":36,""条件付き除去"":36,""主色外のマナ供給が不足"":7}","[""カード情報からの推定単体評価"",""現在の主色に合う"",""条件付き除去"",""主色外のマナ供給が不足""]"
"4c27ba61-6812-4dd7-8efc-65435a8df7b5","Hellcat, Undying Vigilante","102","5.892156862745098","34","0","0","0.47058823529411764","0","","not-applicable-14-card-packs","","","","","","","49","49","0","1.0045767186503205","0","0.5508021390374331","0","-0.14705882352941177","{""base"":49,""mana"":0,""color"":1.0045767186503205,""synergy"":0,""curve"":0.5508021390374331,""creature"":0.21978609625668447,""removal"":0,""duplicate"":-0.14705882352941177,""fixing"":0}","{""カード情報からの推定単体評価"":102,""現在の主色に合う"":72,""クリーチャー不足を補う"":21,""主色外のマナ供給が不足"":14,""2マナのクリーチャーを補強"":47}","[""カード情報からの推定単体評価"",""現在の主色に合う"",""2マナのクリーチャーを補強"",""クリーチャー不足を補う"",""主色外のマナ供給が不足""]"
"4e60c38c-cbf5-4ff7-8fff-634f7e3086cc","Red Room Recruit","169","2.6153846153846154","48","10","0.20833333333333334","0.9583333333333334","0","","not-applicable-14-card-packs","","","","","","","50.7","50.7","0","1.743789030970564","0.24914473188900393","0.7385960193652498","0","0","{""base"":50.69999999999991,""mana"":0,""color"":1.743789030970564,""synergy"":0.24914473188900393,""curve"":0.7385960193652498,""creature"":0.4463690155997851,""removal"":0,""duplicate"":0,""fixing"":0}","{""カード情報からの推定単体評価"":169,""現在の主色に合う"":118,""アーキタイプ・共通メカニズムと相性が良い"":47,""2マナのクリーチャーを補強"":94,""クリーチャー不足を補う"":58,""主色外のマナ供給が不足"":5}","[""カード情報からの推定単体評価"",""現在の主色に合う"",""2マナのクリーチャーを補強"",""クリーチャー不足を補う"",""アーキタイプ・共通メカニズムと相性が良い""]"
"4f0c055f-f614-44b0-9374-c53541f89185","White Widow, Free Agent","107","5.242990654205608","33","0","0","0.45454545454545453","0","","not-applicable-14-card-packs","","","","","","","49.1","49.1","0","1.5782663911330634","0","0.43126593033135086","0","-0.07009345794392523","{""base"":49.10000000000003,""mana"":0,""color"":1.5782663911330634,""synergy"":0,""curve"":0.43126593033135086,""creature"":0.3252336448598131,""removal"":0,""duplicate"":-0.07009345794392523,""fixing"":0}","{""カード情報からの推定単体評価"":107,""現在の主色に合う"":80,""4マナのクリーチャーを補強"":44,""クリーチャー不足を補う"":30,""主色外のマナ供給が不足"":8,""スプラッシュ用のマナ供給あり"":4}","[""カード情報からの推定単体評価"",""現在の主色に合う"",""4マナのクリーチャーを補強"",""クリーチャー不足を補う"",""主色外のマナ供給が不足""]"
"4f69d2f9-c16a-4752-9026-794a29d73af8","Robot Domination","105","8.857142857142858","34","0","0","0.029411764705882353","0","","not-applicable-14-card-packs","","","","","","","45.5","45.5","0","1.3142047782935928","0.22899252665592396","0","0","0","{""base"":45.5,""mana"":0,""color"":1.3142047782935928,""synergy"":0.22899252665592396,""curve"":0,""creature"":0,""removal"":0,""duplicate"":0,""fixing"":0}","{""カード情報からの推定単体評価"":105,""主色外のマナ供給が不足"":8,""現在の主色に合う"":88,""アーキタイプ・共通メカニズムと相性が良い"":26,""スプラッシュ用のマナ供給あり"":8}","[""カード情報からの推定単体評価"",""現在の主色に合う"",""アーキタイプ・共通メカニズムと相性が良い"",""主色外のマナ供給が不足"",""スプラッシュ用のマナ供給あり""]"
"503928cd-1abd-44cd-92c3-6dc19bb07f78","Hydraulic Helper","209","3.7320574162679425","67","2","0.029850746268656716","0.9104477611940298","0","","not-applicable-14-card-packs","","","","","","","49.8","49.8","0","1.561928012839823","0","0.7115702479338847","0","0","{""base"":49.79999999999994,""mana"":0,""color"":1.561928012839823,""synergy"":0,""curve"":0.7115702479338847,""creature"":0.37894736842105303,""removal"":0,""duplicate"":0,""fixing"":0}","{""カード情報からの推定単体評価"":209,""現在の主色に合う"":136,""2マナのクリーチャーを補強"":108,""クリーチャー不足を補う"":68,""主色外のマナ供給が不足"":12}","[""カード情報からの推定単体評価"",""現在の主色に合う"",""2マナのクリーチャーを補強"",""クリーチャー不足を補う"",""主色外のマナ供給が不足""]"
"51023277-5434-4913-b9dc-df2a3fde1652","Stolen Stark Tech","192","10.526041666666666","74","0","0","0","0","","not-applicable-14-card-packs","","","","","","","43","43","0","0.8827962761524496","0.12032962702975358","0","0","0","{""base"":43,""mana"":0,""color"":0.8827962761524496,""synergy"":0.12032962702975358,""curve"":0,""creature"":0,""removal"":0,""duplicate"":0,""fixing"":0}","{""カード情報からの推定単体評価"":192,""現在の主色に合う"":153,""主色外のマナ供給が不足"":39,""アーキタイプ・共通メカニズムと相性が良い"":27}","[""カード情報からの推定単体評価"",""現在の主色に合う"",""主色外のマナ供給が不足"",""アーキタイプ・共通メカニズムと相性が良い""]"
"51c1f21d-1512-4885-bfdc-58790cf77d51","Ultron Drone","197","6.629441624365482","64","0","0","0.171875","0","","not-applicable-14-card-packs","","","","","","","48.2","48.2","0","0","0","0.19796954314720808","0","0","{""base"":48.19999999999999,""mana"":0,""color"":0,""synergy"":0,""curve"":0.19796954314720808,""creature"":0.2976465159206279,""removal"":0,""duplicate"":0,""fixing"":0}","{""カード情報からの推定単体評価"":197,""3マナのクリーチャーを補強"":64,""クリーチャー不足を補う"":68}","[""カード情報からの推定単体評価"",""クリーチャー不足を補う"",""3マナのクリーチャーを補強""]"
"52401cb4-1bce-4191-9220-0d93ea4108b8","Stark Industries","215","9.33953488372093","79","0","0","0","0","","not-applicable-14-card-packs","","","","","","","45","45","0","0","0","0","0","0","{""base"":45,""mana"":0,""color"":0,""synergy"":0,""curve"":0,""creature"":0,""removal"":0,""duplicate"":0,""fixing"":1.0171560519148946}","{""カード情報からの推定単体評価"":215,""主色のマナ基盤を補強"":44}","[""カード情報からの推定単体評価"",""主色のマナ基盤を補強""]"
"52ec472e-a745-4e25-b9a7-8e1eb8873594","Fin Fang Foom","47","2.6595744680851063","12","7","0.5833333333333334","1","0","","not-applicable-14-card-packs","","","","","","","51.4","51.4","0","1.9879311805515147","0","0.514700193423598","0","0","{""base"":51.40000000000004,""mana"":0,""color"":1.9879311805515147,""synergy"":0,""curve"":0.514700193423598,""creature"":0.43288201160541584,""removal"":0,""duplicate"":0,""fixing"":0}","{""カード情報からの推定単体評価"":47,""現在の主色に合う"":34,""4マナのクリーチャーを補強"":19,""クリーチャー不足を補う"":16,""主色外のマナ供給が不足"":1}","[""カード情報からの推定単体評価"",""現在の主色に合う"",""4マナのクリーチャーを補強"",""クリーチャー不足を補う"",""主色外のマナ供給が不足""]"
"53d3ef8f-8e0f-4119-8cdc-a0bf076b4e91","Speedball, New Warrior","107","10.345794392523365","38","0","0","0.10526315789473684","0","","not-applicable-14-card-packs","","","","","","","47.4","47.4","0","-4.186659339629251","0","0.044392523364485986","0","-0.3037383177570093","{""base"":47.399999999999984,""mana"":-0.22671981182988532,""color"":-4.186659339629251,""synergy"":0,""curve"":0.044392523364485986,""creature"":0.09430756159728121,""removal"":0,""duplicate"":-0.3037383177570093,""fixing"":0}","{""カード情報からの推定単体評価"":107,""現在の主色に合う"":33,""3マナのクリーチャーを補強"":9,""主色外のマナ供給が不足"":70,""クリーチャー不足を補う"":10}","[""カード情報からの推定単体評価"",""主色外のマナ供給が不足"",""現在の主色に合う"",""クリーチャー不足を補う"",""3マナのクリーチャーを補強""]"
"5554db95-9676-4c24-b82a-8173513d7927","Fisk Tower","181","9.066298342541437","58","0","0","0","0","","not-applicable-14-card-packs","","","","","","","45","45","0","0","0","0","0","0","{""base"":45,""mana"":0,""color"":0,""synergy"":0,""curve"":0,""creature"":0,""removal"":0,""duplicate"":0,""fixing"":1.8127764483139988}","{""カード情報からの推定単体評価"":181,""主色のマナ基盤を補強"":62}","[""カード情報からの推定単体評価"",""主色のマナ基盤を補強""]"
"556f127f-6131-4171-b1ed-11420c21d345","Serpent Specialist","161","3.1055900621118013","49","11","0.22448979591836735","0.9795918367346939","0","","not-applicable-14-card-packs","","","","","","","51","51","0","1.4686514260900307","0","0","0","0","{""base"":51,""mana"":0,""color"":1.4686514260900307,""synergy"":0,""curve"":0,""creature"":0.2523997741389047,""removal"":0,""duplicate"":0,""fixing"":0}","{""カード情報からの推定単体評価"":161,""主色外のマナ供給が不足"":6,""現在の主色に合う"":106,""クリーチャー不足を補う"":31}","[""カード情報からの推定単体評価"",""現在の主色に合う"",""クリーチャー不足を補う"",""主色外のマナ供給が不足""]"
"55f7b005-31ea-4865-a8f3-460d15bed795","Arc Reactor","49","11.16326530612245","22","0","0","0","0","","not-applicable-14-card-packs","","","","","","","43.4","43.4","0","0","0","0","0","0","{""base"":43.400000000000034,""mana"":0,""color"":0,""synergy"":0,""curve"":0,""creature"":0,""removal"":0,""duplicate"":0,""fixing"":0}","{""カード情報からの推定単体評価"":49}","[""カード情報からの推定単体評価""]"
"56719f6a-1a6c-4c0a-8d21-18f7d7350b68","Swamp","468","14","165","0","0","0","1","","not-applicable-14-card-packs","","","","","","","12","12","0","0","0","0","0","0","{""base"":12,""mana"":0,""color"":0,""synergy"":0,""curve"":0,""creature"":0,""removal"":0,""duplicate"":0,""fixing"":0}","{""カード情報からの推定単体評価"":468}","[""カード情報からの推定単体評価""]"
"5748ebf1-24e3-499d-ab7c-c2cebd462a24","Giant Growth","195","10.441025641025641","76","0","0","0","0","","not-applicable-14-card-packs","","","","","","","44","44","0","0.332675172209285","0","0","0","-0.023076923076923078","{""base"":44,""mana"":0,""color"":0.332675172209285,""synergy"":0,""curve"":0,""creature"":0,""removal"":0,""duplicate"":-0.023076923076923078,""fixing"":0}","{""カード情報からの推定単体評価"":195,""主色外のマナ供給が不足"":51,""現在の主色に合う"":144}","[""カード情報からの推定単体評価"",""現在の主色に合う"",""主色外のマナ供給が不足""]"
"579f9a86-a1af-4c2a-a7e5-8fea0bd0eb61","Black Widow, Super Spy","13","2.1538461538461537","6","1","0.16666666666666666","1","0","","not-applicable-14-card-packs","","","","","","","50.800000000000004","50.800000000000004","0","1.211458517320114","0","0.49720279720279714","0","0","{""base"":50.8,""mana"":0,""color"":1.211458517320114,""synergy"":0,""curve"":0.49720279720279714,""creature"":0.26853146853146853,""removal"":0,""duplicate"":0,""fixing"":0}","{""カード情報からの推定単体評価"":13,""現在の主色に合う"":7,""2マナのクリーチャーを補強"":6,""クリーチャー不足を補う"":3}","[""カード情報からの推定単体評価"",""現在の主色に合う"",""2マナのクリーチャーを補強"",""クリーチャー不足を補う""]"
"57d02dc8-e22e-4874-9f02-490a2528a28f","The Mighty Thor, Jane Foster","51","3.7450980392156863","22","16","0.7272727272727273","1","0","","not-applicable-14-card-packs","","","","","","","53.9","53.9","0","-0.9931846349434355","0.0196078431372549","0.07905525846702316","0","-0.09803921568627451","{""base"":53.90000000000005,""mana"":-0.3615067461820984,""color"":-0.9931846349434355,""synergy"":0.0196078431372549,""curve"":0.07905525846702316,""creature"":0.17540106951871656,""removal"":0,""duplicate"":-0.09803921568627451,""fixing"":0}","{""カード情報からの推定単体評価"":51,""現在の主色に合う"":15,""3マナのクリーチャーを補強"":6,""クリーチャー不足を補う"":7,""主色外のマナ供給が不足"":13,""アーキタイプ・共通メカニズムと相性が良い"":1}","[""カード情報からの推定単体評価"",""現在の主色に合う"",""主色外のマナ供給が不足"",""クリーチャー不足を補う"",""3マナのクリーチャーを補強""]"
"5a8977fc-0732-4807-b876-01819aedd70b","Pym Technologies","215","9.293023255813953","69","0","0","0","0","","not-applicable-14-card-packs","","","","","","","45","45","0","0","0","0","0","0","{""base"":45,""mana"":0,""color"":0,""synergy"":0,""curve"":0,""creature"":0,""removal"":0,""duplicate"":0,""fixing"":1.668523252754675}","{""カード情報からの推定単体評価"":215,""主色のマナ基盤を補強"":60}","[""カード情報からの推定単体評価"",""主色のマナ基盤を補強""]"
"5ad8963b-8091-4787-9147-20a1fe7bf0fb","The Wondrous Wasp","52","3.5384615384615383","14","2","0.14285714285714285","1","0","","not-applicable-14-card-packs","","","","","","","50.6","50.6","0","1.5012377490263777","0","0.729895104895105","0","-0.04807692307692308","{""base"":50.59999999999995,""mana"":0,""color"":1.5012377490263777,""synergy"":0,""curve"":0.729895104895105,""creature"":0.3765734265734265,""removal"":0,""duplicate"":-0.04807692307692308,""fixing"":0}","{""カード情報からの推定単体評価"":52,""現在の主色に合う"":36,""2マナのクリーチャーを補強"":29,""クリーチャー不足を補う"":17,""主色外のマナ供給が不足"":2}","[""カード情報からの推定単体評価"",""現在の主色に合う"",""2マナのクリーチャーを補強"",""クリーチャー不足を補う"",""主色外のマナ供給が不足""]"
"5b090ba3-0ecb-4585-b5b7-9d6028c32487","Misty Knight, Hero for Hire","105","2.914285714285714","34","16","0.47058823529411764","1","0","","not-applicable-14-card-packs","","","","","","","51.5","51.5","0","1.205520870200431","0.18447369945724665","0.5771428571428571","0","-0.23809523809523808","{""base"":51.5,""mana"":0,""color"":1.205520870200431,""synergy"":0.18447369945724665,""curve"":0.5771428571428571,""creature"":0.3002597402597403,""removal"":0,""duplicate"":-0.23809523809523808,""fixing"":0}","{""カード情報からの推定単体評価"":105,""現在の主色に合う"":64,""2マナのクリーチャーを補強"":47,""アーキタイプ・共通メカニズムと相性が良い"":21,""クリーチャー不足を補う"":24,""主色外のマナ供給が不足"":7}","[""カード情報からの推定単体評価"",""現在の主色に合う"",""2マナのクリーチャーを補強"",""クリーチャー不足を補う"",""アーキタイプ・共通メカニズムと相性が良い""]"
"5b6f2770-e774-4a77-801f-a3fda093c3dd","Human Torch, Johnny Storm","111","2.864864864864865","39","17","0.4358974358974359","1","0","","not-applicable-14-card-packs","","","","","","","51.9","51.9","0","1.443531262925619","0","0.2812858312858314","0","-0.18018018018018017","{""base"":51.89999999999994,""mana"":0,""color"":1.443531262925619,""synergy"":0,""curve"":0.2812858312858314,""creature"":0.32874692874692885,""removal"":0,""duplicate"":-0.18018018018018017,""fixing"":0}","{""カード情報からの推定単体評価"":111,""現在の主色に合う"":66,""3マナのクリーチャーを補強"":36,""クリーチャー不足を補う"":31,""主色外のマナ供給が不足"":6}","[""カード情報からの推定単体評価"",""現在の主色に合う"",""3マナのクリーチャーを補強"",""クリーチャー不足を補う"",""主色外のマナ供給が不足""]"
"5f97d49c-d0fa-4776-9455-93c1a172cd83","HULK SMASH!","184","8.934782608695652","60","0","0","0","0","","not-applicable-14-card-packs","","","","","","","46.3","46.3","0","0.7497500192431671","0","0","0.1691946640316205","0","{""base"":46.30000000000009,""mana"":0,""color"":0.7497500192431671,""synergy"":0,""curve"":0,""creature"":0,""removal"":0.1691946640316205,""duplicate"":0,""fixing"":0}","{""カード情報からの推定単体評価"":184,""現在の主色に合う"":138,""条件付き除去"":138,""主色外のマナ供給が不足"":46}","[""カード情報からの推定単体評価"",""現在の主色に合う"",""条件付き除去"",""主色外のマナ供給が不足""]"
"60105eb8-bdca-44b9-a970-68a7615526e8","Dependable Quinjet","205","11.195121951219512","70","0","0","0","0","","not-applicable-14-card-packs","","","","","","","43","43","0","0","0","0","0","0","{""base"":43,""mana"":0,""color"":0,""synergy"":0,""curve"":0,""creature"":0,""removal"":0,""duplicate"":0,""fixing"":0}","{""カード情報からの推定単体評価"":205}","[""カード情報からの推定単体評価""]"
"606092eb-8fe3-4ef7-aaf1-2d3b2687d27a","Super Suit","184","11.11413043478261","55","0","0","0","0","","not-applicable-14-card-packs","","","","","","","43","43","0","0.45593103527380424","0.08042081023909353","0","0","0","{""base"":43,""mana"":0,""color"":0.45593103527380424,""synergy"":0.08042081023909353,""curve"":0,""creature"":0,""removal"":0,""duplicate"":0,""fixing"":0}","{""カード情報からの推定単体評価"":184,""主色外のマナ供給が不足"":46,""現在の主色に合う"":138,""アーキタイプ・共通メカニズムと相性が良い"":16}","[""カード情報からの推定単体評価"",""現在の主色に合う"",""主色外のマナ供給が不足"",""アーキタイプ・共通メカニズムと相性が良い""]"
"60754d4b-2add-4928-8d30-8ce9c0f54f91","Raft Security Officer","187","3.213903743315508","66","6","0.09090909090909091","0.9696969696969697","0","","not-applicable-14-card-packs","","","","","","","50.1","50.1","0","1.6522820606837765","0","0.5807243558580453","0.19907632474477396","0","{""base"":50.10000000000018,""mana"":0,""color"":1.6522820606837765,""synergy"":0,""curve"":0.5807243558580453,""creature"":0.289353427321342,""removal"":0.19907632474477396,""duplicate"":0,""fixing"":0}","{""カード情報からの推定単体評価"":187,""現在の主色に合う"":119,""2マナのクリーチャーを補強"":85,""タップ"":136,""クリーチャー不足を補う"":48,""主色外のマナ供給が不足"":4}","[""カード情報からの推定単体評価"",""タップ"",""現在の主色に合う"",""2マナのクリーチャーを補強"",""クリーチャー不足を補う""]"
"62916107-14c0-4516-9fed-a032b1a80e5d","Nick Fury, Agent of S.H.I.E.L.D.","42","4.238095238095238","10","3","0.3","1","0","","not-applicable-14-card-packs","","","","","","","50.199999999999996","50.199999999999996","0","1.6154778007091255","0.04445155747430211","0","0","0","{""base"":50.200000000000024,""mana"":0,""color"":1.6154778007091255,""synergy"":0.04445155747430211,""curve"":0,""creature"":0.2649350649350649,""removal"":0,""duplicate"":0,""fixing"":0}","{""カード情報からの推定単体評価"":42,""現在の主色に合う"":30,""クリーチャー不足を補う"":10,""主色外のマナ供給が不足"":2,""アーキタイプ・共通メカニズムと相性が良い"":2}","[""カード情報からの推定単体評価"",""現在の主色に合う"",""クリーチャー不足を補う"",""主色外のマナ供給が不足"",""アーキタイプ・共通メカニズムと相性が良い""]"
"6344c96a-efa5-4125-8219-d333228391cf","Blazing Crescendo","205","10.590243902439024","79","0","0","0","0","","not-applicable-14-card-packs","","","","","","","44","44","0","-0.26357370660583124","0","0","0","-0.036585365853658534","{""base"":44,""mana"":0,""color"":-0.26357370660583124,""synergy"":0,""curve"":0,""creature"":0,""removal"":0,""duplicate"":-0.036585365853658534,""fixing"":0}","{""カード情報からの推定単体評価"":205,""現在の主色に合う"":132,""主色外のマナ供給が不足"":73}","[""カード情報からの推定単体評価"",""現在の主色に合う"",""主色外のマナ供給が不足""]"
"636b44dc-f7e4-42d2-abf6-ae49432b6052","Pym Particles","122","8.360655737704919","41","0","0","0.07317073170731707","0","","not-applicable-14-card-packs","","","","","","","46.5","46.5","0","0.7832878862451838","0","0","0","-0.036885245901639344","{""base"":46.5,""mana"":0,""color"":0.7832878862451838,""synergy"":0,""curve"":0,""creature"":0,""removal"":0,""duplicate"":-0.036885245901639344,""fixing"":0}","{""カード情報からの推定単体評価"":122,""現在の主色に合う"":83,""主色外のマナ供給が不足"":36}","[""カード情報からの推定単体評価"",""現在の主色に合う"",""主色外のマナ供給が不足""]"
"64132f93-66ac-4794-8c07-a88f9ed0e22b","Cloak and Dagger, Entwined","57","7.807017543859649","16","0","0","0.3125","0","","not-applicable-14-card-packs","","","","","","","49.8","49.8","0","-1.268749839486129","0","-0.03899521531100479","0","-0.043859649122807015","{""base"":49.80000000000003,""mana"":-0.2448310944840211,""color"":-1.268749839486129,""synergy"":0,""curve"":-0.03899521531100479,""creature"":0.20191387559808607,""removal"":0,""duplicate"":-0.043859649122807015,""fixing"":0}","{""カード情報からの推定単体評価"":57,""現在の主色に合う"":28,""3マナのクリーチャーを補強"":11,""主色外のマナ供給が不足"":24,""クリーチャー不足を補う"":12}","[""カード情報からの推定単体評価"",""現在の主色に合う"",""主色外のマナ供給が不足"",""クリーチャー不足を補う"",""3マナのクリーチャーを補強""]"
"6677cd5a-0785-499b-ba99-f6bdcfb196d5","Jessica Jones, Private Eye","98","7.040816326530612","30","0","0","0.13333333333333333","0","","not-applicable-14-card-packs","","","","","","","48.2","48.2","0","-0.0016291676431630221","0","0.25978664192949913","0","-0.10204081632653061","{""base"":48.19999999999991,""mana"":0,""color"":-0.0016291676431630221,""synergy"":0,""curve"":0.25978664192949913,""creature"":0.21094619666048237,""removal"":0,""duplicate"":-0.10204081632653061,""fixing"":0}","{""カード情報からの推定単体評価"":98,""現在の主色に合う"":65,""3マナのクリーチャーを補強"":32,""主色外のマナ供給が不足"":29,""クリーチャー不足を補う"":25}","[""カード情報からの推定単体評価"",""現在の主色に合う"",""3マナのクリーチャーを補強"",""主色外のマナ供給が不足"",""クリーチャー不足を補う""]"
"67aa946d-e694-494e-ba0c-44880d5bc03e","Captain America, Living Legend","95","8.052631578947368","28","1","0.03571428571428571","0.39285714285714285","0","","not-applicable-14-card-packs","","","","","","","49.8","49.8","0","-3.004438147491917","0","0.11736842105263158","0","-0.07894736842105263","{""base"":49.80000000000009,""mana"":-0.24866534787510816,""color"":-3.004438147491917,""synergy"":0,""curve"":0.11736842105263158,""creature"":0.11483253588516744,""removal"":0,""duplicate"":-0.07894736842105263,""fixing"":0}","{""カード情報からの推定単体評価"":95,""主色外のマナ供給が不足"":51,""現在の主色に合う"":33,""3マナのクリーチャーを補強"":14,""クリーチャー不足を補う"":11}","[""カード情報からの推定単体評価"",""主色外のマナ供給が不足"",""現在の主色に合う"",""3マナのクリーチャーを補強"",""クリーチャー不足を補う""]"
"685181dd-0124-4c76-9270-f9dd17e6a221","Colleen Wing, Street Samurai","105","5.542857142857143","37","0","0","0.4594594594594595","0","","not-applicable-14-card-packs","","","","","","","49","49","0","1.6132754255172608","0","0.5249783549783549","0","-0.16666666666666666","{""base"":49,""mana"":0,""color"":1.6132754255172608,""synergy"":0,""curve"":0.5249783549783549,""creature"":0.28259740259740257,""removal"":0,""duplicate"":-0.16666666666666666,""fixing"":0}","{""カード情報からの推定単体評価"":105,""主色外のマナ供給が不足"":8,""現在の主色に合う"":80,""2マナのクリーチャーを補強"":50,""クリーチャー不足を補う"":28}","[""カード情報からの推定単体評価"",""現在の主色に合う"",""2マナのクリーチャーを補強"",""クリーチャー不足を補う"",""主色外のマナ供給が不足""]"
"6897f9e0-f654-4c0a-9fda-2ad4e264bf9a","Cruel Alliance","185","8.302702702702703","57","0","0","0.017543859649122806","0","","not-applicable-14-card-packs","","","","","","","46.3","46.3","0","1.5542810864640442","0","0","0.1861916461916461","0","{""base"":46.30000000000009,""mana"":0,""color"":1.5542810864640442,""synergy"":0,""curve"":0,""creature"":0,""removal"":0.1861916461916461,""duplicate"":0,""fixing"":0}","{""カード情報からの推定単体評価"":185,""現在の主色に合う"":165,""条件付き除去"":166,""主色外のマナ供給が不足"":19}","[""カード情報からの推定単体評価"",""条件付き除去"",""現在の主色に合う"",""主色外のマナ供給が不足""]"
"699610c9-c991-4faf-b712-d015ef0799ad","Doc Samson, Super Psychiatrist","95","7.221052631578948","39","0","0","0.10256410256410256","0","","not-applicable-14-card-packs","","","","","","","48.2","48.2","0","0.54248836306989","0","0","0","-0.10526315789473684","{""base"":48.19999999999991,""mana"":0,""color"":0.54248836306989,""synergy"":0,""curve"":0,""creature"":0.1934928229665071,""removal"":0,""duplicate"":-0.10526315789473684,""fixing"":0}","{""カード情報からの推定単体評価"":95,""現在の主色に合う"":63,""クリーチャー不足を補う"":20,""主色外のマナ供給が不足"":25,""スプラッシュ用のマナ供給あり"":3}","[""カード情報からの推定単体評価"",""現在の主色に合う"",""主色外のマナ供給が不足"",""クリーチャー不足を補う"",""スプラッシュ用のマナ供給あり""]"
"6b59bb1f-f2d4-4d47-bd57-23927d588381","Hawkeye, Master Marksman","42","2.9761904761904763","7","3","0.42857142857142855","1","0","","not-applicable-14-card-packs","","","","","","","51.9","51.9","0","2.0767595004544","0.24398509142835603","0.7744588744588747","0","-0.11904761904761904","{""base"":51.900000000000034,""mana"":0,""color"":2.0767595004544,""synergy"":0.24398509142835603,""curve"":0.7744588744588747,""creature"":0.3792207792207791,""removal"":0,""duplicate"":-0.11904761904761904,""fixing"":0}","{""カード情報からの推定単体評価"":42,""現在の主色に合う"":34,""2マナのクリーチャーを補強"":25,""アーキタイプ・共通メカニズムと相性が良い"":12,""クリーチャー不足を補う"":13,""主色外のマナ供給が不足"":1}","[""カード情報からの推定単体評価"",""現在の主色に合う"",""2マナのクリーチャーを補強"",""クリーチャー不足を補う"",""アーキタイプ・共通メカニズムと相性が良い""]"
"6c7e4e51-099a-4398-a4b7-e2f0ddd36429","The Astonishing Ant-Man","53","5.754716981132075","20","1","0.05","1","0","","not-applicable-14-card-packs","","","","","","","50.3","50.3","0","-0.2321762363820758","0","0.3967409948542024","0","-0.14150943396226415","{""base"":50.30000000000002,""mana"":-0.3445442261106322,""color"":-0.2321762363820758,""synergy"":0,""curve"":0.3967409948542024,""creature"":0.15128644939965694,""removal"":0,""duplicate"":-0.14150943396226415,""fixing"":0}","{""カード情報からの推定単体評価"":53,""主色外のマナ供給が不足"":11,""現在の主色に合う"":22,""2マナのクリーチャーを補強"":17,""クリーチャー不足を補う"":9}","[""カード情報からの推定単体評価"",""現在の主色に合う"",""2マナのクリーチャーを補強"",""主色外のマナ供給が不足"",""クリーチャー不足を補う""]"
"6cb65b68-91b2-45ba-867b-3b31d6dd5643","Guerrilla Gorilla","192","1.6822916666666667","76","75","0.9868421052631579","1","0","","not-applicable-14-card-packs","","","","","","","55.6","55.6","0","1.1208233364468934","0.1415399425054823","0.45535037878787854","0.17769886363636356","0","{""base"":55.6000000000002,""mana"":0,""color"":1.1208233364468934,""synergy"":0.1415399425054823,""curve"":0.45535037878787854,""creature"":0.2963068181818184,""removal"":0.17769886363636356,""duplicate"":0,""fixing"":0}","{""カード情報からの推定単体評価"":192,""主色外のマナ供給が不足"":20,""現在の主色に合う"":96,""確定除去"":96,""2マナのクリーチャーを補強"":57,""クリーチャー不足を補う"":43,""アーキタイプ・共通メカニズムと相性が良い"":30}","[""カード情報からの推定単体評価"",""現在の主色に合う"",""確定除去"",""2マナのクリーチャーを補強"",""クリーチャー不足を補う""]"
"6d397d26-7e52-47b2-9880-2c10e90cfba4","Okoye, Dora Milaje Leader","103","8.70873786407767","39","0","0","0","0","","not-applicable-14-card-packs","","","","","","","46.6","46.6","0","1.3559750839401614","0","0.357811120917917","0","-0.07281553398058252","{""base"":46.6,""mana"":0,""color"":1.3559750839401614,""synergy"":0,""curve"":0.357811120917917,""creature"":0.22400706090026473,""removal"":0,""duplicate"":-0.07281553398058252,""fixing"":0}","{""カード情報からの推定単体評価"":103,""現在の主色に合う"":84,""4マナのクリーチャーを補強"":29,""クリーチャー不足を補う"":24,""スプラッシュ用のマナ供給あり"":4,""主色外のマナ供給が不足"":15}","[""カード情報からの推定単体評価"",""現在の主色に合う"",""4マナのクリーチャーを補強"",""クリーチャー不足を補う"",""主色外のマナ供給が不足""]"
"6de67fad-0d01-443d-9ae0-4126ae903069","HYDRA Troopers","183","3.7868852459016393","56","3","0.05357142857142857","0.9285714285714286","0","","not-applicable-14-card-packs","","","","","","","50.2","50.2","0","1.5666856754846261","0","0.2642573273720815","0","0","{""base"":50.19999999999996,""mana"":0,""color"":1.5666856754846261,""synergy"":0,""curve"":0.2642573273720815,""creature"":0.3606557377049183,""removal"":0,""duplicate"":0,""fixing"":0}","{""カード情報からの推定単体評価"":183,""現在の主色に合う"":125,""3マナのクリーチャーを補強"":62,""クリーチャー不足を補う"":56,""主色外のマナ供給が不足"":6}","[""カード情報からの推定単体評価"",""現在の主色に合う"",""3マナのクリーチャーを補強"",""クリーチャー不足を補う"",""主色外のマナ供給が不足""]"
"6e21ebdf-b97c-494e-a1d5-19db1b7d3016","Savage Land Dinosaur","185","4.313513513513514","54","3","0.05555555555555555","0.8703703703703703","0","","not-applicable-14-card-packs","","","","","","","49.8","49.8","0","1.6524876981536285","0.1664063734071387","-0.012972972972972972","0","-0.19459459459459455","{""base"":49.80000000000003,""mana"":0,""color"":1.6524876981536285,""synergy"":0.1664063734071387,""curve"":-0.012972972972972972,""creature"":0.27714987714987743,""removal"":0,""duplicate"":-0.19459459459459455,""fixing"":0}","{""カード情報からの推定単体評価"":185,""現在の主色に合う"":128,""アーキタイプ・共通メカニズムと相性が良い"":33,""クリーチャー不足を補う"":46,""主色外のマナ供給が不足"":10}","[""カード情報からの推定単体評価"",""現在の主色に合う"",""クリーチャー不足を補う"",""アーキタイプ・共通メカニズムと相性が良い"",""主色外のマナ供給が不足""]"
"6eb7a870-b626-4326-9e4c-45193f8ce138","Hire a Crew","188","11.76063829787234","60","0","0","0","0","","not-applicable-14-card-packs","","","","","","","43","43","0","-0.7814666581079316","0","0","0","0","{""base"":43,""mana"":0,""color"":-0.7814666581079316,""synergy"":0,""curve"":0,""creature"":0,""removal"":0,""duplicate"":0,""fixing"":0}","{""カード情報からの推定単体評価"":188,""現在の主色に合う"":115,""主色外のマナ供給が不足"":73}","[""カード情報からの推定単体評価"",""現在の主色に合う"",""主色外のマナ供給が不足""]"
"6effbf59-3933-4a77-9a6a-fd3bedf45c26","Borough Backup","177","10.836158192090396","50","0","0","0","0","","not-applicable-14-card-packs","","","","","","","43","43","0","0.7873109115188619","0.15469186327100842","0","0","0","{""base"":43,""mana"":0,""color"":0.7873109115188619,""synergy"":0.15469186327100842,""curve"":0,""creature"":0,""removal"":0,""duplicate"":0,""fixing"":0}","{""カード情報からの推定単体評価"":177,""現在の主色に合う"":139,""主色外のマナ供給が不足"":19,""スプラッシュ用のマナ供給あり"":19,""アーキタイプ・共通メカニズムと相性が良い"":29}","[""カード情報からの推定単体評価"",""現在の主色に合う"",""アーキタイプ・共通メカニズムと相性が良い"",""主色外のマナ供給が不足"",""スプラッシュ用のマナ供給あり""]"
"6f2ba142-5e7c-4709-ae03-e028cb2a9872","Super-Soldier Serum","49","9.83673469387755","18","0","0","0","0","","not-applicable-14-card-packs","","","","","","","43.4","43.4","0","1.542477445198843","0.07597563413742131","0","0","0","{""base"":43.400000000000034,""mana"":0,""color"":1.542477445198843,""synergy"":0.07597563413742131,""curve"":0,""creature"":0,""removal"":0,""duplicate"":0,""fixing"":0}","{""カード情報からの推定単体評価"":49,""現在の主色に合う"":41,""アーキタイプ・共通メカニズムと相性が良い"":4,""主色外のマナ供給が不足"":8}","[""カード情報からの推定単体評価"",""現在の主色に合う"",""主色外のマナ供給が不足"",""アーキタイプ・共通メカニズムと相性が良い""]"
"6f4c94b6-f829-4646-a574-083997b78dfb","Winter Soldier, Icy Assassin","64","4.78125","23","6","0.2608695652173913","1","0","","not-applicable-14-card-packs","","","","","","","51.4","51.4","0","-0.2572536311898346","0.06111793513223471","0.3813920454545455","0","-0.1953125","{""base"":51.400000000000055,""mana"":-0.32178616011290745,""color"":-0.2572536311898346,""synergy"":0.06111793513223471,""curve"":0.3813920454545455,""creature"":0.271875,""removal"":0,""duplicate"":-0.1953125,""fixing"":0}","{""カード情報からの推定単体評価"":64,""現在の主色に合う"":29,""アーキタイプ・共通メカニズムと相性が良い"":5,""2マナのクリーチャーを補強"":19,""クリーチャー不足を補う"":15,""主色外のマナ供給が不足"":12}","[""カード情報からの推定単体評価"",""現在の主色に合う"",""2マナのクリーチャーを補強"",""クリーチャー不足を補う"",""主色外のマナ供給が不足""]"
"6fd44fb9-3433-4cb0-95a4-4ac8170b2166","S.H.I.E.L.D. Spy Kit","194","11.02061855670103","65","0","0","0","0","","not-applicable-14-card-packs","","","","","","","43","43","0","0.7645430077169335","0.09603370122705952","0","0","0","{""base"":43,""mana"":0,""color"":0.7645430077169335,""synergy"":0.09603370122705952,""curve"":0,""creature"":0,""removal"":0,""duplicate"":0,""fixing"":0}","{""カード情報からの推定単体評価"":194,""現在の主色に合う"":153,""主色外のマナ供給が不足"":41,""アーキタイプ・共通メカニズムと相性が良い"":19}","[""カード情報からの推定単体評価"",""現在の主色に合う"",""主色外のマナ供給が不足"",""アーキタイプ・共通メカニズムと相性が良い""]"
"700ef9c8-698b-45f7-a1fd-dec74e553224","Shang-Chi, Master of Kung Fu","20","4.4","7","0","0","0.7142857142857143","0","","not-applicable-14-card-packs","","","","","","","49.6","49.6","0","1.1412797133717603","0","0.6218181818181818","0","0","{""base"":49.600000000000016,""mana"":0,""color"":1.1412797133717603,""synergy"":0,""curve"":0.6218181818181818,""creature"":0.2727272727272727,""removal"":0,""duplicate"":0,""fixing"":0}","{""カード情報からの推定単体評価"":20,""主色外のマナ供給が不足"":3,""現在の主色に合う"":12,""2マナのクリーチャーを補強"":8,""クリーチャー不足を補う"":5}","[""カード情報からの推定単体評価"",""現在の主色に合う"",""2マナのクリーチャーを補強"",""クリーチャー不足を補う"",""主色外のマナ供給が不足""]"
"7069d241-4e66-40bf-afd1-551a4a5457f0","Hidden Lair","52","8.942307692307692","16","0","0","0","0","","not-applicable-14-card-packs","","","","","","","45.4","45.4","0","0","0","0","0","0","{""base"":45.40000000000004,""mana"":0,""color"":0,""synergy"":0,""curve"":0,""creature"":0,""removal"":0,""duplicate"":0,""fixing"":1.6304762138758853}","{""カード情報からの推定単体評価"":52,""主色のマナ基盤を補強"":16}","[""カード情報からの推定単体評価"",""主色のマナ基盤を補強""]"
"70c96b50-ac2b-493d-bd15-fc66eb767111","Vision of Love","189","9.46031746031746","60","0","0","0","0","","not-applicable-14-card-packs","","","","","","","45.5","45.5","0","0.5749961767944813","0.5120742089699277","0","0","0","{""base"":45.5,""mana"":0,""color"":0.5749961767944813,""synergy"":0.5120742089699277,""curve"":0,""creature"":0,""removal"":0,""duplicate"":0,""fixing"":0}","{""カード情報からの推定単体評価"":189,""現在の主色に合う"":139,""主色外のマナ供給が不足"":50,""アーキタイプ・共通メカニズムと相性が良い"":70}","[""カード情報からの推定単体評価"",""現在の主色に合う"",""アーキタイプ・共通メカニズムと相性が良い"",""主色外のマナ供給が不足""]"
"71bc69a5-7cec-4abd-b97d-13f8e1f9afac","Baxter Building","110","4.6909090909090905","34","0","0","0.08823529411764706","0","","not-applicable-14-card-packs","","","","","","","47.5","47.5","0","0","0","0","0","0","{""base"":47.5,""mana"":0,""color"":0,""synergy"":0,""curve"":0,""creature"":0,""removal"":0,""duplicate"":0,""fixing"":3.947544960337669}","{""カード情報からの推定単体評価"":110,""主色のマナ基盤を補強"":110}","[""カード情報からの推定単体評価"",""主色のマナ基盤を補強""]"
"72101185-4336-480a-b4d7-f8ceb0007a51","Abomination, Terrifying Titan","111","3.981981981981982","48","40","0.8333333333333334","1","0","","not-applicable-14-card-packs","","","","","","","54.3","54.3","0","-1.9737701901615534","0","0.04254709254709256","0.05362407862407862","-0.20270270270270271","{""base"":54.30000000000011,""mana"":-0.36744462656933813,""color"":-1.9737701901615534,""synergy"":0,""curve"":0.04254709254709256,""creature"":0.0687960687960688,""removal"":0.05362407862407862,""duplicate"":-0.20270270270270271,""fixing"":0}","{""カード情報からの推定単体評価"":111,""主色外のマナ供給が不足"":41,""現在の主色に合う"":22,""条件付き除去"":22,""4マナのクリーチャーを補強"":8,""クリーチャー不足を補う"":6}","[""カード情報からの推定単体評価"",""主色外のマナ供給が不足"",""現在の主色に合う"",""条件付き除去"",""4マナのクリーチャーを補強""]"
"7785ffd4-f169-475d-9558-ce4877b3378a","Gleaming Bastion","40","9.2","18","0","0","0","0","","not-applicable-14-card-packs","","","","","","","45.4","45.4","0","0","0","0","0","0","{""base"":45.40000000000003,""mana"":0,""color"":0,""synergy"":0,""curve"":0,""creature"":0,""removal"":0,""duplicate"":0,""fixing"":1.3022210855080396}","{""カード情報からの推定単体評価"":40,""主色のマナ基盤を補強"":8}","[""カード情報からの推定単体評価"",""主色のマナ基盤を補強""]"
"7c07970d-063a-44a1-9761-b80aafa90dac","Stark Industries Executive","178","4.404494382022472","59","4","0.06779661016949153","0.8305084745762712","0","","not-applicable-14-card-packs","","","","","","","49.8","49.8","0","1.3847927482935307","0.24413551915314993","0","0","0","{""base"":49.80000000000006,""mana"":0,""color"":1.3847927482935307,""synergy"":0.24413551915314993,""curve"":0,""creature"":0.2708886618998981,""removal"":0,""duplicate"":0,""fixing"":0}","{""カード情報からの推定単体評価"":178,""現在の主色に合う"":113,""アーキタイプ・共通メカニズムと相性が良い"":45,""クリーチャー不足を補う"":46,""主色外のマナ供給が不足"":16}","[""カード情報からの推定単体評価"",""現在の主色に合う"",""クリーチャー不足を補う"",""アーキタイプ・共通メカニズムと相性が良い"",""主色外のマナ供給が不足""]"
"7c854a07-e031-458e-a335-9c31865020b8","Alien Invasion","43","12.55813953488372","14","0","0","0","0","","not-applicable-14-card-packs","","","","","","","43.4","43.4","0","-6.618525040193685","0","0","0","0","{""base"":43.400000000000034,""mana"":-0.6059645287882988,""color"":-6.618525040193685,""synergy"":0,""curve"":0,""creature"":0,""removal"":0,""duplicate"":0,""fixing"":0}","{""カード情報からの推定単体評価"":43,""主色外のマナ供給が不足"":33,""現在の主色に合う"":4,""スプラッシュ用のマナ供給あり"":6}","[""カード情報からの推定単体評価"",""主色外のマナ供給が不足"",""スプラッシュ用のマナ供給あり"",""現在の主色に合う""]"
"7d765055-da62-43f7-9580-98e9d164753b","Truck Toss","113","7.902654867256637","38","0","0","0.07894736842105263","0","","not-applicable-14-card-packs","","","","","","","47.4","47.4","0","1.4612519321771877","0","0","0.18390989541432018","0","{""base"":47.39999999999996,""mana"":0,""color"":1.4612519321771877,""synergy"":0,""curve"":0,""creature"":0,""removal"":0.18390989541432018,""duplicate"":0,""fixing"":0}","{""カード情報からの推定単体評価"":113,""現在の主色に合う"":86,""火力・マイナス修整"":86,""主色外のマナ供給が不足"":23}","[""カード情報からの推定単体評価"",""現在の主色に合う"",""火力・マイナス修整"",""主色外のマナ供給が不足""]"
"7f9a8845-d760-44a7-a4c9-8a20dba4e14a","Mjölnir, Hammer of Thor","27","10.851851851851851","14","0","0","0","0","","not-applicable-14-card-packs","","","","","","","43.6","43.6","0","0.37879046582461257","0.27506611127546415","0","0","0","{""base"":43.6,""mana"":0,""color"":0.37879046582461257,""synergy"":0.27506611127546415,""curve"":0,""creature"":0,""removal"":0,""duplicate"":0,""fixing"":0}","{""カード情報からの推定単体評価"":27,""現在の主色に合う"":19,""アーキタイプ・共通メカニズムと相性が良い"":7,""スプラッシュ用のマナ供給あり"":4,""主色外のマナ供給が不足"":4}","[""カード情報からの推定単体評価"",""現在の主色に合う"",""アーキタイプ・共通メカニズムと相性が良い"",""スプラッシュ用のマナ供給あり"",""主色外のマナ供給が不足""]"
"7fa5237e-dd79-4646-b935-cb8c6ee803ab","Mister Fantastic, Reed Richards","110","4.127272727272727","28","2","0.07142857142857142","0.9642857142857143","0","","not-applicable-14-card-packs","","","","","","","49.9","49.9","0","1.416823205117131","0","0.3339669421487604","0","-0.13636363636363635","{""base"":49.899999999999956,""mana"":0,""color"":1.416823205117131,""synergy"":0,""curve"":0.3339669421487604,""creature"":0.3773553719008267,""removal"":0,""duplicate"":-0.13636363636363635,""fixing"":0}","{""カード情報からの推定単体評価"":110,""現在の主色に合う"":74,""4マナのクリーチャーを補強"":39,""クリーチャー不足を補う"":35,""主色外のマナ供給が不足"":5,""スプラッシュ用のマナ供給あり"":4}","[""カード情報からの推定単体評価"",""現在の主色に合う"",""4マナのクリーチャーを補強"",""クリーチャー不足を補う"",""主色外のマナ供給が不足""]"
"80312910-5d53-44f1-9982-e46dc7532abb","The Unbeatable Squirrel Girl","45","5.7555555555555555","19","0","0","0.3684210526315789","0","","not-applicable-14-card-packs","","","","","","","49.4","49.4","0","-0.1912329561644172","0","0.38909090909090915","0","-0.05555555555555555","{""base"":49.40000000000004,""mana"":-0.4,""color"":-0.1912329561644172,""synergy"":0,""curve"":0.38909090909090915,""creature"":0.1878787878787879,""removal"":0,""duplicate"":-0.05555555555555555,""fixing"":0}","{""カード情報からの推定単体評価"":45,""主色外のマナ供給が不足"":15,""現在の主色に合う"":23,""4マナのクリーチャーを補強"":14,""クリーチャー不足を補う"":7}","[""カード情報からの推定単体評価"",""現在の主色に合う"",""主色外のマナ供給が不足"",""4マナのクリーチャーを補強"",""クリーチャー不足を補う""]"
"8255a797-ddd3-4db0-a3f5-dd8f38c3b908","Captain America's Shield","43","10.162790697674419","13","0","0","0","0","","not-applicable-14-card-packs","","","","","","","44.5","44.5","0","0","0.023255813953488372","0","0","0","{""base"":44.5,""mana"":0,""color"":0,""synergy"":0.023255813953488372,""curve"":0,""creature"":0,""removal"":0,""duplicate"":0,""fixing"":0}","{""カード情報からの推定単体評価"":43,""アーキタイプ・共通メカニズムと相性が良い"":1}","[""カード情報からの推定単体評価"",""アーキタイプ・共通メカニズムと相性が良い""]"
"82fa14d8-5019-4e1b-a86c-923d9292b87a","Frozen in Ice","176","11.136363636363637","61","0","0","0","0","","not-applicable-14-card-packs","","","","","","","43","43","0","0.7749115036991153","0","0","0","0","{""base"":43,""mana"":0,""color"":0.7749115036991153,""synergy"":0,""curve"":0,""creature"":0,""removal"":0,""duplicate"":0,""fixing"":0}","{""カード情報からの推定単体評価"":176,""主色外のマナ供給が不足"":47,""現在の主色に合う"":129}","[""カード情報からの推定単体評価"",""現在の主色に合う"",""主色外のマナ供給が不足""]"
"83798eb8-b14f-4620-bce2-1a6804a24dc7","Hawkeye's Bow","191","11.282722513089006","59","0","0","0","0","","not-applicable-14-card-packs","","","","","","","43","43","0","-0.5012812898200582","0.06477035508581776","0","0","0","{""base"":43,""mana"":0,""color"":-0.5012812898200582,""synergy"":0.06477035508581776,""curve"":0,""creature"":0,""removal"":0,""duplicate"":0,""fixing"":0}","{""カード情報からの推定単体評価"":191,""現在の主色に合う"":115,""主色外のマナ供給が不足"":76,""アーキタイプ・共通メカニズムと相性が良い"":13}","[""カード情報からの推定単体評価"",""現在の主色に合う"",""主色外のマナ供給が不足"",""アーキタイプ・共通メカニズムと相性が良い""]"
"8417f2d5-93c9-474a-a143-5c4e17097a88","A.I.M. Labs","178","9.05056179775281","65","0","0","0","0","","not-applicable-14-card-packs","","","","","","","45","45","0","0","0","0","0","0","{""base"":45,""mana"":0,""color"":0,""synergy"":0,""curve"":0,""creature"":0,""removal"":0,""duplicate"":0,""fixing"":1.5502507457346206}","{""カード情報からの推定単体評価"":178,""主色のマナ基盤を補強"":53}","[""カード情報からの推定単体評価"",""主色のマナ基盤を補強""]"
"8429ba6a-6c06-4a83-a6ee-023b64b825f8","Wolverine, Fierce Fighter","52","5.923076923076923","15","6","0.4","1","0","","not-applicable-14-card-packs","","","","","","","52.699999999999996","52.699999999999996","0","-2.14616219749617","0","0.2475524475524475","0.06608391608391607","-0.2403846153846154","{""base"":52.699999999999974,""mana"":-0.28904223330942397,""color"":-2.14616219749617,""synergy"":0,""curve"":0.2475524475524475,""creature"":0.16573426573426572,""removal"":0.06608391608391607,""duplicate"":-0.2403846153846154,""fixing"":0}","{""カード情報からの推定単体評価"":52,""現在の主色に合う"":16,""4マナのクリーチャーを補強"":9,""クリーチャー不足を補う"":7,""条件付き除去"":16,""主色外のマナ供給が不足"":15,""スプラッシュ用のマナ供給あり"":6}","[""カード情報からの推定単体評価"",""現在の主色に合う"",""条件付き除去"",""主色外のマナ供給が不足"",""4マナのクリーチャーを補強""]"
"85dec6cf-6f27-4eb0-834b-5f6fbbe25fc8","Spider-Man, To the Rescue","105","9.666666666666666","44","0","0","0.1590909090909091","0","","not-applicable-14-card-packs","","","","","","","48.2","48.2","0","-3.121634196350259","0","0.07567099567099567","0","-0.2857142857142857","{""base"":48.1999999999999,""mana"":-0.2809914676368394,""color"":-3.121634196350259,""synergy"":0,""curve"":0.07567099567099567,""creature"":0.035844155844155845,""removal"":0,""duplicate"":-0.2857142857142857,""fixing"":0}","{""カード情報からの推定単体評価"":105,""主色外のマナ供給が不足"":63,""現在の主色に合う"":35,""3マナのクリーチャーを補強"":12,""クリーチャー不足を補う"":3}","[""カード情報からの推定単体評価"",""主色外のマナ供給が不足"",""現在の主色に合う"",""3マナのクリーチャーを補強"",""クリーチャー不足を補う""]"
"87f1a840-021c-4699-a2c4-f2926daf98eb","Hero in Training","203","3.935960591133005","61","2","0.03278688524590164","0.8524590163934426","0","","not-applicable-14-card-packs","","","","","","","49.9","49.9","0","1.416681610088584","0","0.25743394536497977","0","0","{""base"":49.899999999999814,""mana"":0,""color"":1.416681610088584,""synergy"":0,""curve"":0.25743394536497977,""creature"":0.2732646663681149,""removal"":0,""duplicate"":0,""fixing"":0}","{""カード情報からの推定単体評価"":203,""現在の主色に合う"":138,""3マナのクリーチャーを補強"":66,""クリーチャー不足を補う"":45,""主色外のマナ供給が不足"":13}","[""カード情報からの推定単体評価"",""現在の主色に合う"",""3マナのクリーチャーを補強"",""クリーチャー不足を補う"",""主色外のマナ供給が不足""]"
"88923ca1-a793-42f0-b9f8-ed9ff9c1185d","Super Speed","185","11.227027027027027","62","0","0","0","0","","not-applicable-14-card-packs","","","","","","","43","43","0","0.14996149506264733","0","0","0","0","{""base"":43,""mana"":0,""color"":0.14996149506264733,""synergy"":0,""curve"":0,""creature"":0,""removal"":0,""duplicate"":0,""fixing"":0}","{""カード情報からの推定単体評価"":185,""現在の主色に合う"":131,""主色外のマナ供給が不足"":54}","[""カード情報からの推定単体評価"",""現在の主色に合う"",""主色外のマナ供給が不足""]"
"88aadf60-91f9-4932-a2bc-63365a139d36","Daredevil, Man Without Fear","52","8.384615384615385","14","0","0","0.07142857142857142","0","","not-applicable-14-card-packs","","","","","","","48.6","48.6","0","-1.506335574278741","0","0.2819930069930071","0","-0.09615384615384616","{""base"":48.59999999999995,""mana"":-0.2366329581233777,""color"":-1.506335574278741,""synergy"":0,""curve"":0.2819930069930071,""creature"":0.0902097902097902,""removal"":0,""duplicate"":-0.09615384615384616,""fixing"":0}","{""カード情報からの推定単体評価"":52,""現在の主色に合う"":25,""4マナのクリーチャーを補強"":13,""クリーチャー不足を補う"":5,""主色外のマナ供給が不足"":18,""スプラッシュ用のマナ供給あり"":8}","[""カード情報からの推定単体評価"",""現在の主色に合う"",""主色外のマナ供給が不足"",""4マナのクリーチャーを補強"",""スプラッシュ用のマナ供給あり""]"
"88eeb519-5782-4732-bd34-81d1ee6dbc8f","Ka-Zar of the Savage Land","114","10.105263157894736","43","0","0","0","0","","not-applicable-14-card-packs","","","","","","","45","45","0","0.34717639498361025","0.008771929824561403","0","0","-0.21929824561403508","{""base"":45,""mana"":0,""color"":0.34717639498361025,""synergy"":0.008771929824561403,""curve"":0,""creature"":0.130622009569378,""removal"":0,""duplicate"":-0.21929824561403508,""fixing"":0}","{""カード情報からの推定単体評価"":114,""現在の主色に合う"":82,""スプラッシュ用のマナ供給あり"":13,""主色外のマナ供給が不足"":19,""クリーチャー不足を補う"":17,""アーキタイプ・共通メカニズムと相性が良い"":1}","[""カード情報からの推定単体評価"",""現在の主色に合う"",""主色外のマナ供給が不足"",""クリーチャー不足を補う"",""スプラッシュ用のマナ供給あり""]"
"88f34d15-c338-40a7-b56c-c5b650847430","Ghost, Spectral Saboteur","96","9.78125","31","0","0","0.03225806451612903","0","","not-applicable-14-card-packs","","","","","","","47.4","47.4","0","-2.9587808895938594","0","0.04204545454545455","0","-0.20833333333333334","{""base"":47.40000000000003,""mana"":-0.22633694736497914,""color"":-2.9587808895938594,""synergy"":0,""curve"":0.04204545454545455,""creature"":0.14545454545454542,""removal"":0,""duplicate"":-0.20833333333333334,""fixing"":0}","{""カード情報からの推定単体評価"":96,""主色外のマナ供給が不足"":55,""現在の主色に合う"":40,""3マナのクリーチャーを補強"":12,""クリーチャー不足を補う"":15}","[""カード情報からの推定単体評価"",""主色外のマナ供給が不足"",""現在の主色に合う"",""クリーチャー不足を補う"",""3マナのクリーチャーを補強""]"
"8a09d4a2-4796-4a15-ab75-a3a0b717f62d","Ares, God of War","52","6.596153846153846","19","0","0","0.6842105263157895","0","","not-applicable-14-card-packs","","","","","","","50.199999999999996","50.199999999999996","0","-1.5026459991087966","0","0.03828671328671329","0","-0.14423076923076922","{""base"":50.19999999999998,""mana"":-0.297938673650108,""color"":-1.5026459991087966,""synergy"":0,""curve"":0.03828671328671329,""creature"":0.1195804195804196,""removal"":0,""duplicate"":-0.14423076923076922,""fixing"":0}","{""カード情報からの推定単体評価"":52,""現在の主色に合う"":19,""クリーチャー不足を補う"":7,""主色外のマナ供給が不足"":20,""3マナのクリーチャーを補強"":6}","[""カード情報からの推定単体評価"",""主色外のマナ供給が不足"",""現在の主色に合う"",""クリーチャー不足を補う"",""3マナのクリーチャーを補強""]"
"8c4da760-8913-46ca-b00c-bba6d877d482","World War Hulk","50","10.48","10","0","0","0","0","","not-applicable-14-card-packs","","","","","","","43.4","43.4","0","1.8395722181158436","0.25934219466077013","0","0","0","{""base"":43.400000000000034,""mana"":0,""color"":1.8395722181158436,""synergy"":0.25934219466077013,""curve"":0,""creature"":0,""removal"":0,""duplicate"":0,""fixing"":0}","{""カード情報からの推定単体評価"":50,""主色外のマナ供給が不足"":7,""現在の主色に合う"":43,""アーキタイプ・共通メカニズムと相性が良い"":14}","[""カード情報からの推定単体評価"",""現在の主色に合う"",""アーキタイプ・共通メカニズムと相性が良い"",""主色外のマナ供給が不足""]"
"8ceb1acf-5ff3-4f1a-af04-9f07ad454526","Ronin, Shadow Stalker","116","1.8362068965517242","33","27","0.8181818181818182","1","0","","not-applicable-14-card-packs","","","","","","","53.4","53.4","0","1.511165251568619","0.12955120526279706","0.34568965517241385","0.19643416927899682","-0.1724137931034483","{""base"":53.39999999999992,""mana"":0,""color"":1.511165251568619,""synergy"":0.12955120526279706,""curve"":0.34568965517241385,""creature"":0.4095611285266461,""removal"":0.19643416927899682,""duplicate"":-0.1724137931034483,""fixing"":0}","{""カード情報からの推定単体評価"":116,""主色外のマナ供給が不足"":7,""現在の主色に合う"":75,""火力・マイナス修整"":77,""アーキタイプ・共通メカニズムと相性が良い"":15,""3マナのクリーチャーを補強"":32,""クリーチャー不足を補う"":34}","[""カード情報からの推定単体評価"",""火力・マイナス修整"",""現在の主色に合う"",""クリーチャー不足を補う"",""3マナのクリーチャーを補強""]"
"8dd929cb-0fe1-4cb3-bc8d-96ca37f194f3","Monica Rambeau // Photon, Living Light","18","2.8333333333333335","6","0","0","1","0","","not-applicable-14-card-packs","","","","","","","51.6","51.6","0","0.9631760705260309","0","0.2858585858585858","0","0","{""base"":51.600000000000016,""mana"":0,""color"":0.9631760705260309,""synergy"":0,""curve"":0.2858585858585858,""creature"":0.18484848484848482,""removal"":0,""duplicate"":0,""fixing"":0}","{""カード情報からの推定単体評価"":18,""現在の主色に合う"":10,""主色外のマナ供給が不足"":2,""クリーチャー不足を補う"":1,""3マナのクリーチャーを補強"":4}","[""カード情報からの推定単体評価"",""現在の主色に合う"",""3マナのクリーチャーを補強"",""主色外のマナ供給が不足"",""クリーチャー不足を補う""]"
"92e222c2-28e6-4d43-8b48-480ebcd88495","Falcon, Winged Wonder","121","6.8429752066115705","44","0","0","0.3181818181818182","0","","not-applicable-14-card-packs","","","","","","","48.6","48.6","0","1.0567714226880263","0.012332760628011741","0","0","-0.10330578512396695","{""base"":48.600000000000065,""mana"":0,""color"":1.0567714226880263,""synergy"":0.012332760628011741,""curve"":0,""creature"":0.25514650638617575,""removal"":0,""duplicate"":-0.10330578512396695,""fixing"":0}","{""カード情報からの推定単体評価"":121,""現在の主色に合う"":83,""クリーチャー不足を補う"":30,""主色外のマナ供給が不足"":16,""アーキタイプ・共通メカニズムと相性が良い"":2,""スプラッシュ用のマナ供給あり"":7}","[""カード情報からの推定単体評価"",""現在の主色に合う"",""クリーチャー不足を補う"",""主色外のマナ供給が不足"",""スプラッシュ用のマナ供給あり""]"
"939e6f71-185e-41f2-9d54-72cce06f1dce","Thirst for Knowledge","115","9.330434782608696","36","0","0","0","0","","not-applicable-14-card-packs","","","","","","","45.5","45.5","0","0.7960467636987435","0.21333509230009395","0","0","0","{""base"":45.5,""mana"":0,""color"":0.7960467636987435,""synergy"":0.21333509230009395,""curve"":0,""creature"":0,""removal"":0,""duplicate"":0,""fixing"":0}","{""カード情報からの推定単体評価"":115,""現在の主色に合う"":88,""アーキタイプ・共通メカニズムと相性が良い"":27,""主色外のマナ供給が不足"":26}","[""カード情報からの推定単体評価"",""現在の主色に合う"",""アーキタイプ・共通メカニズムと相性が良い"",""主色外のマナ供給が不足""]"
"942ac2ac-7528-4768-8398-8520a8ee15e5","Captain America, Wings of Freedom","40","4.975","13","1","0.07692307692307693","0.6923076923076923","0","","not-applicable-14-card-packs","","","","","","","49.8","49.8","0","1.7279150796892253","0","0.1769318181818182","0","-0.125","{""base"":49.79999999999997,""mana"":0,""color"":1.7279150796892253,""synergy"":0,""curve"":0.1769318181818182,""creature"":0.15545454545454546,""removal"":0,""duplicate"":-0.125,""fixing"":0}","{""カード情報からの推定単体評価"":40,""現在の主色に合う"":30,""3マナのクリーチャーを補強"":12,""クリーチャー不足を補う"":6,""主色外のマナ供給が不足"":1}","[""カード情報からの推定単体評価"",""現在の主色に合う"",""3マナのクリーチャーを補強"",""クリーチャー不足を補う"",""主色外のマナ供給が不足""]"
"945e8443-9647-4eab-b091-ee8e7bc347f5","Machinesmith Automaton","202","5.089108910891089","75","0","0","0.6266666666666667","0","","not-applicable-14-card-packs","","","","","","","49.4","49.4","0","1.0539567020782956","0","0.16318631863186325","0","0","{""base"":49.399999999999814,""mana"":0,""color"":1.0539567020782956,""synergy"":0,""curve"":0.16318631863186325,""creature"":0.2508550855085511,""removal"":0,""duplicate"":0,""fixing"":0}","{""カード情報からの推定単体評価"":202,""現在の主色に合う"":127,""3マナのクリーチャーを補強"":56,""クリーチャー不足を補う"":46,""主色外のマナ供給が不足"":26}","[""カード情報からの推定単体評価"",""現在の主色に合う"",""3マナのクリーチャーを補強"",""クリーチャー不足を補う"",""主色外のマナ供給が不足""]"
"94bc796d-8c04-4835-8a99-7e5dce9540ee","Iron Man, Master of Machines","97","7.010309278350515","28","3","0.10714285714285714","0.9642857142857143","0","","not-applicable-14-card-packs","","","","","","","51.1","51.1","0","-3.1734831068852896","0","0.1746954076850984","0","-0.28350515463917525","{""base"":51.10000000000001,""mana"":-0.27410824519567145,""color"":-3.1734831068852896,""synergy"":0,""curve"":0.1746954076850984,""creature"":0.1304592314901593,""removal"":0,""duplicate"":-0.28350515463917525,""fixing"":0}","{""カード情報からの推定単体評価"":97,""スプラッシュ用のマナ供給あり"":20,""主色外のマナ供給が不足"":23,""現在の主色に合う"":27,""4マナのクリーチャーを補強"":17,""クリーチャー不足を補う"":12}","[""カード情報からの推定単体評価"",""現在の主色に合う"",""主色外のマナ供給が不足"",""スプラッシュ用のマナ供給あり"",""4マナのクリーチャーを補強""]"
"95161e23-e4c4-411f-bce5-58a02abc0958","Arnim Zola, Bio-Fanatic","105","3.6","35","5","0.14285714285714285","0.9714285714285714","0","","not-applicable-14-card-packs","","","","","","","50.2","50.2","0","0.7795837845192924","0","0.22965367965367986","0","-0.07142857142857142","{""base"":50.1999999999999,""mana"":0,""color"":0.7795837845192924,""synergy"":0,""curve"":0.22965367965367986,""creature"":0.2571428571428571,""removal"":0,""duplicate"":-0.07142857142857142,""fixing"":0}","{""カード情報からの推定単体評価"":105,""現在の主色に合う"":62,""3マナのクリーチャーを補強"":34,""主色外のマナ供給が不足"":9,""クリーチャー不足を補う"":20}","[""カード情報からの推定単体評価"",""現在の主色に合う"",""3マナのクリーチャーを補強"",""クリーチャー不足を補う"",""主色外のマナ供給が不足""]"
"958d81c2-ca09-4275-890e-3bb595317325","Iron Man Armor","21","10.619047619047619","11","0","0","0","0","","not-applicable-14-card-packs","","","","","","","43.6","43.6","0","0","0.13449450695658785","0","0","0","{""base"":43.600000000000016,""mana"":0,""color"":0,""synergy"":0.13449450695658785,""curve"":0,""creature"":0,""removal"":0,""duplicate"":0,""fixing"":0}","{""カード情報からの推定単体評価"":21,""アーキタイプ・共通メカニズムと相性が良い"":3}","[""カード情報からの推定単体評価"",""アーキタイプ・共通メカニズムと相性が良い""]"
"98b99d7c-d006-471a-8583-0468743c1597","Team Tactics","124","10.5","38","0","0","0","0","","not-applicable-14-card-packs","","","","","","","44","44","0","-0.4805502320735875","0","0","0","-0.012096774193548387","{""base"":44,""mana"":0,""color"":-0.4805502320735875,""synergy"":0,""curve"":0,""creature"":0,""removal"":0,""duplicate"":-0.012096774193548387,""fixing"":0}","{""カード情報からの推定単体評価"":124,""現在の主色に合う"":78,""主色外のマナ供給が不足"":46}","[""カード情報からの推定単体評価"",""現在の主色に合う"",""主色外のマナ供給が不足""]"
"99c70f4e-de8a-426d-99aa-17b2f87625ba","Training Compound","47","9.02127659574468","12","0","0","0","0","","not-applicable-14-card-packs","","","","","","","45.4","45.4","0","0","0","0","0","0","{""base"":45.400000000000034,""mana"":0,""color"":0,""synergy"":0,""curve"":0,""creature"":0,""removal"":0,""duplicate"":0,""fixing"":0.9669310300862644}","{""カード情報からの推定単体評価"":47,""主色のマナ基盤を補強"":8}","[""カード情報からの推定単体評価"",""主色のマナ基盤を補強""]"
"9b9b086c-d201-4574-a1e9-0d6f8de53d7d","Web Up","200","5.03","63","2","0.031746031746031744","0.8095238095238095","0","","not-applicable-14-card-packs","","","","","","","49.6","49.6","0","1.6459490496531597","0","0","0.25486363636363635","0","{""base"":49.60000000000018,""mana"":0,""color"":1.6459490496531597,""synergy"":0,""curve"":0,""creature"":0,""removal"":0.25486363636363635,""duplicate"":0,""fixing"":0}","{""カード情報からの推定単体評価"":200,""現在の主色に合う"":138,""確定除去"":160,""主色外のマナ供給が不足"":11}","[""カード情報からの推定単体評価"",""確定除去"",""現在の主色に合う"",""主色外のマナ供給が不足""]"
"9bd013df-ad75-4099-940b-1765c58faf26","Castle Doom","48","6.604166666666667","19","0","0","0","0","","not-applicable-14-card-packs","","","","","","","45.4","45.4","0","0","0.13303317011401108","0","0","0","{""base"":45.400000000000034,""mana"":0,""color"":0,""synergy"":0.13303317011401108,""curve"":0,""creature"":0,""removal"":0,""duplicate"":0,""fixing"":4.175774959708691}","{""カード情報からの推定単体評価"":48,""主色のマナ基盤を補強"":48,""アーキタイプ・共通メカニズムと相性が良い"":7}","[""カード情報からの推定単体評価"",""主色のマナ基盤を補強"",""アーキタイプ・共通メカニズムと相性が良い""]"
"9c78778a-6335-4949-8ade-11d0f085cb2b","Loki Laufeyson","100","7.05","37","0","0","0.13513513513513514","0","","not-applicable-14-card-packs","","","","","","","48.2","48.2","0","1.1457383676762618","0","0.5547272727272725","0","-0.225","{""base"":48.19999999999991,""mana"":0,""color"":1.1457383676762618,""synergy"":0,""curve"":0.5547272727272725,""creature"":0.20672727272727276,""removal"":0,""duplicate"":-0.225,""fixing"":0}","{""カード情報からの推定単体評価"":100,""現在の主色に合う"":72,""2マナのクリーチャーを補強"":47,""クリーチャー不足を補う"":24,""主色外のマナ供給が不足"":23}","[""カード情報からの推定単体評価"",""現在の主色に合う"",""2マナのクリーチャーを補強"",""クリーチャー不足を補う"",""主色外のマナ供給が不足""]"
"9e4fa592-71f8-4c71-8c91-78e6326cd736","Doctor Doom","25","8.88","9","0","0","0","0","","not-applicable-14-card-packs","","","","","","","46.1","46.1","0","1.6941676255636628","0","0","0","0","{""base"":46.10000000000001,""mana"":0,""color"":1.6941676255636628,""synergy"":0,""curve"":0,""creature"":0.23563636363636362,""removal"":0,""duplicate"":0,""fixing"":0}","{""カード情報からの推定単体評価"":25,""現在の主色に合う"":23,""クリーチャー不足を補う"":7,""主色外のマナ供給が不足"":2}","[""カード情報からの推定単体評価"",""現在の主色に合う"",""クリーチャー不足を補う"",""主色外のマナ供給が不足""]"
"a14a838a-49f4-45e3-9ec0-3c803af45a68","Red Hulk","114","4.815789473684211","35","2","0.05714285714285714","0.8571428571428571","0","","not-applicable-14-card-packs","","","","","","","49.8","49.8","0","1.1149741775034803","0","0","0","-0.043859649122807015","{""base"":49.800000000000104,""mana"":0,""color"":1.1149741775034803,""synergy"":0,""curve"":0,""creature"":0.23349282296650717,""removal"":0,""duplicate"":-0.043859649122807015,""fixing"":0}","{""カード情報からの推定単体評価"":114,""現在の主色に合う"":70,""クリーチャー不足を補う"":23,""主色外のマナ供給が不足"":14}","[""カード情報からの推定単体評価"",""現在の主色に合う"",""クリーチャー不足を補う"",""主色外のマナ供給が不足""]"
"a1a791be-71e6-4c1f-8717-08ca62d40de2","Brave Brawler","187","3.3636363636363638","59","3","0.05084745762711865","0.9152542372881356","0","","not-applicable-14-card-packs","","","","","","","50.2","50.2","0","1.5102333457946606","0","0.6054448225571218","0","0","{""base"":50.19999999999998,""mana"":0,""color"":1.5102333457946606,""synergy"":0,""curve"":0.6054448225571218,""creature"":0.3424404472532818,""removal"":0,""duplicate"":0,""fixing"":0}","{""カード情報からの推定単体評価"":187,""現在の主色に合う"":126,""2マナのクリーチャーを補強"":89,""クリーチャー不足を補う"":50,""主色外のマナ供給が不足"":7}","[""カード情報からの推定単体評価"",""現在の主色に合う"",""2マナのクリーチャーを補強"",""クリーチャー不足を補う"",""主色外のマナ供給が不足""]"
"a2558476-5506-4a09-93fc-b8ab33c98985","HYDRA Assault Robot","184","4.788043478260869","61","0","0","0.5245901639344263","0","","not-applicable-14-card-packs","","","","","","","49","49","0","1.3741496815695065","0","0.5899209486166005","0","0","{""base"":49,""mana"":0,""color"":1.3741496815695065,""synergy"":0,""curve"":0.5899209486166005,""creature"":0.26976284584980254,""removal"":0,""duplicate"":0,""fixing"":0}","{""カード情報からの推定単体評価"":184,""現在の主色に合う"":127,""2マナのクリーチャーを補強"":89,""クリーチャー不足を補う"":46,""主色外のマナ供給が不足"":25}","[""カード情報からの推定単体評価"",""現在の主色に合う"",""2マナのクリーチャーを補強"",""クリーチャー不足を補う"",""主色外のマナ供給が不足""]"
"a257426d-70c9-4d58-bd8b-97ec38f6e133","Volcanic Villain","178","7.213483146067416","52","0","0","0.19230769230769232","0","","not-applicable-14-card-packs","","","","","","","48.2","48.2","0","1.1093007192814432","0","0.19379468845760986","0","0","{""base"":48.19999999999991,""mana"":0,""color"":1.1093007192814432,""synergy"":0,""curve"":0.19379468845760986,""creature"":0.25066394279877435,""removal"":0,""duplicate"":0,""fixing"":0}","{""カード情報からの推定単体評価"":178,""主色外のマナ供給が不足"":37,""現在の主色に合う"":130,""3マナのクリーチャーを補強"":51,""クリーチャー不足を補う"":48}","[""カード情報からの推定単体評価"",""現在の主色に合う"",""3マナのクリーチャーを補強"",""クリーチャー不足を補う"",""主色外のマナ供給が不足""]"
"a2d90efe-80f2-4069-b135-a8bd00ccd2b0","Agent Maria Hill","96","2.375","33","19","0.5757575757575758","1","0","","not-applicable-14-card-packs","","","","","","","52.3","52.3","0","1.4090184256702638","0","0","0","-0.10416666666666667","{""base"":52.30000000000009,""mana"":0,""color"":1.4090184256702638,""synergy"":0,""curve"":0,""creature"":0.3085227272727273,""removal"":0,""duplicate"":-0.10416666666666667,""fixing"":0}","{""カード情報からの推定単体評価"":96,""現在の主色に合う"":58,""クリーチャー不足を補う"":23,""主色外のマナ供給が不足"":4}","[""カード情報からの推定単体評価"",""現在の主色に合う"",""クリーチャー不足を補う"",""主色外のマナ供給が不足""]"
"a3648376-dc8b-409b-b2d1-c29e326a059c","Surveillance Room","193","6.865284974093265","72","0","0","0","0","","not-applicable-14-card-packs","","","","","","","45","45","0","0","0.009496416502271659","0","0","0","{""base"":45,""mana"":0,""color"":0,""synergy"":0.009496416502271659,""curve"":0,""creature"":0,""removal"":0,""duplicate"":0,""fixing"":4.377921766201564}","{""カード情報からの推定単体評価"":193,""主色のマナ基盤を補強"":193,""アーキタイプ・共通メカニズムと相性が良い"":2}","[""カード情報からの推定単体評価"",""主色のマナ基盤を補強"",""アーキタイプ・共通メカニズムと相性が良い""]"
"a3fb7228-e76b-4e96-a40e-20b5fed75685","Mountain","477","14","154","0","0","0","1","","not-applicable-14-card-packs","","","","","","","12","12","0","0","0","0","0","0","{""base"":12,""mana"":0,""color"":0,""synergy"":0,""curve"":0,""creature"":0,""removal"":0,""duplicate"":0,""fixing"":0}","{""カード情報からの推定単体評価"":477}","[""カード情報からの推定単体評価""]"
"a5424e33-ff4e-4c82-8aa9-9d25ced7830a","Photon Blast Barrage","112","7.544642857142857","35","0","0","0.05714285714285714","0","","not-applicable-14-card-packs","","","","","","","47.4","47.4","0","0.8975676166516212","0","0","0.14500811688311685","0","{""base"":47.39999999999997,""mana"":0,""color"":0.8975676166516212,""synergy"":0,""curve"":0,""creature"":0,""removal"":0.14500811688311685,""duplicate"":0,""fixing"":0}","{""カード情報からの推定単体評価"":112,""主色外のマナ供給が不足"":34,""現在の主色に合う"":76,""火力・マイナス修整"":76}","[""カード情報からの推定単体評価"",""現在の主色に合う"",""火力・マイナス修整"",""主色外のマナ供給が不足""]"
"a82d855c-50c8-43f2-99ba-a84fe84539c5","The Ten Rings","9","11.11111111111111","3","0","0","0","0","","not-applicable-14-card-packs","","","","","","","43.6","43.6","0","0","0","0","0","0","{""base"":43.60000000000001,""mana"":0,""color"":0,""synergy"":0,""curve"":0,""creature"":0,""removal"":0,""duplicate"":0,""fixing"":0}","{""カード情報からの推定単体評価"":9}","[""カード情報からの推定単体評価""]"
"a8c047fc-20a9-4c62-b8a6-9ead56d60ad0","Shuri, Wakandan Inventor","88","6.318181818181818","29","0","0","0.3103448275862069","0","","not-applicable-14-card-packs","","","","","","","48.2","48.2","0","0.8857794776862046","0","0.6842975206611567","0","-0.11363636363636363","{""base"":48.199999999999925,""mana"":0,""color"":0.8857794776862046,""synergy"":0,""curve"":0.6842975206611567,""creature"":0.26466942148760325,""removal"":0,""duplicate"":-0.11363636363636363,""fixing"":0}","{""カード情報からの推定単体評価"":88,""主色外のマナ供給が不足"":17,""現在の主色に合う"":62,""2マナのクリーチャーを補強"":45,""クリーチャー不足を補う"":25}","[""カード情報からの推定単体評価"",""現在の主色に合う"",""2マナのクリーチャーを補強"",""クリーチャー不足を補う"",""主色外のマナ供給が不足""]"
"a8f25e67-2112-4355-9298-363ed04a5cb8","Ultron, Artificial Malevolence","19","4.894736842105263","5","0","0","1","0","","not-applicable-14-card-packs","","","","","","","49.6","49.6","0","0","0","0.3131578947368421","0","0","{""base"":49.600000000000016,""mana"":0,""color"":0,""synergy"":0,""curve"":0.3131578947368421,""creature"":0.19521531100478468,""removal"":0,""duplicate"":0,""fixing"":0}","{""カード情報からの推定単体評価"":19,""3マナのクリーチャーを補強"":7,""クリーチャー不足を補う"":3}","[""カード情報からの推定単体評価"",""3マナのクリーチャーを補強"",""クリーチャー不足を補う""]"
"ac1b6ffc-12a9-4d9c-a9fc-68a839a40738","Captain America, Super-Soldier","17","5.235294117647059","5","0","0","0.6","0","","not-applicable-14-card-packs","","","","","","","48.800000000000004","48.800000000000004","0","2.263803094961256","0","0.23689839572192514","0","0","{""base"":48.79999999999999,""mana"":0,""color"":2.263803094961256,""synergy"":0,""curve"":0.23689839572192514,""creature"":0.3304812834224599,""removal"":0,""duplicate"":0,""fixing"":0}","{""カード情報からの推定単体評価"":17,""現在の主色に合う"":13,""3マナのクリーチャーを補強"":5,""クリーチャー不足を補う"":5,""主色外のマナ供給が不足"":1}","[""カード情報からの推定単体評価"",""現在の主色に合う"",""3マナのクリーチャーを補強"",""クリーチャー不足を補う"",""主色外のマナ供給が不足""]"
"ac950d10-e373-42d3-907b-ee56e45a2084","Crossbones, Malicious Mercenary","102","4.892156862745098","38","0","0","0.7894736842105263","0","","not-applicable-14-card-packs","","","","","","","49.4","49.4","0","1.2667495152287194","0","0.4285204991087343","0","-0.14705882352941177","{""base"":49.399999999999984,""mana"":0,""color"":1.2667495152287194,""synergy"":0,""curve"":0.4285204991087343,""creature"":0.3090909090909091,""removal"":0,""duplicate"":-0.14705882352941177,""fixing"":0}","{""カード情報からの推定単体評価"":102,""現在の主色に合う"":65,""4マナのクリーチャーを補強"":37,""クリーチャー不足を補う"":29,""主色外のマナ供給が不足"":5,""スプラッシュ用のマナ供給あり"":2}","[""カード情報からの推定単体評価"",""現在の主色に合う"",""4マナのクリーチャーを補強"",""クリーチャー不足を補う"",""主色外のマナ供給が不足""]"
"ae6d1aa3-4ceb-4fc1-a3a6-033afd4b3bce","War Machine, Legacy of Iron","97","8.8659793814433","27","0","0","0.37037037037037035","0","","not-applicable-14-card-packs","","","","","","","49.4","49.4","0","-3.1839053284786276","0","0.07900656044985942","0","-0.23195876288659795","{""base"":49.4,""mana"":-0.2492398887651108,""color"":-3.1839053284786276,""synergy"":0,""curve"":0.07900656044985942,""creature"":0.10627928772258668,""removal"":0,""duplicate"":-0.23195876288659795,""fixing"":0}","{""カード情報からの推定単体評価"":97,""現在の主色に合う"":30,""クリーチャー不足を補う"":10,""主色外のマナ供給が不足"":57,""3マナのクリーチャーを補強"":14}","[""カード情報からの推定単体評価"",""主色外のマナ供給が不足"",""現在の主色に合う"",""3マナのクリーチャーを補強"",""クリーチャー不足を補う""]"
"aeeb50f2-8e02-4d40-a1dd-28b1c5c85c7e","Moonstone, Harsh Mistress","90","4.633333333333334","33","0","0","0.6666666666666666","0","","not-applicable-14-card-packs","","","","","","","49.4","49.4","0","1.6992006930543906","0.2497136869617447","0.483939393939394","0","-0.05555555555555555","{""base"":49.40000000000003,""mana"":0,""color"":1.6992006930543906,""synergy"":0.2497136869617447,""curve"":0.483939393939394,""creature"":0.2624242424242424,""removal"":0,""duplicate"":-0.05555555555555555,""fixing"":0}","{""カード情報からの推定単体評価"":90,""現在の主色に合う"":66,""4マナのクリーチャーを補強"":40,""クリーチャー不足を補う"":21,""アーキタイプ・共通メカニズムと相性が良い"":26,""主色外のマナ供給が不足"":1,""スプラッシュ用のマナ供給あり"":1}","[""カード情報からの推定単体評価"",""現在の主色に合う"",""4マナのクリーチャーを補強"",""アーキタイプ・共通メカニズムと相性が良い"",""クリーチャー不足を補う""]"
"b0bf1964-c543-4c53-9f09-0dd7c608d5c5","Black Panther, Vanguard","85","9.129411764705882","20","0","0","0.25","0","","not-applicable-14-card-packs","","","","","","","49","49","0","-2.3589662846801023","0","0.24882352941176472","0","-0.17647058823529413","{""base"":49,""mana"":-0.20678468708968384,""color"":-2.3589662846801023,""synergy"":0,""curve"":0.24882352941176472,""creature"":0.14374331550802139,""removal"":0,""duplicate"":-0.17647058823529413,""fixing"":0}","{""カード情報からの推定単体評価"":85,""スプラッシュ用のマナ供給あり"":16,""現在の主色に合う"":36,""クリーチャー不足を補う"":13,""主色外のマナ供給が不足"":28,""4マナのクリーチャーを補強"":20}","[""カード情報からの推定単体評価"",""現在の主色に合う"",""主色外のマナ供給が不足"",""4マナのクリーチャーを補強"",""スプラッシュ用のマナ供給あり""]"
"b0ed9fbe-324d-467a-a326-c6f85a4c688a","Ant-Man, Colony Commander","102","9.970588235294118","31","0","0","0.0967741935483871","0","","not-applicable-14-card-packs","","","","","","","47.4","47.4","0","-3.9416006328315523","0","-0.0030748663101604263","0","-0.19607843137254902","{""base"":47.4,""mana"":-0.22309461240616635,""color"":-3.9416006328315523,""synergy"":0,""curve"":-0.0030748663101604263,""creature"":0.11764705882352941,""removal"":0,""duplicate"":-0.19607843137254902,""fixing"":0}","{""カード情報からの推定単体評価"":102,""主色外のマナ供給が不足"":65,""現在の主色に合う"":34,""クリーチャー不足を補う"":13,""3マナのクリーチャーを補強"":10}","[""カード情報からの推定単体評価"",""主色外のマナ供給が不足"",""現在の主色に合う"",""クリーチャー不足を補う"",""3マナのクリーチャーを補強""]"
"b175e826-09e8-4fae-9f2e-b902f95b282d","The Mind Stone","24","10.416666666666666","8","0","0","0","0","","not-applicable-14-card-packs","","","","","","","43.6","43.6","0","0.5669188234615953","0","0","0","0","{""base"":43.600000000000016,""mana"":0,""color"":0.5669188234615953,""synergy"":0,""curve"":0,""creature"":0,""removal"":0,""duplicate"":0,""fixing"":0}","{""カード情報からの推定単体評価"":24,""主色外のマナ供給が不足"":7,""現在の主色に合う"":17}","[""カード情報からの推定単体評価"",""現在の主色に合う"",""主色外のマナ供給が不足""]"
"b2c6aa39-2d2a-459c-a555-fb48ba993373","Island","501","14","155","0","0","0","1","","not-applicable-14-card-packs","","","","","","","12","12","0","0","0","0","0","0","{""base"":12,""mana"":0,""color"":0,""synergy"":0,""curve"":0,""creature"":0,""removal"":0,""duplicate"":0,""fixing"":0}","{""カード情報からの推定単体評価"":501}","[""カード情報からの推定単体評価""]"
"b34bb2dc-c1af-4d77-b0b3-a0fb342a5fc6","Forest","501","14","168","0","0","0","1","","not-applicable-14-card-packs","","","","","","","12","12","0","0","0","0","0","0","{""base"":12,""mana"":0,""color"":0,""synergy"":0,""curve"":0,""creature"":0,""removal"":0,""duplicate"":0,""fixing"":0}","{""カード情報からの推定単体評価"":501}","[""カード情報からの推定単体評価""]"
"b43350a8-fc4d-41ed-becd-f0277512bb5f","Kang, Temporal Tyrant","89","5.764044943820225","35","4","0.11428571428571428","0.9428571428571428","0","","not-applicable-14-card-packs","","","","","","","50.7","50.7","0","-0.8576972894786762","0.19172128965705762","0.19448416751787542","0","-0.11235955056179775","{""base"":50.69999999999992,""mana"":-0.32405920160603957,""color"":-0.8576972894786762,""synergy"":0.19172128965705762,""curve"":0.19448416751787542,""creature"":0.1973442288049029,""removal"":0,""duplicate"":-0.11235955056179775,""fixing"":0}","{""カード情報からの推定単体評価"":89,""現在の主色に合う"":34,""アーキタイプ・共通メカニズムと相性が良い"":19,""4マナのクリーチャーを補強"":19,""クリーチャー不足を補う"":18,""主色外のマナ供給が不足"":9,""スプラッシュ用のマナ供給あり"":13}","[""カード情報からの推定単体評価"",""現在の主色に合う"",""アーキタイプ・共通メカニズムと相性が良い"",""4マナのクリーチャーを補強"",""クリーチャー不足を補う""]"
"b46647a1-0c91-451b-8c0b-be8fe02faee2","Elektra, Daughter of the Hand","50","2.4","23","4","0.17391304347826086","1","0","","not-applicable-14-card-packs","","","","","","","51.099999999999994","51.099999999999994","0","1.502498144396026","0","0.3967272727272727","0.1746818181818182","0","{""base"":51.09999999999995,""mana"":0,""color"":1.502498144396026,""synergy"":0,""curve"":0.3967272727272727,""creature"":0.27927272727272723,""removal"":0.1746818181818182,""duplicate"":0,""fixing"":0}","{""カード情報からの推定単体評価"":50,""現在の主色に合う"":27,""4マナのクリーチャーを補強"":15,""クリーチャー不足を補う"":11,""条件付き除去"":31}","[""カード情報からの推定単体評価"",""条件付き除去"",""現在の主色に合う"",""4マナのクリーチャーを補強"",""クリーチャー不足を補う""]"
"b5b0e85f-6651-4667-829c-2253ff8b130d","Madame Masque","92","5.195652173913044","30","0","0","0.7333333333333333","0","","not-applicable-14-card-packs","","","","","","","49.5","49.5","0","1.5714953659557487","0.3256904719140396","0","0","-0.24456521739130435","{""base"":49.5,""mana"":0,""color"":1.5714953659557487,""synergy"":0.3256904719140396,""curve"":0,""creature"":0.31482213438735185,""removal"":0,""duplicate"":-0.24456521739130435,""fixing"":0}","{""カード情報からの推定単体評価"":92,""現在の主色に合う"":65,""アーキタイプ・共通メカニズムと相性が良い"":36,""クリーチャー不足を補う"":29,""主色外のマナ供給が不足"":2,""スプラッシュ用のマナ供給あり"":3}","[""カード情報からの推定単体評価"",""現在の主色に合う"",""アーキタイプ・共通メカニズムと相性が良い"",""クリーチャー不足を補う"",""スプラッシュ用のマナ供給あり""]"
"b5c8e24a-f4d7-42dc-8117-905ad0bad888","Atlantis Attacks","194","11.190721649484535","57","0","0","0","0","","not-applicable-14-card-packs","","","","","","","43","43","0","-0.3533400529791857","0","0","0","-0.11752577319587626","{""base"":43,""mana"":0,""color"":-0.3533400529791857,""synergy"":0,""curve"":0,""creature"":0,""removal"":0,""duplicate"":-0.11752577319587626,""fixing"":0}","{""カード情報からの推定単体評価"":194,""現在の主色に合う"":127,""主色外のマナ供給が不足"":67}","[""カード情報からの推定単体評価"",""現在の主色に合う"",""主色外のマナ供給が不足""]"
"b6c0ee14-2028-4e8b-9acd-ff78821bca9b","Bruce Banner // The Incredible Hulk","19","2.8947368421052633","4","2","0.5","1","0","","not-applicable-14-card-packs","","","","","","","51.6","51.6","0","2.0569000816386933","0","0","0","0","{""base"":51.600000000000016,""mana"":0,""color"":2.0569000816386933,""synergy"":0,""curve"":0,""creature"":0.539712918660287,""removal"":0,""duplicate"":0,""fixing"":0}","{""カード情報からの推定単体評価"":19,""現在の主色に合う"":15,""クリーチャー不足を補う"":9}","[""カード情報からの推定単体評価"",""現在の主色に合う"",""クリーチャー不足を補う""]"
"b74c072d-77ac-460d-9d9c-75b25874f58b","Captain Mar-Vell, Space-Born","101","5.4950495049504955","34","0","0","0.7058823529411765","0","","not-applicable-14-card-packs","","","","","","","49.4","49.4","0","1.1878202038690036","0","0","0","-0.07425742574257425","{""base"":49.399999999999984,""mana"":0,""color"":1.1878202038690036,""synergy"":0,""curve"":0,""creature"":0.2052205220522052,""removal"":0,""duplicate"":-0.07425742574257425,""fixing"":0}","{""カード情報からの推定単体評価"":101,""現在の主色に合う"":65,""クリーチャー不足を補う"":21,""主色外のマナ供給が不足"":9,""スプラッシュ用のマナ供給あり"":3}","[""カード情報からの推定単体評価"",""現在の主色に合う"",""クリーチャー不足を補う"",""主色外のマナ供給が不足"",""スプラッシュ用のマナ供給あり""]"
"b76ce131-e51a-445e-8216-00df5904ab93","Quicksilver, Brash Blur","45","4.8","14","1","0.07142857142857142","0.6428571428571429","0","","not-applicable-14-card-packs","","","","","","","49.4","49.4","0","1.7739790998640081","0","0","0","-0.05555555555555555","{""base"":49.40000000000004,""mana"":0,""color"":1.7739790998640081,""synergy"":0,""curve"":0,""creature"":0.4206060606060605,""removal"":0,""duplicate"":-0.05555555555555555,""fixing"":0}","{""カード情報からの推定単体評価"":45,""現在の主色に合う"":32,""クリーチャー不足を補う"":17,""主色外のマナ供給が不足"":4}","[""カード情報からの推定単体評価"",""現在の主色に合う"",""クリーチャー不足を補う"",""主色外のマナ供給が不足""]"
"b92c2da9-eaa4-404b-8114-5527eec6390e","Roxxon Brutes","216","5.375","68","0","0","0.6764705882352942","0","","not-applicable-14-card-packs","","","","","","","49.4","49.4","0","1.5404388270232716","0.33839612080753456","0","0","0","{""base"":49.39999999999981,""mana"":0,""color"":1.5404388270232716,""synergy"":0.33839612080753456,""curve"":0,""creature"":0.3133838383838387,""removal"":0,""duplicate"":0,""fixing"":0}","{""カード情報からの推定単体評価"":216,""現在の主色に合う"":154,""クリーチャー不足を補う"":69,""アーキタイプ・共通メカニズムと相性が良い"":75,""主色外のマナ供給が不足"":9,""スプラッシュ用のマナ供給あり"":7}","[""カード情報からの推定単体評価"",""現在の主色に合う"",""アーキタイプ・共通メカニズムと相性が良い"",""クリーチャー不足を補う"",""主色外のマナ供給が不足""]"
"bbd0a2a4-f81b-4a6b-bc4d-d7e53dc51333","She-Hulk, Jade Defender","129","3.441860465116279","42","7","0.16666666666666666","0.9761904761904762","0","","not-applicable-14-card-packs","","","","","","","51","51","0","1.3733046382182585","0","0.5758280479210711","0","-0.15503875968992248","{""base"":51,""mana"":0,""color"":1.3733046382182585,""synergy"":0,""curve"":0.5758280479210711,""creature"":0.27315010570824527,""removal"":0,""duplicate"":-0.15503875968992248,""fixing"":0}","{""カード情報からの推定単体評価"":129,""現在の主色に合う"":84,""4マナのクリーチャーを補強"":55,""クリーチャー不足を補う"":28,""主色外のマナ供給が不足"":3,""スプラッシュ用のマナ供給あり"":1}","[""カード情報からの推定単体評価"",""現在の主色に合う"",""4マナのクリーチャーを補強"",""クリーチャー不足を補う"",""主色外のマナ供給が不足""]"
"bbee7921-19c9-4c70-8462-f16e7e9c25db","Pet Avengers","183","5.060109289617486","60","1","0.016666666666666666","0.5333333333333333","0","","not-applicable-14-card-packs","","","","","","","49","49","0","1.3601627819728384","0","0.46371087928464977","0","0","{""base"":49,""mana"":0,""color"":1.3601627819728384,""synergy"":0,""curve"":0.46371087928464977,""creature"":0.25603576751117757,""removal"":0,""duplicate"":0,""fixing"":0}","{""カード情報からの推定単体評価"":183,""現在の主色に合う"":136,""4マナのクリーチャーを補強"":75,""クリーチャー不足を補う"":39,""主色外のマナ供給が不足"":9,""スプラッシュ用のマナ供給あり"":6}","[""カード情報からの推定単体評価"",""現在の主色に合う"",""4マナのクリーチャーを補強"",""クリーチャー不足を補う"",""主色外のマナ供給が不足""]"
"bbf873c2-94c1-46b8-912e-e29e48e0212c","Iron Fist, Living Weapon","109","7.08256880733945","37","0","0","0.2972972972972973","0","","not-applicable-14-card-packs","","","","","","","48.2","48.2","0","1.180102562332943","0","0.18673894912427028","0","-0.13761467889908258","{""base"":48.1999999999999,""mana"":0,""color"":1.180102562332943,""synergy"":0,""curve"":0.18673894912427028,""creature"":0.18415346121768134,""removal"":0,""duplicate"":-0.13761467889908258,""fixing"":0}","{""カード情報からの推定単体評価"":109,""現在の主色に合う"":77,""3マナのクリーチャーを補強"":32,""クリーチャー不足を補う"":22,""主色外のマナ供給が不足"":21}","[""カード情報からの推定単体評価"",""現在の主色に合う"",""3マナのクリーチャーを補強"",""クリーチャー不足を補う"",""主色外のマナ供給が不足""]"
"bc71ebf6-2056-41f7-be35-b2e5c34afa99","Plains","453","14","158","0","0","0","1","","not-applicable-14-card-packs","","","","","","","12","12","0","0","0","0","0","0","{""base"":12,""mana"":0,""color"":0,""synergy"":0,""curve"":0,""creature"":0,""removal"":0,""duplicate"":0,""fixing"":0}","{""カード情報からの推定単体評価"":453}","[""カード情報からの推定単体評価""]"
"bd49a05c-ed51-4d69-ab9b-11192442ec17","Stature, Size Shifter","100","6.54","34","0","0","0.5588235294117647","0","","not-applicable-14-card-packs","","","","","","","49","49","0","0.8823500170883023","0","0","0","-0.15","{""base"":49,""mana"":0,""color"":0.8823500170883023,""synergy"":0,""curve"":0,""creature"":0.24436363636363634,""removal"":0,""duplicate"":-0.15,""fixing"":0}","{""カード情報からの推定単体評価"":100,""主色外のマナ供給が不足"":16,""現在の主色に合う"":65,""クリーチャー不足を補う"":26}","[""カード情報からの推定単体評価"",""現在の主色に合う"",""クリーチャー不足を補う"",""主色外のマナ供給が不足""]"
"be0b86fc-8450-41d4-9836-6de11cecb857","Vibranium Energy Daggers","190","11.2","58","0","0","0","0","","not-applicable-14-card-packs","","","","","","","43","43","0","0","0.13743031298506497","0","0","0","{""base"":43,""mana"":0,""color"":0,""synergy"":0.13743031298506497,""curve"":0,""creature"":0,""removal"":0,""duplicate"":0,""fixing"":0}","{""カード情報からの推定単体評価"":190,""アーキタイプ・共通メカニズムと相性が良い"":29}","[""カード情報からの推定単体評価"",""アーキタイプ・共通メカニズムと相性が良い""]"
"bec686dd-a9ea-4db5-bc20-8e40420b9a9b","Leader, Super-Genius","47","5.9787234042553195","12","0","0","0.16666666666666666","0","","not-applicable-14-card-packs","","","","","","","48.699999999999996","48.699999999999996","0","1.9729091032530532","0.2201941033962611","0.27485493230174085","0","0","{""base"":48.70000000000001,""mana"":0,""color"":1.9729091032530532,""synergy"":0.2201941033962611,""curve"":0.27485493230174085,""creature"":0.3191489361702126,""removal"":0,""duplicate"":0,""fixing"":0}","{""カード情報からの推定単体評価"":47,""現在の主色に合う"":37,""クリーチャー不足を補う"":16,""主色外のマナ供給が不足"":8,""アーキタイプ・共通メカニズムと相性が良い"":11,""4マナのクリーチャーを補強"":16}","[""カード情報からの推定単体評価"",""現在の主色に合う"",""クリーチャー不足を補う"",""4マナのクリーチャーを補強"",""アーキタイプ・共通メカニズムと相性が良い""]"
"bfe0818b-ae13-4174-85c8-24b895d28df0","Moon Girl and Devil Dinosaur","45","6.044444444444444","10","1","0.1","1","0","","not-applicable-14-card-packs","","","","","","","52.3","52.3","0","-1.8319733398247207","0","0.23515151515151517","0","-0.16666666666666666","{""base"":52.29999999999999,""mana"":-0.2820366699948294,""color"":-1.8319733398247207,""synergy"":0,""curve"":0.23515151515151517,""creature"":0.17333333333333334,""removal"":0,""duplicate"":-0.16666666666666666,""fixing"":0}","{""カード情報からの推定単体評価"":45,""主色外のマナ供給が不足"":16,""現在の主色に合う"":19,""3マナのクリーチャーを補強"":13,""クリーチャー不足を補う"":7}","[""カード情報からの推定単体評価"",""現在の主色に合う"",""主色外のマナ供給が不足"",""3マナのクリーチャーを補強"",""クリーチャー不足を補う""]"
"c09c424b-6aba-4190-9f55-f0307d746386","Scientist Supreme of A.I.M.","51","7.196078431372549","21","0","0","0.38095238095238093","0","","not-applicable-14-card-packs","","","","","","","49.4","49.4","0","-1.3632106045378605","0","0.48930481283422456","0","-0.049019607843137254","{""base"":49.40000000000005,""mana"":-0.2998890626356477,""color"":-1.3632106045378605,""synergy"":0,""curve"":0.48930481283422456,""creature"":0.25026737967914436,""removal"":0,""duplicate"":-0.049019607843137254,""fixing"":0}","{""カード情報からの推定単体評価"":51,""現在の主色に合う"":21,""2マナのクリーチャーを補強"":18,""クリーチャー不足を補う"":12,""主色外のマナ供給が不足"":22}","[""カード情報からの推定単体評価"",""主色外のマナ供給が不足"",""現在の主色に合う"",""2マナのクリーチャーを補強"",""クリーチャー不足を補う""]"
"c112852f-61d5-4b94-b864-c7d0b5333b29","Loki, God of Mischief","39","2.7948717948717947","12","4","0.3333333333333333","1","0","","not-applicable-14-card-packs","","","","","","","51.1","51.1","0","1.926388899680673","0","0.716783216783217","0","0","{""base"":51.099999999999966,""mana"":0,""color"":1.926388899680673,""synergy"":0,""curve"":0.716783216783217,""creature"":0.4237762237762237,""removal"":0,""duplicate"":0,""fixing"":0}","{""カード情報からの推定単体評価"":39,""現在の主色に合う"":27,""2マナのクリーチャーを補強"":18,""クリーチャー不足を補う"":13}","[""カード情報からの推定単体評価"",""現在の主色に合う"",""2マナのクリーチャーを補強"",""クリーチャー不足を補う""]"
"c1669020-8f81-471a-9083-7e9ce3e8f387","S.H.I.E.L.D. Deployment Drone","189","4.777777777777778","59","2","0.03389830508474576","0.7288135593220338","0","","not-applicable-14-card-packs","","","","","","","49.4","49.4","0","1.4001826486875206","0","0.3528138528138527","0","0","{""base"":49.39999999999983,""mana"":0,""color"":1.4001826486875206,""synergy"":0,""curve"":0.3528138528138527,""creature"":0.3284271284271288,""removal"":0,""duplicate"":0,""fixing"":0}","{""カード情報からの推定単体評価"":189,""現在の主色に合う"":131,""主色外のマナ供給が不足"":15,""3マナのクリーチャーを補強"":71,""クリーチャー不足を補う"":55}","[""カード情報からの推定単体評価"",""現在の主色に合う"",""3マナのクリーチャーを補強"",""クリーチャー不足を補う"",""主色外のマナ供給が不足""]"
"c2b2b743-dfc7-439e-8563-1ccce54422bd","Death to Our Enemies","87","11.436781609195402","33","0","0","0","0","","not-applicable-14-card-packs","","","","","","","43","43","0","-0.8013748911398695","0.19749420406993357","0","0","0","{""base"":43,""mana"":0,""color"":-0.8013748911398695,""synergy"":0.19749420406993357,""curve"":0,""creature"":0,""removal"":0,""duplicate"":0,""fixing"":0}","{""カード情報からの推定単体評価"":87,""主色外のマナ供給が不足"":36,""現在の主色に合う"":51,""アーキタイプ・共通メカニズムと相性が良い"":18}","[""カード情報からの推定単体評価"",""現在の主色に合う"",""主色外のマナ供給が不足"",""アーキタイプ・共通メカニズムと相性が良い""]"
"c3172c5d-c745-4422-b651-cd414c8da11b","Birnin Zana Plaza","199","9.21105527638191","80","0","0","0","0","","not-applicable-14-card-packs","","","","","","","45","45","0","0","0","0","0","0","{""base"":45,""mana"":0,""color"":0,""synergy"":0,""curve"":0,""creature"":0,""removal"":0,""duplicate"":0,""fixing"":1.741628252319112}","{""カード情報からの推定単体評価"":199,""主色のマナ基盤を補強"":65}","[""カード情報からの推定単体評価"",""主色のマナ基盤を補強""]"
"c38f7447-e646-438d-81bd-fe2a71c8a79c","Ninja of the Hand","191","4.774869109947644","61","1","0.01639344262295082","0.6229508196721312","0","","not-applicable-14-card-packs","","","","","","","49.4","49.4","0","1.6277105309971653","0.29381815043958975","0.2502379819133746","0","0","{""base"":49.39999999999983,""mana"":0,""color"":1.6277105309971653,""synergy"":0.29381815043958975,""curve"":0.2502379819133746,""creature"":0.31699190861494564,""removal"":0,""duplicate"":0,""fixing"":0}","{""カード情報からの推定単体評価"":191,""現在の主色に合う"":140,""アーキタイプ・共通メカニズムと相性が良い"":65,""3マナのクリーチャーを補強"":65,""主色外のマナ供給が不足"":13,""クリーチャー不足を補う"":59}","[""カード情報からの推定単体評価"",""現在の主色に合う"",""アーキタイプ・共通メカニズムと相性が良い"",""3マナのクリーチャーを補強"",""クリーチャー不足を補う""]"
"c3a8cc79-3771-484d-84dd-1a97f8bd12c2","Hercules, Prince of Power","109","5.477064220183486","38","0","0","0.42105263157894735","0","","not-applicable-14-card-packs","","","","","","","49","49","0","1.2979011522621136","0","0.34808173477898247","0","-0.11467889908256881","{""base"":49,""mana"":0,""color"":1.2979011522621136,""synergy"":0,""curve"":0.34808173477898247,""creature"":0.23319432860717268,""removal"":0,""duplicate"":-0.11467889908256881,""fixing"":0}","{""カード情報からの推定単体評価"":109,""現在の主色に合う"":75,""クリーチャー不足を補う"":26,""3マナのクリーチャーを補強"":41,""主色外のマナ供給が不足"":18}","[""カード情報からの推定単体評価"",""現在の主色に合う"",""3マナのクリーチャーを補強"",""クリーチャー不足を補う"",""主色外のマナ供給が不足""]"
"c5fc8e7c-a87e-4586-a13c-d30e0a3aafbf","Avengers Tower","130","6.338461538461538","39","0","0","0","0","","not-applicable-14-card-packs","","","","","","","45","45","0","0","0","0","0","0","{""base"":45,""mana"":0,""color"":0,""synergy"":0,""curve"":0,""creature"":0,""removal"":0,""duplicate"":0,""fixing"":4.782304791971672}","{""カード情報からの推定単体評価"":130,""主色のマナ基盤を補強"":130}","[""カード情報からの推定単体評価"",""主色のマナ基盤を補強""]"
"c6284597-1983-4a21-a461-724135220e0d","Reptil, Dinomorpher","93","2.4838709677419355","35","18","0.5142857142857142","1","0","","not-applicable-14-card-packs","","","","","","","51.8","51.8","0","1.211465302428562","0","0","0","-0.026881720430107527","{""base"":51.80000000000008,""mana"":0,""color"":1.211465302428562,""synergy"":0,""curve"":0,""creature"":0.2897360703812317,""removal"":0,""duplicate"":-0.026881720430107527,""fixing"":0}","{""カード情報からの推定単体評価"":93,""現在の主色に合う"":54,""クリーチャー不足を補う"":22,""主色外のマナ供給が不足"":4}","[""カード情報からの推定単体評価"",""現在の主色に合う"",""クリーチャー不足を補う"",""主色外のマナ供給が不足""]"
"c867a778-97ef-4872-b890-b088b96a1281","Jennifer Walters // The Sensational She-Hulk","17","2.2941176470588234","5","2","0.4","1","0","","not-applicable-14-card-packs","","","","","","","51.6","51.6","0","0.8910795229724503","0","0.33288770053475936","0","0","{""base"":51.600000000000016,""mana"":0,""color"":0.8910795229724503,""synergy"":0,""curve"":0.33288770053475936,""creature"":0.388235294117647,""removal"":0,""duplicate"":0,""fixing"":0}","{""カード情報からの推定単体評価"":17,""現在の主色に合う"":11,""クリーチャー不足を補う"":5,""2マナのクリーチャーを補強"":5,""主色外のマナ供給が不足"":1}","[""カード情報からの推定単体評価"",""現在の主色に合う"",""クリーチャー不足を補う"",""2マナのクリーチャーを補強"",""主色外のマナ供給が不足""]"
"c8f8b4ed-8455-45cd-a24c-e2f42cd5e5b1","Hawkeye, Young Avenger","110","8.00909090909091","36","0","0","0.05555555555555555","0","","not-applicable-14-card-packs","","","","","","","47.4","47.4","0","0.827052918833416","0","0.43070247933884287","0","-0.13636363636363635","{""base"":47.39999999999998,""mana"":0,""color"":0.827052918833416,""synergy"":0,""curve"":0.43070247933884287,""creature"":0.1998347107438016,""removal"":0,""duplicate"":-0.13636363636363635,""fixing"":0}","{""カード情報からの推定単体評価"":110,""現在の主色に合う"":79,""4マナのクリーチャーを補強"":38,""クリーチャー不足を補う"":25,""スプラッシュ用のマナ供給あり"":8,""主色外のマナ供給が不足"":21}","[""カード情報からの推定単体評価"",""現在の主色に合う"",""4マナのクリーチャーを補強"",""クリーチャー不足を補う"",""主色外のマナ供給が不足""]"
"c91e64d4-e687-4ccd-a56e-796cff6e052c","Baron Strucker, HYDRA Overlord","124","3.9516129032258065","44","3","0.06818181818181818","0.9545454545454546","0","","not-applicable-14-card-packs","","","","","","","49.9","49.9","0","1.5028899038434573","0.30601998844112716","0.24395161290322595","0","-0.12096774193548387","{""base"":49.89999999999992,""mana"":0,""color"":1.5028899038434573,""synergy"":0.30601998844112716,""curve"":0.24395161290322595,""creature"":0.3541055718475075,""removal"":0,""duplicate"":-0.12096774193548387,""fixing"":0}","{""カード情報からの推定単体評価"":124,""現在の主色に合う"":79,""クリーチャー不足を補う"":36,""アーキタイプ・共通メカニズムと相性が良い"":44,""3マナのクリーチャーを補強"":37,""主色外のマナ供給が不足"":3}","[""カード情報からの推定単体評価"",""現在の主色に合う"",""アーキタイプ・共通メカニズムと相性が良い"",""3マナのクリーチャーを補強"",""クリーチャー不足を補う""]"
"c95d1558-09a4-4dbc-b08a-fe21b47bc5d2","Luke Cage, Power Man","115","6.765217391304348","36","0","0","0.16666666666666666","0","","not-applicable-14-card-packs","","","","","","","48.2","48.2","0","1.8252430109654492","0","0.43869565217391293","0","-0.13043478260869565","{""base"":48.199999999999896,""mana"":0,""color"":1.8252430109654492,""synergy"":0,""curve"":0.43869565217391293,""creature"":0.2670355731225297,""removal"":0,""duplicate"":-0.13043478260869565,""fixing"":0}","{""カード情報からの推定単体評価"":115,""現在の主色に合う"":93,""4マナのクリーチャーを補強"":46,""クリーチャー不足を補う"":36,""スプラッシュ用のマナ供給あり"":5,""主色外のマナ供給が不足"":11}","[""カード情報からの推定単体評価"",""現在の主色に合う"",""4マナのクリーチャーを補強"",""クリーチャー不足を補う"",""主色外のマナ供給が不足""]"
"ca3cda24-0ecd-4edf-b1b3-54311ad58a51","Helicarrier Strike","165","7.466666666666667","51","0","0","0.0784313725490196","0","","not-applicable-14-card-packs","","","","","","","47.4","47.4","0","1.3471796055966678","0","0","0.19078512396694206","0","{""base"":47.399999999999864,""mana"":0,""color"":1.3471796055966678,""synergy"":0,""curve"":0,""creature"":0,""removal"":0.19078512396694206,""duplicate"":0,""fixing"":0}","{""カード情報からの推定単体評価"":165,""現在の主色に合う"":130,""火力・マイナス修整"":134,""主色外のマナ供給が不足"":31}","[""カード情報からの推定単体評価"",""火力・マイナス修整"",""現在の主色に合う"",""主色外のマナ供給が不足""]"
"cd2888aa-71f3-47ee-ba33-7bb95d5bc836","Villainous Hideout","94","4.382978723404255","29","0","0","0.13793103448275862","0","","not-applicable-14-card-packs","","","","","","","47.5","47.5","0","0","0.23365769111565865","0","0","0","{""base"":47.5,""mana"":0,""color"":0,""synergy"":0.23365769111565865,""curve"":0,""creature"":0,""removal"":0,""duplicate"":0,""fixing"":4.0813382536954075}","{""カード情報からの推定単体評価"":94,""主色のマナ基盤を補強"":94,""アーキタイプ・共通メカニズムと相性が良い"":25}","[""カード情報からの推定単体評価"",""主色のマナ基盤を補強"",""アーキタイプ・共通メカニズムと相性が良い""]"
"cd403866-bef1-413a-85e2-c86e295b3589","Agent of Atlas","212","5.028301886792453","69","0","0","0.4782608695652174","0","","not-applicable-14-card-packs","","","","","","","49","49","0","1.713617482101982","0","0.5987778730703257","0","0","{""base"":49,""mana"":0,""color"":1.713617482101982,""synergy"":0,""curve"":0.5987778730703257,""creature"":0.23567753001715286,""removal"":0,""duplicate"":0,""fixing"":0}","{""カード情報からの推定単体評価"":212,""現在の主色に合う"":159,""2マナのクリーチャーを補強"":105,""クリーチャー不足を補う"":48,""主色外のマナ供給が不足"":20}","[""カード情報からの推定単体評価"",""現在の主色に合う"",""2マナのクリーチャーを補強"",""クリーチャー不足を補う"",""主色外のマナ供給が不足""]"
"d3678fce-6897-4f2c-bf50-243facb6581b","Multiversal Incursion","15","9.8","5","0","0","0","0","","not-applicable-14-card-packs","","","","","","","43.6","43.6","0","0.7627704001318327","0","0","0","0","{""base"":43.600000000000016,""mana"":0,""color"":0.7627704001318327,""synergy"":0,""curve"":0,""creature"":0,""removal"":0,""duplicate"":0,""fixing"":0}","{""カード情報からの推定単体評価"":15,""現在の主色に合う"":12,""主色外のマナ供給が不足"":3}","[""カード情報からの推定単体評価"",""現在の主色に合う"",""主色外のマナ供給が不足""]"
"d49a7525-eca5-48e1-b94b-d618a706fd02","Subterranean Cavern","190","9.273684210526316","69","0","0","0","0","","not-applicable-14-card-packs","","","","","","","45","45","0","0","0","0","0","0","{""base"":45,""mana"":0,""color"":0,""synergy"":0,""curve"":0,""creature"":0,""removal"":0,""duplicate"":0,""fixing"":1.7830465006601697}","{""カード情報からの推定単体評価"":190,""主色のマナ基盤を補強"":65}","[""カード情報からの推定単体評価"",""主色のマナ基盤を補強""]"
"d566d5f1-5abd-405b-8553-d267ecbe72ab","The Thing, Ben Grimm","102","3.7941176470588234","32","8","0.25","1","0","","not-applicable-14-card-packs","","","","","","","50.6","50.6","0","1.5736354350510926","0","-0.0106951871657754","0","-0.024509803921568627","{""base"":50.60000000000002,""mana"":0,""color"":1.5736354350510926,""synergy"":0,""curve"":-0.0106951871657754,""creature"":0.27914438502673794,""removal"":0,""duplicate"":-0.024509803921568627,""fixing"":0}","{""カード情報からの推定単体評価"":102,""現在の主色に合う"":66,""クリーチャー不足を補う"":24,""スプラッシュ用のマナ供給あり"":3,""主色外のマナ供給が不足"":1}","[""カード情報からの推定単体評価"",""現在の主色に合う"",""クリーチャー不足を補う"",""スプラッシュ用のマナ供給あり"",""主色外のマナ供給が不足""]"
"d7562f89-4808-44ab-8dc9-fc4078e8a47b","Evil's Thrall","95","11.284210526315789","29","0","0","0","0","","not-applicable-14-card-packs","","","","","","","43","43","0","-0.44384259089317124","0","0","0","0","{""base"":43,""mana"":0,""color"":-0.44384259089317124,""synergy"":0,""curve"":0,""creature"":0,""removal"":0,""duplicate"":0,""fixing"":0}","{""カード情報からの推定単体評価"":95,""現在の主色に合う"":60,""主色外のマナ供給が不足"":35}","[""カード情報からの推定単体評価"",""現在の主色に合う"",""主色外のマナ供給が不足""]"
"d7f3178d-7b7c-4346-af50-a7b0206bee22","Origin of the Avengers","47","8.893617021276595","10","0","0","0","0","","not-applicable-14-card-packs","","","","","","","45.9","45.9","0","1.8948814673801448","0.15410763500537544","0","0","0","{""base"":45.900000000000034,""mana"":0,""color"":1.8948814673801448,""synergy"":0.15410763500537544,""curve"":0,""creature"":0,""removal"":0,""duplicate"":0,""fixing"":0}","{""カード情報からの推定単体評価"":47,""現在の主色に合う"":43,""アーキタイプ・共通メカニズムと相性が良い"":9,""主色外のマナ供給が不足"":4}","[""カード情報からの推定単体評価"",""現在の主色に合う"",""アーキタイプ・共通メカニズムと相性が良い"",""主色外のマナ供給が不足""]"
"d812c8e3-a475-4ad2-a93f-7208ad873676","Madame Hydra","100","9.4","34","0","0","0.029411764705882353","0","","not-applicable-14-card-packs","","","","","","","48.6","48.6","0","-3.2471749779765093","0","0.20490909090909093","0","-0.175","{""base"":48.6,""mana"":-0.24572649057921758,""color"":-3.2471749779765093,""synergy"":0,""curve"":0.20490909090909093,""creature"":0.132,""removal"":0,""duplicate"":-0.175,""fixing"":0}","{""カード情報からの推定単体評価"":100,""スプラッシュ用のマナ供給あり"":20,""主色外のマナ供給が不足"":46,""現在の主色に合う"":33,""4マナのクリーチャーを補強"":18,""クリーチャー不足を補う"":14}","[""カード情報からの推定単体評価"",""主色外のマナ供給が不足"",""現在の主色に合う"",""スプラッシュ用のマナ供給あり"",""4マナのクリーチャーを補強""]"
"d82929f2-57ad-45be-a834-984437046026","Super Intelligence","110","11.145454545454545","37","0","0","0","0","","not-applicable-14-card-packs","","","","","","","43","43","0","0.5275006975244857","0","0","0","0","{""base"":43,""mana"":0,""color"":0.5275006975244857,""synergy"":0,""curve"":0,""creature"":0,""removal"":0,""duplicate"":0,""fixing"":0}","{""カード情報からの推定単体評価"":110,""現在の主色に合う"":80,""主色外のマナ供給が不足"":30}","[""カード情報からの推定単体評価"",""現在の主色に合う"",""主色外のマナ供給が不足""]"
"d8863742-6c1c-415a-ad27-7def6d119c6a","Crimson Operative","206","8.33495145631068","56","0","0","0.03571428571428571","0","","not-applicable-14-card-packs","","","","","","","46.6","46.6","0","0.4462719712032475","0","0.45180935569285047","0","0","{""base"":46.60000000000018,""mana"":0,""color"":0.4462719712032475,""synergy"":0,""curve"":0.45180935569285047,""creature"":0.20176522506619607,""removal"":0,""duplicate"":0,""fixing"":0}","{""カード情報からの推定単体評価"":206,""現在の主色に合う"":151,""スプラッシュ用のマナ供給あり"":28,""主色外のマナ供給が不足"":25,""4マナのクリーチャーを補強"":80,""クリーチャー不足を補う"":42}","[""カード情報からの推定単体評価"",""現在の主色に合う"",""4マナのクリーチャーを補強"",""クリーチャー不足を補う"",""スプラッシュ用のマナ供給あり""]"
"d89aa87a-d59a-41e2-b92f-15c9bc6d3d13","Project Deathlok Soldier","183","2.169398907103825","65","45","0.6923076923076923","1","0","","not-applicable-14-card-packs","","","","","","","52.3","52.3","0","1.2481481724874282","0","0","0","0","{""base"":52.3,""mana"":0,""color"":1.2481481724874282,""synergy"":0,""curve"":0,""creature"":0.3108792846497768,""removal"":0,""duplicate"":0,""fixing"":0}","{""カード情報からの推定単体評価"":183,""現在の主色に合う"":108,""クリーチャー不足を補う"":39,""主色外のマナ供給が不足"":10}","[""カード情報からの推定単体評価"",""現在の主色に合う"",""クリーチャー不足を補う"",""主色外のマナ供給が不足""]"
"d8ae8c38-501e-44ea-9faf-cf9d11ba6616","The Scarlet Witch","61","6.131147540983607","16","0","0","0.375","0","","not-applicable-14-card-packs","","","","","","","48.6","48.6","0","1.7859916788192658","0","0.13174366616989572","0","-0.12295081967213115","{""base"":48.599999999999945,""mana"":0,""color"":1.7859916788192658,""synergy"":0,""curve"":0.13174366616989572,""creature"":0.2423248882265275,""removal"":0,""duplicate"":-0.12295081967213115,""fixing"":0}","{""カード情報からの推定単体評価"":61,""主色外のマナ供給が不足"":9,""現在の主色に合う"":46,""3マナのクリーチャーを補強"":19,""クリーチャー不足を補う"":16}","[""カード情報からの推定単体評価"",""現在の主色に合う"",""3マナのクリーチャーを補強"",""クリーチャー不足を補う"",""主色外のマナ供給が不足""]"
"d90a5213-3363-4cd1-97d6-4fc057f78b2a","Thunderbolts Conspiracy","50","10.04","16","0","0","0","0","","not-applicable-14-card-packs","","","","","","","43.4","43.4","0","1.18438496813397","0","0","0","0","{""base"":43.400000000000034,""mana"":0,""color"":1.18438496813397,""synergy"":0,""curve"":0,""creature"":0,""removal"":0,""duplicate"":0,""fixing"":0}","{""カード情報からの推定単体評価"":50,""主色外のマナ供給が不足"":5,""現在の主色に合う"":42,""スプラッシュ用のマナ供給あり"":3}","[""カード情報からの推定単体評価"",""現在の主色に合う"",""主色外のマナ供給が不足"",""スプラッシュ用のマナ供給あり""]"
"d911cf65-7273-4162-a766-7d4107699dc2","Avengers: Under Siege","45","11.6","18","0","0","0","0","","not-applicable-14-card-packs","","","","","","","43.4","43.4","0","-3.4215784413099257","0.1490275025552132","0","0","0","{""base"":43.400000000000034,""mana"":-0.22915090964692247,""color"":-3.4215784413099257,""synergy"":0.1490275025552132,""curve"":0,""creature"":0,""removal"":0,""duplicate"":0,""fixing"":0}","{""カード情報からの推定単体評価"":45,""主色外のマナ供給が不足"":22,""現在の主色に合う"":16,""アーキタイプ・共通メカニズムと相性が良い"":8,""スプラッシュ用のマナ供給あり"":7}","[""カード情報からの推定単体評価"",""主色外のマナ供給が不足"",""現在の主色に合う"",""アーキタイプ・共通メカニズムと相性が良い"",""スプラッシュ用のマナ供給あり""]"
"da6e24a4-8adc-41a1-b5eb-3e31dc1250c9","Kang the Conqueror","18","2","6","3","0.5","1","0","","not-applicable-14-card-packs","","","","","","","52.4","52.4","0","1.3620935938216034","0","0.2916666666666667","0","0","{""base"":52.399999999999984,""mana"":0,""color"":1.3620935938216034,""synergy"":0,""curve"":0.2916666666666667,""creature"":0.27878787878787875,""removal"":0,""duplicate"":0,""fixing"":0}","{""カード情報からの推定単体評価"":18,""現在の主色に合う"":12,""4マナのクリーチャーを補強"":4,""クリーチャー不足を補う"":3}","[""カード情報からの推定単体評価"",""現在の主色に合う"",""4マナのクリーチャーを補強"",""クリーチャー不足を補う""]"
"dae20bcd-dc24-4f9d-9400-a6f013b49f14","Agent Phil Coulson","56","5.053571428571429","22","0","0","0.5909090909090909","0","","not-applicable-14-card-packs","","","","","","","49.4","49.4","0","1.247007978284229","0","0.5362824675324676","0","-0.044642857142857144","{""base"":49.40000000000005,""mana"":0,""color"":1.247007978284229,""synergy"":0,""curve"":0.5362824675324676,""creature"":0.29025974025974016,""removal"":0,""duplicate"":-0.044642857142857144,""fixing"":0}","{""カード情報からの推定単体評価"":56,""現在の主色に合う"":36,""主色外のマナ供給が不足"":7,""2マナのクリーチャーを補強"":25,""クリーチャー不足を補う"":13}","[""カード情報からの推定単体評価"",""現在の主色に合う"",""2マナのクリーチャーを補強"",""クリーチャー不足を補う"",""主色外のマナ供給が不足""]"
"dcd97730-b793-4c0c-b158-625ac3656b4a","Taskmaster, Mercenary Mimic","41","7.463414634146342","20","0","0","0.4","0","","not-applicable-14-card-packs","","","","","","","49.4","49.4","0","-0.6101803676290416","0","0.03569844789356984","0","-0.06097560975609756","{""base"":49.400000000000034,""mana"":-0.33832359446332794,""color"":-0.6101803676290416,""synergy"":0,""curve"":0.03569844789356984,""creature"":0.09977827050997783,""removal"":0,""duplicate"":-0.06097560975609756,""fixing"":0}","{""カード情報からの推定単体評価"":41,""主色外のマナ供給が不足"":15,""現在の主色に合う"":16,""スプラッシュ用のマナ供給あり"":2,""4マナのクリーチャーを補強"":5,""クリーチャー不足を補う"":4}","[""カード情報からの推定単体評価"",""現在の主色に合う"",""主色外のマナ供給が不足"",""4マナのクリーチャーを補強"",""クリーチャー不足を補う""]"
"ddf7201a-6672-416d-be6b-202dafbeccab","Agent 13, Sharon Carter","113","3.309734513274336","35","4","0.11428571428571428","1","0","","not-applicable-14-card-packs","","","","","","","50.7","50.7","0","1.2616542010665666","0.0713985992777549","0.3646419951729687","0","-0.11061946902654868","{""base"":50.699999999999896,""mana"":0,""color"":1.2616542010665666,""synergy"":0.0713985992777549,""curve"":0.3646419951729687,""creature"":0.33113435237329053,""removal"":0,""duplicate"":-0.11061946902654868,""fixing"":0}","{""カード情報からの推定単体評価"":113,""現在の主色に合う"":71,""3マナのクリーチャーを補強"":40,""クリーチャー不足を補う"":30,""主色外のマナ供給が不足"":7,""アーキタイプ・共通メカニズムと相性が良い"":8}","[""カード情報からの推定単体評価"",""現在の主色に合う"",""3マナのクリーチャーを補強"",""クリーチャー不足を補う"",""アーキタイプ・共通メカニズムと相性が良い""]"
"de1ad369-5aa3-4c54-8fb1-30b7f1d4d542","Rapid Rescue","220","11.327272727272728","73","0","0","0","0","","not-applicable-14-card-packs","","","","","","","43","43","0","0.0039596409574839545","0","0","0","0","{""base"":43,""mana"":0,""color"":0.0039596409574839545,""synergy"":0,""curve"":0,""creature"":0,""removal"":0,""duplicate"":0,""fixing"":0}","{""カード情報からの推定単体評価"":220,""現在の主色に合う"":152,""主色外のマナ供給が不足"":68}","[""カード情報からの推定単体評価"",""現在の主色に合う"",""主色外のマナ供給が不足""]"
"deb16a9a-2fa9-4ad3-bb20-7c16066e3d14","I Am Iron Man","177","9.265536723163843","66","0","0","0","0","","not-applicable-14-card-packs","","","","","","","45.5","45.5","0","0.9533962801293132","0","0","0","0","{""base"":45.5,""mana"":0,""color"":0.9533962801293132,""synergy"":0,""curve"":0,""creature"":0,""removal"":0,""duplicate"":0,""fixing"":0}","{""カード情報からの推定単体評価"":177,""主色外のマナ供給が不足"":37,""現在の主色に合う"":140}","[""カード情報からの推定単体評価"",""現在の主色に合う"",""主色外のマナ供給が不足""]"
"df3d5b86-7b75-4df9-8985-7159cde12261","Ironheart, Clever Champion","42","5.619047619047619","12","0","0","0.5833333333333334","0","","not-applicable-14-card-packs","","","","","","","49","49","0","1.4906888291449647","0","0","0","0","{""base"":49,""mana"":0,""color"":1.4906888291449647,""synergy"":0,""curve"":0,""creature"":0.3116883116883116,""removal"":0,""duplicate"":0,""fixing"":0}","{""カード情報からの推定単体評価"":42,""現在の主色に合う"":30,""クリーチャー不足を補う"":14,""主色外のマナ供給が不足"":4,""スプラッシュ用のマナ供給あり"":1}","[""カード情報からの推定単体評価"",""現在の主色に合う"",""クリーチャー不足を補う"",""主色外のマナ供給が不足"",""スプラッシュ用のマナ供給あり""]"
"dff11626-ad4d-443a-b7db-f508790b5fd2","Namor the Sub-Mariner","18","2.111111111111111","5","2","0.4","1","0","","not-applicable-14-card-packs","","","","","","","51.6","51.6","0","1.4410504905089505","0","0.3530303030303031","0","0","{""base"":51.600000000000016,""mana"":0,""color"":1.4410504905089505,""synergy"":0,""curve"":0.3530303030303031,""creature"":0.4,""removal"":0,""duplicate"":0,""fixing"":0}","{""カード情報からの推定単体評価"":18,""現在の主色に合う"":11,""3マナのクリーチャーを補強"":7,""クリーチャー不足を補う"":5,""主色外のマナ供給が不足"":2}","[""カード情報からの推定単体評価"",""現在の主色に合う"",""3マナのクリーチャーを補強"",""クリーチャー不足を補う"",""主色外のマナ供給が不足""]"
"e05f23ba-f2b2-4c40-83fa-8defce3cb978","The Coming of Galactus","14","12","4","0","0","0","0","","not-applicable-14-card-packs","","","","","","","43.6","43.6","0","-4.880091182556774","0","0","0","0","{""base"":43.600000000000016,""mana"":-0.594720187610446,""color"":-4.880091182556774,""synergy"":0,""curve"":0,""creature"":0,""removal"":0,""duplicate"":0,""fixing"":0}","{""カード情報からの推定単体評価"":14,""現在の主色に合う"":3,""スプラッシュ用のマナ供給あり"":5,""主色外のマナ供給が不足"":6}","[""カード情報からの推定単体評価"",""主色外のマナ供給が不足"",""スプラッシュ用のマナ供給あり"",""現在の主色に合う""]"
"e1b577ad-1488-43b5-83d9-e40bd60c74be","Super Strength","188","10.941489361702128","68","0","0","0","0","","not-applicable-14-card-packs","","","","","","","43","43","0","0.014468994226614487","0","0","0","0","{""base"":43,""mana"":0,""color"":0.014468994226614487,""synergy"":0,""curve"":0,""creature"":0,""removal"":0,""duplicate"":0,""fixing"":0}","{""カード情報からの推定単体評価"":188,""現在の主色に合う"":126,""スプラッシュ用のマナ供給あり"":24,""主色外のマナ供給が不足"":38}","[""カード情報からの推定単体評価"",""現在の主色に合う"",""主色外のマナ供給が不足"",""スプラッシュ用のマナ供給あり""]"
"e2084d73-5a4c-4b17-942a-93c1a1f7ac2a","White Tiger, Ava Ayala","114","5.605263157894737","37","0","0","0.40540540540540543","0","","not-applicable-14-card-packs","","","","","","","49","49","0","1.2903014158005055","0","0.5838915470494414","0","-0.08771929824561403","{""base"":49,""mana"":0,""color"":1.2903014158005055,""synergy"":0,""curve"":0.5838915470494414,""creature"":0.22535885167464112,""removal"":0,""duplicate"":-0.08771929824561403,""fixing"":0}","{""カード情報からの推定単体評価"":114,""現在の主色に合う"":84,""2マナのクリーチャーを補強"":54,""クリーチャー不足を補う"":26,""主色外のマナ供給が不足"":15}","[""カード情報からの推定単体評価"",""現在の主色に合う"",""2マナのクリーチャーを補強"",""クリーチャー不足を補う"",""主色外のマナ供給が不足""]"
"e25062ba-7176-4d59-ac3e-26d19b26f02a","Worlds Within Worlds","40","12.325","18","0","0","0","0","","not-applicable-14-card-packs","","","","","","","43.4","43.4","0","-5.7598276382553815","0","0","0","0","{""base"":43.40000000000003,""mana"":-0.2321606680800763,""color"":-5.7598276382553815,""synergy"":0,""curve"":0,""creature"":0,""removal"":0,""duplicate"":0,""fixing"":0}","{""カード情報からの推定単体評価"":40,""主色外のマナ供給が不足"":17,""スプラッシュ用のマナ供給あり"":12,""現在の主色に合う"":11}","[""カード情報からの推定単体評価"",""主色外のマナ供給が不足"",""スプラッシュ用のマナ供給あり"",""現在の主色に合う""]"
"e2c49754-711e-43b3-82f1-5376a4d99701","Wonder Man, Hollywood Hero","93","5.881720430107527","26","0","0","0.38461538461538464","0","","not-applicable-14-card-packs","","","","","","","49.4","49.4","0","0.9665737465788534","0","0","0","-0.16129032258064516","{""base"":49.40000000000002,""mana"":0,""color"":0.9665737465788534,""synergy"":0,""curve"":0,""creature"":0.25337243401759524,""removal"":0,""duplicate"":-0.16129032258064516,""fixing"":0}","{""カード情報からの推定単体評価"":93,""現在の主色に合う"":64,""クリーチャー不足を補う"":24,""主色外のマナ供給が不足"":19}","[""カード情報からの推定単体評価"",""現在の主色に合う"",""クリーチャー不足を補う"",""主色外のマナ供給が不足""]"
"e3559565-0512-4525-addb-bf27903bcd13","Night Nurse, Healer of Heroes","105","3.6952380952380954","35","2","0.05714285714285714","0.9714285714285714","0","","not-applicable-14-card-packs","","","","","","","50.2","50.2","0","1.4570067307597987","0","0.5887878787878785","0","-0.16666666666666666","{""base"":50.1999999999999,""mana"":0,""color"":1.4570067307597987,""synergy"":0,""curve"":0.5887878787878785,""creature"":0.24727272727272728,""removal"":0,""duplicate"":-0.16666666666666666,""fixing"":0}","{""カード情報からの推定単体評価"":105,""現在の主色に合う"":67,""2マナのクリーチャーを補強"":53,""クリーチャー不足を補う"":20,""主色外のマナ供給が不足"":4}","[""カード情報からの推定単体評価"",""現在の主色に合う"",""2マナのクリーチャーを補強"",""クリーチャー不足を補う"",""主色外のマナ供給が不足""]"
"e3614df6-ce84-4180-ade1-a1751e8e3c9a","Asgardian Citadel","194","8.95360824742268","66","0","0","0","0","","not-applicable-14-card-packs","","","","","","","45","45","0","0","0","0","0","0","{""base"":45,""mana"":0,""color"":0,""synergy"":0,""curve"":0,""creature"":0,""removal"":0,""duplicate"":0,""fixing"":1.667106910003619}","{""カード情報からの推定単体評価"":194,""主色のマナ基盤を補強"":55}","[""カード情報からの推定単体評価"",""主色のマナ基盤を補強""]"
"e380e37d-926b-4a4b-a275-7844bf4956d5","Titania, Rugged Rumbler","112","5.785714285714286","28","9","0.32142857142857145","1","0","","not-applicable-14-card-packs","","","","","","","52.2","52.2","0","-2.0627513353034503","0.15860167859171967","0.07366071428571432","0","-0.17857142857142858","{""base"":52.199999999999896,""mana"":-0.27466223991242694,""color"":-2.0627513353034503,""synergy"":0.15860167859171967,""curve"":0.07366071428571432,""creature"":0.17581168831168828,""removal"":0,""duplicate"":-0.17857142857142858,""fixing"":0}","{""カード情報からの推定単体評価"":112,""現在の主色に合う"":40,""アーキタイプ・共通メカニズムと相性が良い"":22,""クリーチャー不足を補う"":19,""3マナのクリーチャーを補強"":20,""主色外のマナ供給が不足"":44}","[""カード情報からの推定単体評価"",""主色外のマナ供給が不足"",""現在の主色に合う"",""アーキタイプ・共通メカニズムと相性が良い"",""3マナのクリーチャーを補強""]"
"e3b70a85-4296-411f-a673-7992b0c8a9aa","Attuma, Atlantean Warlord","105","3.4761904761904763","39","7","0.1794871794871795","1","0","","not-applicable-14-card-packs","","","","","","","50.7","50.7","0","1.164474736816358","0","0.425064935064935","0","-0.14285714285714285","{""base"":50.6999999999999,""mana"":0,""color"":1.164474736816358,""synergy"":0,""curve"":0.425064935064935,""creature"":0.3667532467532469,""removal"":0,""duplicate"":-0.14285714285714285,""fixing"":0}","{""カード情報からの推定単体評価"":105,""現在の主色に合う"":60,""クリーチャー不足を補う"":32,""4マナのクリーチャーを補強"":38,""主色外のマナ供給が不足"":6}","[""カード情報からの推定単体評価"",""現在の主色に合う"",""4マナのクリーチャーを補強"",""クリーチャー不足を補う"",""主色外のマナ供給が不足""]"
"e50fecff-8872-42f5-8882-41ad13d9d1ae","Too Evil to Stay Dead","107","10.682242990654206","34","0","0","0","0","","not-applicable-14-card-packs","","","","","","","43","43","0","1.4731741144879273","0","0","0","0","{""base"":43,""mana"":0,""color"":1.4731741144879273,""synergy"":0,""curve"":0,""creature"":0,""removal"":0,""duplicate"":0,""fixing"":0}","{""カード情報からの推定単体評価"":107,""現在の主色に合う"":91,""主色外のマナ供給が不足"":16}","[""カード情報からの推定単体評価"",""現在の主色に合う"",""主色外のマナ供給が不足""]"
"e69db5f0-beed-48e8-bc25-768b1e8be5ea","Falcon's Wing Harness","94","10.829787234042554","22","0","0","0","0","","not-applicable-14-card-packs","","","","","","","43","43","0","-0.14516336987692946","0.10816863544191088","0","0","0","{""base"":43,""mana"":0,""color"":-0.14516336987692946,""synergy"":0.10816863544191088,""curve"":0,""creature"":0,""removal"":0,""duplicate"":0,""fixing"":0}","{""カード情報からの推定単体評価"":94,""現在の主色に合う"":63,""アーキタイプ・共通メカニズムと相性が良い"":11,""主色外のマナ供給が不足"":31}","[""カード情報からの推定単体評価"",""現在の主色に合う"",""主色外のマナ供給が不足"",""アーキタイプ・共通メカニズムと相性が良い""]"
"e6c181f1-f4f7-4a96-b50c-717cf2a02098","Black Widow, Double Agent","113","6.575221238938053","27","1","0.037037037037037035","0.8148148148148148","0","","not-applicable-14-card-packs","","","","","","","50.2","50.2","0","-0.37820735297096775","0","-0.04686242960579245","0","-0.26548672566371684","{""base"":50.199999999999896,""mana"":-0.24261892274963923,""color"":-0.37820735297096775,""synergy"":0,""curve"":-0.04686242960579245,""creature"":0.22928399034593722,""removal"":0,""duplicate"":-0.26548672566371684,""fixing"":0}","{""カード情報からの推定単体評価"":113,""現在の主色に合う"":60,""クリーチャー不足を補う"":27,""主色外のマナ供給が不足"":31,""3マナのクリーチャーを補強"":21}","[""カード情報からの推定単体評価"",""現在の主色に合う"",""主色外のマナ供給が不足"",""クリーチャー不足を補う"",""3マナのクリーチャーを補強""]"
"e85567e8-1102-4d44-a15b-d5f1fdef8465","Red Guardian, Super-Soldier","101","1.6732673267326732","38","35","0.9210526315789473","1","0","","not-applicable-14-card-packs","","","","","","","54","54","0","1.239821176173998","0","0.16440144014401448","0.14905490549054906","-0.1485148514851485","{""base"":54,""mana"":0,""color"":1.239821176173998,""synergy"":0,""curve"":0.16440144014401448,""creature"":0.32889288928892885,""removal"":0.14905490549054906,""duplicate"":-0.1485148514851485,""fixing"":0}","{""カード情報からの推定単体評価"":101,""現在の主色に合う"":55,""3マナのクリーチャーを補強"":18,""確定除去"":55,""クリーチャー不足を補う"":26,""主色外のマナ供給が不足"":8}","[""カード情報からの推定単体評価"",""現在の主色に合う"",""確定除去"",""クリーチャー不足を補う"",""3マナのクリーチャーを補強""]"
"e8d0eafe-540a-4b2e-a989-e98ff3c31105","Take Up the Shield","183","11.174863387978142","65","0","0","0","0","","not-applicable-14-card-packs","","","","","","","43","43","0","0.731656698105323","0","0","0","0","{""base"":43,""mana"":0,""color"":0.731656698105323,""synergy"":0,""curve"":0,""creature"":0,""removal"":0,""duplicate"":0,""fixing"":0}","{""カード情報からの推定単体評価"":183,""主色外のマナ供給が不足"":45,""現在の主色に合う"":138}","[""カード情報からの推定単体評価"",""現在の主色に合う"",""主色外のマナ供給が不足""]"
"e929b730-9aa2-49e1-9a65-50afc0fbe3e0","Atlantean Cavalry","197","6.908629441624366","68","0","0","0.22058823529411764","0","","not-applicable-14-card-packs","","","","","","","48.2","48.2","0","1.1366799314371805","0","0.2114905399169358","0","0","{""base"":48.19999999999999,""mana"":0,""color"":1.1366799314371805,""synergy"":0,""curve"":0.2114905399169358,""creature"":0.24531610521458258,""removal"":0,""duplicate"":0,""fixing"":0}","{""カード情報からの推定単体評価"":197,""主色外のマナ供給が不足"":36,""現在の主色に合う"":146,""クリーチャー不足を補う"":49,""3マナのクリーチャーを補強"":58}","[""カード情報からの推定単体評価"",""現在の主色に合う"",""3マナのクリーチャーを補強"",""クリーチャー不足を補う"",""主色外のマナ供給が不足""]"
"e98cd00c-b812-4c6a-81d4-e3f94b64fc58","Dark Deed","97","7.237113402061856","39","0","0","0.07692307692307693","0","","not-applicable-14-card-packs","","","","","","","47.4","47.4","0","1.3831679357582405","0","0","0.20876288659793818","0","{""base"":47.40000000000002,""mana"":0,""color"":1.3831679357582405,""synergy"":0,""curve"":0,""creature"":0,""removal"":0.20876288659793818,""duplicate"":0,""fixing"":0}","{""カード情報からの推定単体評価"":97,""現在の主色に合う"":81,""火力・マイナス修整"":83,""主色外のマナ供給が不足"":13}","[""カード情報からの推定単体評価"",""火力・マイナス修整"",""現在の主色に合う"",""主色外のマナ供給が不足""]"
"e9d20b6d-fa4f-473b-9866-230fd92a1319","Invisible Woman, Sue Storm","97","6.278350515463917","35","0","0","0.37142857142857144","0","","not-applicable-14-card-packs","","","","","","","48.6","48.6","0","1.8371132868790796","0","0","0","-0.15463917525773196","{""base"":48.59999999999999,""mana"":0,""color"":1.8371132868790796,""synergy"":0,""curve"":0,""creature"":0.2485473289597001,""removal"":0,""duplicate"":-0.15463917525773196,""fixing"":0}","{""カード情報からの推定単体評価"":97,""現在の主色に合う"":74,""主色外のマナ供給が不足"":10,""クリーチャー不足を補う"":24}","[""カード情報からの推定単体評価"",""現在の主色に合う"",""クリーチャー不足を補う"",""主色外のマナ供給が不足""]"
"ead0820e-fc6b-4ab2-9110-048d6d53985d","Panther Pounce","183","8.245901639344263","50","0","0","0.06","0","","not-applicable-14-card-packs","","","","","","","46.5","46.5","0","1.4143280545620651","0.0958610157595206","0","0","-0.040983606557377046","{""base"":46.5,""mana"":0,""color"":1.4143280545620651,""synergy"":0.0958610157595206,""curve"":0,""creature"":0,""removal"":0,""duplicate"":-0.040983606557377046,""fixing"":0}","{""カード情報からの推定単体評価"":183,""現在の主色に合う"":147,""主色外のマナ供給が不足"":32,""アーキタイプ・共通メカニズムと相性が良い"":20}","[""カード情報からの推定単体評価"",""現在の主色に合う"",""主色外のマナ供給が不足"",""アーキタイプ・共通メカニズムと相性が良い""]"
"ebedff30-ae43-4861-aab2-afe1fc88337e","Ms. Marvel, Kamala Khan","38","2.710526315789474","15","5","0.3333333333333333","1","0","","not-applicable-14-card-packs","","","","","","","51.1","51.1","0","1.28311673978134","0","0.4092105263157895","0","-0.06578947368421052","{""base"":51.099999999999966,""mana"":0,""color"":1.28311673978134,""synergy"":0,""curve"":0.4092105263157895,""creature"":0.3531100478468899,""removal"":0,""duplicate"":-0.06578947368421052,""fixing"":0}","{""カード情報からの推定単体評価"":38,""現在の主色に合う"":22,""3マナのクリーチャーを補強"":14,""クリーチャー不足を補う"":12,""主色外のマナ供給が不足"":1}","[""カード情報からの推定単体評価"",""現在の主色に合う"",""3マナのクリーチャーを補強"",""クリーチャー不足を補う"",""主色外のマナ供給が不足""]"
"ec8e310f-e871-498f-8d80-c3617c5e1433","Absorbing Man","47","5.8936170212765955","20","3","0.15","0.95","0","","not-applicable-14-card-packs","","","","","","","51","51","0","-2.3988596787997216","0","0.10715667311411992","0","-0.10638297872340426","{""base"":51,""mana"":-0.32552109129787227,""color"":-2.3988596787997216,""synergy"":0,""curve"":0.10715667311411992,""creature"":0.11373307543520308,""removal"":0,""duplicate"":-0.10638297872340426,""fixing"":0}","{""カード情報からの推定単体評価"":47,""主色外のマナ供給が不足"":15,""現在の主色に合う"":13,""3マナのクリーチャーを補強"":6,""クリーチャー不足を補う"":5}","[""カード情報からの推定単体評価"",""主色外のマナ供給が不足"",""現在の主色に合う"",""3マナのクリーチャーを補強"",""クリーチャー不足を補う""]"
"ec9b74d0-e4fe-4764-b628-992a62f2a1cf","Thor Odinson","98","8.418367346938776","31","0","0","0.41935483870967744","0","","not-applicable-14-card-packs","","","","","","","49.4","49.4","0","-1.9863630397648855","0","0","0","-0.15306122448979592","{""base"":49.4,""mana"":-0.26290738428769067,""color"":-1.9863630397648855,""synergy"":0,""curve"":0,""creature"":0.13358070500927643,""removal"":0,""duplicate"":-0.15306122448979592,""fixing"":0}","{""カード情報からの推定単体評価"":98,""現在の主色に合う"":37,""クリーチャー不足を補う"":15,""主色外のマナ供給が不足"":33,""スプラッシュ用のマナ供給あり"":15}","[""カード情報からの推定単体評価"",""現在の主色に合う"",""主色外のマナ供給が不足"",""クリーチャー不足を補う"",""スプラッシュ用のマナ供給あり""]"
"edf429a8-6a4d-4d2a-b0ca-c0c72a0698a3","Grim Reaper, Lethal Legionnaire","88","6.511363636363637","27","0","0","0.07407407407407407","0","","not-applicable-14-card-packs","","","","","","","48.2","48.2","0","1.5744478248993636","0","0.4335227272727273","0","-0.08522727272727272","{""base"":48.199999999999925,""mana"":0,""color"":1.5744478248993636,""synergy"":0,""curve"":0.4335227272727273,""creature"":0.2541322314049586,""removal"":0,""duplicate"":-0.08522727272727272,""fixing"":0}","{""カード情報からの推定単体評価"":88,""現在の主色に合う"":74,""4マナのクリーチャーを補強"":39,""主色外のマナ供給が不足"":10,""クリーチャー不足を補う"":25,""スプラッシュ用のマナ供給あり"":2}","[""カード情報からの推定単体評価"",""現在の主色に合う"",""4マナのクリーチャーを補強"",""クリーチャー不足を補う"",""主色外のマナ供給が不足""]"
"f24efc60-fdac-4a5d-bcbc-784ec5ae6d96","Aerial Doombot","189","3.3015873015873014","55","8","0.14545454545454545","1","0","","not-applicable-14-card-packs","","","","","","","51","51","0","1.7586120253272441","0","0","0","0","{""base"":51,""mana"":0,""color"":1.7586120253272441,""synergy"":0,""curve"":0,""creature"":0.3858585858585861,""removal"":0,""duplicate"":0,""fixing"":0}","{""カード情報からの推定単体評価"":189,""現在の主色に合う"":128,""クリーチャー不足を補う"":63,""主色外のマナ供給が不足"":6}","[""カード情報からの推定単体評価"",""現在の主色に合う"",""クリーチャー不足を補う"",""主色外のマナ供給が不足""]"
"f34b9bc4-7bfe-47fd-ba23-4eeeb46026eb","Lightning Strike","177","8.067796610169491","60","0","0","0.05","0","","not-applicable-14-card-packs","","","","","","","47.4","47.4","0","0.4212665909411338","0","0","0.15011556240369794","0","{""base"":47.39999999999985,""mana"":0,""color"":0.4212665909411338,""synergy"":0,""curve"":0,""creature"":0,""removal"":0.15011556240369794,""duplicate"":0,""fixing"":0}","{""カード情報からの推定単体評価"":177,""主色外のマナ供給が不足"":50,""現在の主色に合う"":123,""火力・マイナス修整"":125}","[""カード情報からの推定単体評価"",""火力・マイナス修整"",""現在の主色に合う"",""主色外のマナ供給が不足""]"
"f398a742-22c1-4da9-9d49-fdce2eb93d01","Doom Reigns Supreme","46","10.304347826086957","17","0","0","0","0","","not-applicable-14-card-packs","","","","","","","43.4","43.4","0","1.104856833392198","0.20862471112967426","0","0","0","{""base"":43.400000000000034,""mana"":0,""color"":1.104856833392198,""synergy"":0.20862471112967426,""curve"":0,""creature"":0,""removal"":0,""duplicate"":0,""fixing"":0}","{""カード情報からの推定単体評価"":46,""現在の主色に合う"":39,""主色外のマナ供給が不足"":7,""アーキタイプ・共通メカニズムと相性が良い"":10}","[""カード情報からの推定単体評価"",""現在の主色に合う"",""アーキタイプ・共通メカニズムと相性が良い"",""主色外のマナ供給が不足""]"
"f44bde8b-43e9-4719-ac60-b8f0cee8df9b","Training Regimen","95","11.621052631578948","32","0","0","0","0","","not-applicable-14-card-packs","","","","","","","43","43","0","0.06202595035892207","0","0","0","0","{""base"":43,""mana"":0,""color"":0.06202595035892207,""synergy"":0,""curve"":0,""creature"":0,""removal"":0,""duplicate"":0,""fixing"":0}","{""カード情報からの推定単体評価"":95,""現在の主色に合う"":64,""主色外のマナ供給が不足"":18,""スプラッシュ用のマナ供給あり"":13}","[""カード情報からの推定単体評価"",""現在の主色に合う"",""主色外のマナ供給が不足"",""スプラッシュ用のマナ供給あり""]"
"f67a599c-200a-4831-9e73-126c7435a396","Viv Vision, Teen Synthezoid","100","2.3","39","21","0.5384615384615384","1","0","","not-applicable-14-card-packs","","","","","","","51.9","51.9","0","0","0","0.3179090909090912","0","-0.05","{""base"":51.89999999999997,""mana"":0,""color"":0,""synergy"":0,""curve"":0.3179090909090912,""creature"":0.336,""removal"":0,""duplicate"":-0.05,""fixing"":0}","{""カード情報からの推定単体評価"":100,""3マナのクリーチャーを補強"":28,""クリーチャー不足を補う"":23}","[""カード情報からの推定単体評価"",""3マナのクリーチャーを補強"",""クリーチャー不足を補う""]"
"f7b2606c-42b8-46d6-bcaa-8d4506b348eb","Restorative Technique","188","11.122340425531915","57","0","0","0","0","","not-applicable-14-card-packs","","","","","","","43","43","0","0.053245701855600035","0","0","0","0","{""base"":43,""mana"":0,""color"":0.053245701855600035,""synergy"":0,""curve"":0,""creature"":0,""removal"":0,""duplicate"":0,""fixing"":0}","{""カード情報からの推定単体評価"":188,""現在の主色に合う"":126,""主色外のマナ供給が不足"":62}","[""カード情報からの推定単体評価"",""現在の主色に合う"",""主色外のマナ供給が不足""]"
"f91c860e-3feb-4a5a-b7ef-4e7d38d61c75","Rewrite History","100","8.77","39","0","0","0","0","","not-applicable-14-card-packs","","","","","","","45.5","45.5","0","1.521964632468627","0.30942048626748536","0","0","0","{""base"":45.5,""mana"":0,""color"":1.521964632468627,""synergy"":0.30942048626748536,""curve"":0,""creature"":0,""removal"":0,""duplicate"":0,""fixing"":0}","{""カード情報からの推定単体評価"":100,""現在の主色に合う"":80,""アーキタイプ・共通メカニズムと相性が良い"":29,""主色外のマナ供給が不足"":19}","[""カード情報からの推定単体評価"",""現在の主色に合う"",""アーキタイプ・共通メカニズムと相性が良い"",""主色外のマナ供給が不足""]"
"f93fa6ec-1f13-4109-aa60-11e148f7ba88","Super-Adaptoid","55","2.618181818181818","20","6","0.3","1","0","","not-applicable-14-card-packs","","","","","","","51.4","51.4","0","0","0","0.5889256198347109","0","-0.045454545454545456","{""base"":51.40000000000005,""mana"":0,""color"":0,""synergy"":0,""curve"":0.5889256198347109,""creature"":0.37884297520661164,""removal"":0,""duplicate"":-0.045454545454545456,""fixing"":0}","{""カード情報からの推定単体評価"":55,""2マナのクリーチャーを補強"":25,""クリーチャー不足を補う"":15}","[""カード情報からの推定単体評価"",""2マナのクリーチャーを補強"",""クリーチャー不足を補う""]"
"fa732888-5b7d-4087-a6e5-1db1c98fbd4c","A.I.M. Scientists","183","3.7868852459016393","54","2","0.037037037037037035","0.8888888888888888","0","","not-applicable-14-card-packs","","","","","","","49.9","49.9","0","1.605325445929133","0.19029686689704517","0.3623199205166417","0","0","{""base"":49.899999999999835,""mana"":0,""color"":1.605325445929133,""synergy"":0.19029686689704517,""curve"":0.3623199205166417,""creature"":0.38986587183308524,""removal"":0,""duplicate"":0,""fixing"":0}","{""カード情報からの推定単体評価"":183,""現在の主色に合う"":129,""4マナのクリーチャーを補強"":69,""クリーチャー不足を補う"":62,""アーキタイプ・共通メカニズムと相性が良い"":33,""主色外のマナ供給が不足"":4,""スプラッシュ用のマナ供給あり"":2}","[""カード情報からの推定単体評価"",""現在の主色に合う"",""4マナのクリーチャーを補強"",""クリーチャー不足を補う"",""アーキタイプ・共通メカニズムと相性が良い""]"
"fc17b7a3-7711-4449-80bd-692e8ed9087d","Wiccan, Rising Magician","112","5.276785714285714","47","1","0.02127659574468085","0.6808510638297872","0","","not-applicable-14-card-packs","","","","","","","49.4","49.4","0","1.6925435816481866","0","0","0","-0.15625","{""base"":49.399999999999956,""mana"":0,""color"":1.6925435816481866,""synergy"":0,""curve"":0,""creature"":0.25178571428571433,""removal"":0,""duplicate"":-0.15625,""fixing"":0}","{""カード情報からの推定単体評価"":112,""現在の主色に合う"":73,""クリーチャー不足を補う"":29,""主色外のマナ供給が不足"":6}","[""カード情報からの推定単体評価"",""現在の主色に合う"",""クリーチャー不足を補う"",""主色外のマナ供給が不足""]"
"fcb1caea-e1ac-48f0-a67a-d4aadad490d9","The Masters of Evil","129","8.2015503875969","46","0","0","0.021739130434782608","0","","not-applicable-14-card-packs","","","","","","","46.2","46.2","0","1.1030883383754566","0.330452055679713","0","0","-0.4069767441860465","{""base"":46.199999999999896,""mana"":0,""color"":1.1030883383754566,""synergy"":0.330452055679713,""curve"":0,""creature"":0.20295983086680758,""removal"":0,""duplicate"":-0.4069767441860465,""fixing"":0}","{""カード情報からの推定単体評価"":129,""現在の主色に合う"":104,""アーキタイプ・共通メカニズムと相性が良い"":50,""クリーチャー不足を補う"":29,""主色外のマナ供給が不足"":14,""スプラッシュ用のマナ供給あり"":10}","[""カード情報からの推定単体評価"",""現在の主色に合う"",""アーキタイプ・共通メカニズムと相性が良い"",""クリーチャー不足を補う"",""主色外のマナ供給が不足""]"
"fe00278d-4385-4e3f-919c-12a794fd86f5","King T'Challa // Black Panther, Hope Enduring","19","6.526315789473684","4","0","0","1","0","","not-applicable-14-card-packs","","","","","","","52.1","52.1","0","-2.6157616973408437","0","0.4043062200956938","0","0","{""base"":52.100000000000016,""mana"":-0.25976432375241315,""color"":-2.6157616973408437,""synergy"":0,""curve"":0.4043062200956938,""creature"":0.2497607655502392,""removal"":0,""duplicate"":0,""fixing"":0}","{""カード情報からの推定単体評価"":19,""現在の主色に合う"":8,""3マナのクリーチャーを補強"":6,""クリーチャー不足を補う"":3,""主色外のマナ供給が不足"":7}","[""カード情報からの推定単体評価"",""現在の主色に合う"",""主色外のマナ供給が不足"",""3マナのクリーチャーを補強"",""クリーチャー不足を補う""]"
"fe7cc414-42d0-4dad-8516-7a0be0860a67","M.O.D.O.K.","20","1.55","4","4","1","1","0","","not-applicable-14-card-packs","","","","","","","54.5","54.5","0","1.427779750487548","0.198527034397921","0","0.2577272727272727","0","{""base"":54.5,""mana"":0,""color"":1.427779750487548,""synergy"":0.198527034397921,""curve"":0,""creature"":0.36,""removal"":0.2577272727272727,""duplicate"":0,""fixing"":0}","{""カード情報からの推定単体評価"":20,""現在の主色に合う"":15,""アーキタイプ・共通メカニズムと相性が良い"":3,""クリーチャー不足を補う"":4,""火力・マイナス修整"":15,""主色外のマナ供給が不足"":1}","[""カード情報からの推定単体評価"",""現在の主色に合う"",""火力・マイナス修整"",""クリーチャー不足を補う"",""アーキタイプ・共通メカニズムと相性が良い""]"
