"key","name","appearances","averagePick","p1Appearances","p1p1Count","p1p1Rate","p1p5Rate","lastPickRate","survivesTo15Rate","survivesTo15Status","wr","gihWR","ohWR","ata","alsa","ataDifference","baseValue","heuristicValue","wrContribution","meanColorAdjustment","meanSynergyAdjustment","meanCurveAdjustment","meanRemovalAdjustment","meanDuplicateAdjustment","meanComponents","reasonCounts","reasons"
"003e5dc6-8b26-4a0a-a50b-5f0806a7bacd","South Wind Avatar","75","2.973333333333333","18","1","0.05555555555555555","0.9444444444444444","0","","not-applicable-14-card-packs","","","","","","","50.6","50.6","0","1.8447048302740605","0","0.7550303030303027","0","0","{""base"":50.59999999999994,""mana"":0,""color"":1.8447048302740605,""synergy"":0,""curve"":0.7550303030303027,""creature"":0.5156363636363638,""removal"":0,""duplicate"":0,""fixing"":0}","{""カード情報からの推定単体評価"":75,""現在の主色に合う"":56,""クリーチャー不足を補う"":35,""4マナのクリーチャーを補強"":42,""主色外のマナ供給が不足"":2}","[""カード情報からの推定単体評価"",""現在の主色に合う"",""4マナのクリーチャーを補強"",""クリーチャー不足を補う"",""主色外のマナ供給が不足""]"
"0056fc91-4398-471c-b561-7ff99750ac8a","Escape Tunnel","0","","0","0","","","","","not-applicable-14-card-packs","","","","","","","45","45","0","","","","","","{}","{}","[""カード情報からの推定単体評価""]"
"01758a4a-ac29-47ad-8e88-158374f1ae4c","Don & Raph, Hard Science","48","5.333333333333333","18","3","0.16666666666666666","1","0","","not-applicable-14-card-packs","","","","","","","51.4","51.4","0","-1.8567638052974382","0","0.28030303030303033","0","-0.10416666666666667","{""base"":51.40000000000004,""mana"":-0.33345655329892027,""color"":-1.8567638052974382,""synergy"":0,""curve"":0.28030303030303033,""creature"":0.1931818181818182,""removal"":0,""duplicate"":-0.10416666666666667,""fixing"":0}","{""カード情報からの推定単体評価"":48,""現在の主色に合う"":16,""3マナのクリーチャーを補強"":11,""主色外のマナ供給が不足"":14,""クリーチャー不足を補う"":8}","[""カード情報からの推定単体評価"",""現在の主色に合う"",""主色外のマナ供給が不足"",""3マナのクリーチャーを補強"",""クリーチャー不足を補う""]"
"01ee70d4-6527-45ae-9600-bd3d16b3037d","Illegitimate Business","0","","0","0","","","","","not-applicable-14-card-packs","","","","","","","45","45","0","","","","","","{}","{}","[""カード情報からの推定単体評価""]"
"0217da8e-e74f-4f5c-ab75-f17600f94405","Rock Soldiers","297","6.070707070707071","105","0","0","0.17142857142857143","0","","not-applicable-14-card-packs","","","","","","","48.2","48.2","0","1.4661061936991102","0","0.5389654116926849","0","0","{""base"":48.20000000000024,""mana"":0,""color"":1.4661061936991102,""synergy"":0,""curve"":0.5389654116926849,""creature"":0.28833792470156133,""removal"":0,""duplicate"":0,""fixing"":0}","{""カード情報からの推定単体評価"":297,""主色外のマナ供給が不足"":43,""現在の主色に合う"":234,""4マナのクリーチャーを補強"":134,""クリーチャー不足を補う"":79,""スプラッシュ用のマナ供給あり"":2}","[""カード情報からの推定単体評価"",""現在の主色に合う"",""4マナのクリーチャーを補強"",""クリーチャー不足を補う"",""主色外のマナ供給が不足""]"
"049d8b06-db90-4b9c-8195-d987b3ef1005","Courier of Comestibles","145","5.834482758620689","38","0","0","0.2631578947368421","0","","not-applicable-14-card-packs","","","","","","","48.2","48.2","0","1.740755536966925","0.43318299148200956","0.6235736677115984","0","0","{""base"":48.19999999999988,""mana"":0,""color"":1.740755536966925,""synergy"":0.43318299148200956,""curve"":0.6235736677115984,""creature"":0.3253918495297808,""removal"":0,""duplicate"":0,""fixing"":0}","{""カード情報からの推定単体評価"":145,""現在の主色に合う"":119,""アーキタイプ・共通メカニズムと相性が良い"":73,""2マナのクリーチャーを補強"":73,""クリーチャー不足を補う"":49,""主色外のマナ供給が不足"":16}","[""カード情報からの推定単体評価"",""現在の主色に合う"",""アーキタイプ・共通メカニズムと相性が良い"",""2マナのクリーチャーを補強"",""クリーチャー不足を補う""]"
"063dd25b-d4b4-4e09-acae-8c52dcb40803","Foot Headquarters","0","","0","0","","","","","not-applicable-14-card-packs","","","","","","","45","45","0","","","","","","{}","{}","[""カード情報からの推定単体評価""]"
"0a8e5c48-885d-4ea8-9c68-a3e9213d4289","Tunnel Rats","302","5.304635761589404","96","0","0","0.4270833333333333","0","","not-applicable-14-card-packs","","","","","","","49","49","0","1.4528910202563359","0","0.7056441902468403","0","0","{""base"":49,""mana"":0,""color"":1.4528910202563359,""synergy"":0,""curve"":0.7056441902468403,""creature"":0.31517158338350404,""removal"":0,""duplicate"":0,""fixing"":0}","{""カード情報からの推定単体評価"":302,""現在の主色に合う"":225,""2マナのクリーチャーを補強"":167,""クリーチャー不足を補う"":97,""主色外のマナ供給が不足"":36}","[""カード情報からの推定単体評価"",""現在の主色に合う"",""2マナのクリーチャーを補強"",""クリーチャー不足を補う"",""主色外のマナ供給が不足""]"
"0d80d0f7-a436-431c-a54e-e7dd7dbba8de","Mind Transfer Protocol","323","9.371517027863778","103","0","0","0","0","","not-applicable-14-card-packs","","","","","","","45.5","45.5","0","0.45942778752583746","0","0","0","0","{""base"":45.5,""mana"":0,""color"":0.45942778752583746,""synergy"":0,""curve"":0,""creature"":0,""removal"":0,""duplicate"":0,""fixing"":0}","{""カード情報からの推定単体評価"":323,""現在の主色に合う"":236,""主色外のマナ供給が不足"":87}","[""カード情報からの推定単体評価"",""現在の主色に合う"",""主色外のマナ供給が不足""]"
"0f35cf85-6783-4d69-b5e6-a81f7c1f21e7","Turncoat Kunoichi","59","6","16","0","0","0.375","0","","not-applicable-14-card-packs","","","","","","","48.6","48.6","0","1.0567568563913838","0","0.28397534668721114","0","0","{""base"":48.599999999999945,""mana"":0,""color"":1.0567568563913838,""synergy"":0,""curve"":0.28397534668721114,""creature"":0.19691833590138677,""removal"":0,""duplicate"":0,""fixing"":0}","{""カード情報からの推定単体評価"":59,""主色外のマナ供給が不足"":14,""現在の主色に合う"":39,""3マナのクリーチャーを補強"":20,""クリーチャー不足を補う"":12}","[""カード情報からの推定単体評価"",""現在の主色に合う"",""3マナのクリーチャーを補強"",""主色外のマナ供給が不足"",""クリーチャー不足を補う""]"
"10185447-a13f-40d8-a8b6-39ce801f2fc0","Stomped by the Foot","289","7.3944636678200695","106","0","0","0.0660377358490566","0","","not-applicable-14-card-packs","","","","","","","47.4","47.4","0","1.1402359230437265","0.33371365901477185","0","0.11281849638251017","0","{""base"":47.39999999999977,""mana"":0,""color"":1.1402359230437265,""synergy"":0.33371365901477185,""curve"":0,""creature"":0,""removal"":0.11281849638251017,""duplicate"":0,""fixing"":0}","{""カード情報からの推定単体評価"":289,""現在の主色に合う"":232,""火力・マイナス修整"":237,""アーキタイプ・共通メカニズムと相性が良い"":104,""主色外のマナ供給が不足"":50}","[""カード情報からの推定単体評価"",""火力・マイナス修整"",""現在の主色に合う"",""アーキタイプ・共通メカニズムと相性が良い"",""主色外のマナ供給が不足""]"
"107e9ada-4e2e-4032-addd-274bca956621","Zoo Escapees","283","4.4734982332155475","96","4","0.041666666666666664","0.6041666666666666","0","","not-applicable-14-card-packs","","","","","","","49","49","0","1.3528694397841392","0.3754320669638965","0.5366688082235784","0","0","{""base"":49,""mana"":0,""color"":1.3528694397841392,""synergy"":0.3754320669638965,""curve"":0.5366688082235784,""creature"":0.29219402505621617,""removal"":0,""duplicate"":0,""fixing"":0}","{""カード情報からの推定単体評価"":283,""主色外のマナ供給が不足"":31,""現在の主色に合う"":193,""2マナのクリーチャーを補強"":135,""クリーチャー不足を補う"":78,""アーキタイプ・共通メカニズムと相性が良い"":119}","[""カード情報からの推定単体評価"",""現在の主色に合う"",""2マナのクリーチャーを補強"",""アーキタイプ・共通メカニズムと相性が良い"",""クリーチャー不足を補う""]"
"134430b7-d566-485a-bd5c-7db8a285f4ca","Leader's Talent","57","10.701754385964913","17","0","0","0","0","","not-applicable-14-card-packs","","","","","","","43.4","43.4","0","-0.04824621601789655","0","0","0","0","{""base"":43.40000000000004,""mana"":0,""color"":-0.04824621601789655,""synergy"":0,""curve"":0,""creature"":0,""removal"":0,""duplicate"":0,""fixing"":0}","{""カード情報からの推定単体評価"":57,""現在の主色に合う"":37,""主色外のマナ供給が不足"":20}","[""カード情報からの推定単体評価"",""現在の主色に合う"",""主色外のマナ供給が不足""]"
"14079f05-fbc1-401c-9008-da678656b4c6","Bot Bashing Time","293","7.607508532423208","91","0","0","0.03296703296703297","0","","not-applicable-14-card-packs","","","","","","","47.4","47.4","0","1.1032351875404989","0","0","0.07721067328575858","0","{""base"":47.399999999999764,""mana"":0,""color"":1.1032351875404989,""synergy"":0,""curve"":0,""creature"":0,""removal"":0.07721067328575858,""duplicate"":0,""fixing"":0}","{""カード情報からの推定単体評価"":293,""現在の主色に合う"":226,""火力・マイナス修整"":226,""主色外のマナ供給が不足"":60,""スプラッシュ用のマナ供給あり"":4}","[""カード情報からの推定単体評価"",""現在の主色に合う"",""火力・マイナス修整"",""主色外のマナ供給が不足"",""スプラッシュ用のマナ供給あり""]"
"15934a19-a29e-4728-816f-20b610eec377","Turtle Power!","67","10.597014925373134","25","0","0","0","0","","not-applicable-14-card-packs","","","","","","","43.4","43.4","0","0.13888305910651674","0","0","0","0","{""base"":43.40000000000005,""mana"":0,""color"":0.13888305910651674,""synergy"":0,""curve"":0,""creature"":0,""removal"":0,""duplicate"":0,""fixing"":0}","{""カード情報からの推定単体評価"":67,""主色外のマナ供給が不足"":22,""現在の主色に合う"":45}","[""カード情報からの推定単体評価"",""現在の主色に合う"",""主色外のマナ供給が不足""]"
"170ab932-9d50-4ce7-9a42-08e1edce7e7c","Michelangelo, Weirdness to 11","29","6.448275862068965","15","0","0","0.2","0","","not-applicable-14-card-packs","","","","","","","48","48","0","0.25449243229774665","0.24574057524223047","0.20219435736677116","0","0","{""base"":48,""mana"":0,""color"":0.25449243229774665,""synergy"":0.24574057524223047,""curve"":0.20219435736677116,""creature"":0.11661442006269593,""removal"":0,""duplicate"":0,""fixing"":0}","{""カード情報からの推定単体評価"":29,""現在の主色に合う"":15,""アーキタイプ・共通メカニズムと相性が良い"":7,""2マナのクリーチャーを補強"":8,""クリーチャー不足を補う"":4,""主色外のマナ供給が不足"":11}","[""カード情報からの推定単体評価"",""現在の主色に合う"",""主色外のマナ供給が不足"",""2マナのクリーチャーを補強"",""アーキタイプ・共通メカニズムと相性が良い""]"
"1939679b-ea2e-4a75-b3ce-d7af68437484","Michelangelo, Improviser","22","3.9545454545454546","4","1","0.25","1","0","","not-applicable-14-card-packs","","","","","","","49.6","49.6","0","0.9885611168803853","0","0.6652892561983471","0","0","{""base"":49.600000000000016,""mana"":0,""color"":0.9885611168803853,""synergy"":0,""curve"":0.6652892561983471,""creature"":0.35702479338842974,""removal"":0,""duplicate"":0,""fixing"":0}","{""カード情報からの推定単体評価"":22,""現在の主色に合う"":16,""クリーチャー不足を補う"":6,""4マナのクリーチャーを補強"":12,""主色外のマナ供給が不足"":2}","[""カード情報からの推定単体評価"",""現在の主色に合う"",""4マナのクリーチャーを補強"",""クリーチャー不足を補う"",""主色外のマナ供給が不足""]"
"194284f7-cf92-4d9f-a8ce-e4dc3505ab7a","Donatello's Technique","169","9.568047337278106","56","0","0","0","0","","not-applicable-14-card-packs","","","","","","","45.5","45.5","0","0.337572596683249","0","0","0","0","{""base"":45.5,""mana"":0,""color"":0.337572596683249,""synergy"":0,""curve"":0,""creature"":0,""removal"":0,""duplicate"":0,""fixing"":0}","{""カード情報からの推定単体評価"":169,""主色外のマナ供給が不足"":54,""現在の主色に合う"":114}","[""カード情報からの推定単体評価"",""現在の主色に合う"",""主色外のマナ供給が不足""]"
"194af2be-50c7-484b-bdd3-402bad70335b","Donatello, Way with Machines","168","5.904761904761905","70","0","0","0.32857142857142857","0","","not-applicable-14-card-packs","","","","","","","48.6","48.6","0","1.011733223298896","0","0.5047077922077919","0","-0.1488095238095238","{""base"":48.60000000000015,""mana"":0,""color"":1.011733223298896,""synergy"":0,""curve"":0.5047077922077919,""creature"":0.21623376623376628,""removal"":0,""duplicate"":-0.1488095238095238,""fixing"":0}","{""カード情報からの推定単体評価"":168,""主色外のマナ供給が不足"":27,""現在の主色に合う"":117,""3マナのクリーチャーを補強"":70,""クリーチャー不足を補う"":36}","[""カード情報からの推定単体評価"",""現在の主色に合う"",""3マナのクリーチャーを補強"",""クリーチャー不足を補う"",""主色外のマナ供給が不足""]"
"1c371003-e4f0-4d7c-b021-273176772f97","April, Reporter of the Weird","175","7.502857142857143","64","0","0","0.046875","0","","not-applicable-14-card-packs","","","","","","","47.4","47.4","0","0.7394915621240771","0.162831125447293","0.42851948051948024","0","-0.24285714285714285","{""base"":47.39999999999986,""mana"":0,""color"":0.7394915621240771,""synergy"":0.162831125447293,""curve"":0.42851948051948024,""creature"":0.24592207792207807,""removal"":0,""duplicate"":-0.24285714285714285,""fixing"":0}","{""カード情報からの推定単体評価"":175,""現在の主色に合う"":128,""アーキタイプ・共通メカニズムと相性が良い"":30,""クリーチャー不足を補う"":42,""3マナのクリーチャーを補強"":64,""主色外のマナ供給が不足"":44}","[""カード情報からの推定単体評価"",""現在の主色に合う"",""3マナのクリーチャーを補強"",""主色外のマナ供給が不足"",""クリーチャー不足を補う""]"
"1d6d0348-46ad-46ed-ae7b-d7510f0ebe70","Genghis Frog","163","5.153374233128834","58","11","0.1896551724137931","1","0","","not-applicable-14-card-packs","","","","","","","51","51","0","-1.09919805277183","0.21740679844447172","0.30574456218628004","0","-0.4754601226993865","{""base"":51,""mana"":-0.34651935455685756,""color"":-1.09919805277183,""synergy"":0.21740679844447172,""curve"":0.30574456218628004,""creature"":0.13218070273285,""removal"":0,""duplicate"":-0.4754601226993865,""fixing"":0}","{""カード情報からの推定単体評価"":163,""主色外のマナ供給が不足"":40,""現在の主色に合う"":65,""2マナのクリーチャーを補強"":45,""クリーチャー不足を補う"":18,""アーキタイプ・共通メカニズムと相性が良い"":41}","[""カード情報からの推定単体評価"",""現在の主色に合う"",""2マナのクリーチャーを補強"",""アーキタイプ・共通メカニズムと相性が良い"",""主色外のマナ供給が不足""]"
"1f076303-d160-4e02-aa1e-9ed6040c3735","Cool but Rude","54","9.092592592592593","11","0","0","0","0","","not-applicable-14-card-packs","","","","","","","45.9","45.9","0","1.30582131857155","0.27166201576571425","0","0","0","{""base"":45.90000000000004,""mana"":0,""color"":1.30582131857155,""synergy"":0.27166201576571425,""curve"":0,""creature"":0,""removal"":0,""duplicate"":0,""fixing"":0}","{""カード情報からの推定単体評価"":54,""現在の主色に合う"":45,""アーキタイプ・共通メカニズムと相性が良い"":16,""主色外のマナ供給が不足"":9}","[""カード情報からの推定単体評価"",""現在の主色に合う"",""アーキタイプ・共通メカニズムと相性が良い"",""主色外のマナ供給が不足""]"
"1f097c91-6c2e-410f-8c8f-c021f39491af","Henchbots","157","3.8343949044585988","57","0","0","0.8070175438596491","0","","not-applicable-14-card-packs","","","","","","","49.9","49.9","0","0","0","0.49811812391430216","0.21731325998841916","0","{""base"":49.899999999999864,""mana"":0,""color"":0,""synergy"":0,""curve"":0.49811812391430216,""creature"":0.3488129704690218,""removal"":0.21731325998841916,""duplicate"":0,""fixing"":0}","{""カード情報からの推定単体評価"":157,""条件付き除去"":157,""4マナのクリーチャーを補強"":57,""クリーチャー不足を補う"":43}","[""カード情報からの推定単体評価"",""条件付き除去"",""4マナのクリーチャーを補強"",""クリーチャー不足を補う""]"
"2043fbde-48c4-4a77-8911-8991d77de1eb","Foot Mystic","319","4.639498432601881","101","2","0.019801980198019802","0.693069306930693","0","","not-applicable-14-card-packs","","","","","","","49.4","49.4","0","1.3652940656460806","0","0.5065830721003135","0","0","{""base"":49.39999999999975,""mana"":0,""color"":1.3652940656460806,""synergy"":0,""curve"":0.5065830721003135,""creature"":0.3029923055001426,""removal"":0,""duplicate"":0,""fixing"":0}","{""カード情報からの推定単体評価"":319,""現在の主色に合う"":222,""4マナのクリーチャーを補強"":137,""クリーチャー不足を補う"":97,""主色外のマナ供給が不足"":24,""スプラッシュ用のマナ供給あり"":3}","[""カード情報からの推定単体評価"",""現在の主色に合う"",""4マナのクリーチャーを補強"",""クリーチャー不足を補う"",""主色外のマナ供給が不足""]"
"212fdb7c-1c7e-4eed-b1ed-bcc14a425da8","Lita, Little Orphan Amphibian","149","6.026845637583893","43","0","0","0.2558139534883721","0","","not-applicable-14-card-packs","","","","","","","48.2","48.2","0","0.8567689909320196","0.28314304861926604","0.572056131787675","0","-0.33557046979865773","{""base"":48.19999999999988,""mana"":0,""color"":0.8567689909320196,""synergy"":0.28314304861926604,""curve"":0.572056131787675,""creature"":0.24417327638804154,""removal"":0,""duplicate"":-0.33557046979865773,""fixing"":0}","{""カード情報からの推定単体評価"":149,""現在の主色に合う"":107,""アーキタイプ・共通メカニズムと相性が良い"":47,""2マナのクリーチャーを補強"":68,""クリーチャー不足を補う"":39,""主色外のマナ供給が不足"":31}","[""カード情報からの推定単体評価"",""現在の主色に合う"",""2マナのクリーチャーを補強"",""アーキタイプ・共通メカニズムと相性が良い"",""クリーチャー不足を補う""]"
"2385c8fb-9c38-4ff3-8f61-4e25a8c7d46b","Krang & Shredder","59","9.101694915254237","26","0","0","0.038461538461538464","0","","not-applicable-14-card-packs","","","","","","","48.199999999999996","48.199999999999996","0","-1.6671984981319452","0","-0.03143297380585516","0","-0.0423728813559322","{""base"":48.199999999999974,""mana"":-0.31031879293176295,""color"":-1.6671984981319452,""synergy"":0,""curve"":-0.03143297380585516,""creature"":0.16548536209553155,""removal"":0,""duplicate"":-0.0423728813559322,""fixing"":0}","{""カード情報からの推定単体評価"":59,""現在の主色に合う"":25,""クリーチャー不足を補う"":9,""主色外のマナ供給が不足"":32}","[""カード情報からの推定単体評価"",""主色外のマナ供給が不足"",""現在の主色に合う"",""クリーチャー不足を補う""]"
"2519ccc0-c206-41fb-aa15-2ef88025ff96","Prehistoric Pet","51","5.098039215686274","12","0","0","0.75","0","","not-applicable-14-card-packs","","","","","","","50.199999999999996","50.199999999999996","0","1.3549592971407867","0","0","0","0","{""base"":50.19999999999999,""mana"":0,""color"":1.3549592971407867,""synergy"":0,""curve"":0,""creature"":0.2855614973262031,""removal"":0,""duplicate"":0,""fixing"":0}","{""カード情報からの推定単体評価"":51,""現在の主色に合う"":38,""クリーチャー不足を補う"":13,""主色外のマナ供給が不足"":4}","[""カード情報からの推定単体評価"",""現在の主色に合う"",""クリーチャー不足を補う"",""主色外のマナ供給が不足""]"
"25c83d45-581f-48ba-b6bb-feb66e8a65c7","Sewer-veillance Cam","294","7.619047619047619","103","0","0","0.02912621359223301","0","","not-applicable-14-card-packs","","","","","","","46.6","46.6","0","1.336423967481152","0.4109671423953868","0","0.27912801484230065","0","{""base"":46.600000000000236,""mana"":0,""color"":1.336423967481152,""synergy"":0.4109671423953868,""curve"":0,""creature"":0,""removal"":0.27912801484230065,""duplicate"":0,""fixing"":0}","{""カード情報からの推定単体評価"":294,""現在の主色に合う"":244,""タップ"":245,""アーキタイプ・共通メカニズムと相性が良い"":134,""主色外のマナ供給が不足"":46}","[""カード情報からの推定単体評価"",""タップ"",""現在の主色に合う"",""アーキタイプ・共通メカニズムと相性が良い"",""主色外のマナ供給が不足""]"
"2c5044ff-a303-4276-8e23-7caac30a275b","Ninja Teen","51","10.294117647058824","14","0","0","0","0","","not-applicable-14-card-packs","","","","","","","43.4","43.4","0","0.8795890977241174","0","0","0","0","{""base"":43.400000000000034,""mana"":0,""color"":0.8795890977241174,""synergy"":0,""curve"":0,""creature"":0,""removal"":0,""duplicate"":0,""fixing"":0}","{""カード情報からの推定単体評価"":51,""現在の主色に合う"":41,""主色外のマナ供給が不足"":10}","[""カード情報からの推定単体評価"",""現在の主色に合う"",""主色外のマナ供給が不足""]"
"2c72e6d2-bbb0-42de-b465-438d584cbddc","Raphael, Tough Turtle","301","5.6245847176079735","92","0","0","0.5869565217391305","0","","not-applicable-14-card-packs","","","","","","","49","49","0","0.8887514412480284","0","0.40508909694956197","0","-0.4900332225913621","{""base"":49,""mana"":0,""color"":0.8887514412480284,""synergy"":0,""curve"":0.40508909694956197,""creature"":0.2600422832980975,""removal"":0,""duplicate"":-0.4900332225913621,""fixing"":0}","{""カード情報からの推定単体評価"":301,""現在の主色に合う"":202,""2マナのクリーチャーを補強"":124,""主色外のマナ供給が不足"":45,""クリーチャー不足を補う"":79}","[""カード情報からの推定単体評価"",""現在の主色に合う"",""2マナのクリーチャーを補強"",""クリーチャー不足を補う"",""主色外のマナ供給が不足""]"
"2d56a491-b3eb-4f3e-82ab-981d3036c45d","Krang, Utrom Warlord","28","5","10","1","0.1","0.6","0","","not-applicable-14-card-packs","","","","","","","49.6","49.6","0","0","0","-0.025324675324675326","0","0","{""base"":49.59999999999999,""mana"":0,""color"":0,""synergy"":0,""curve"":-0.025324675324675326,""creature"":0.16948051948051948,""removal"":0,""duplicate"":0,""fixing"":0}","{""カード情報からの推定単体評価"":28,""クリーチャー不足を補う"":4}","[""カード情報からの推定単体評価"",""クリーチャー不足を補う""]"
"2db77e35-a54a-4e9c-8081-c97822515879","Lord Dregg, Insect Invader","163","2.4723926380368098","50","15","0.3","1","0","","not-applicable-14-card-packs","","","","","","","51.1","51.1","0","1.3795772913929953","0.264805092648314","0.5046569994422754","0","-0.10736196319018405","{""base"":51.10000000000015,""mana"":0,""color"":1.3795772913929953,""synergy"":0.264805092648314,""curve"":0.5046569994422754,""creature"":0.363747908533185,""removal"":0,""duplicate"":-0.10736196319018405,""fixing"":0}","{""カード情報からの推定単体評価"":163,""現在の主色に合う"":107,""4マナのクリーチャーを補強"":63,""クリーチャー不足を補う"":43,""アーキタイプ・共通メカニズムと相性が良い"":44,""主色外のマナ供給が不足"":5,""スプラッシュ用のマナ供給あり"":1}","[""カード情報からの推定単体評価"",""現在の主色に合う"",""4マナのクリーチャーを補強"",""アーキタイプ・共通メカニズムと相性が良い"",""クリーチャー不足を補う""]"
"2db8dda3-8136-4cf2-ba2d-ecc344a36725","Mechanized Ninja Cavalry","299","9.849498327759198","97","0","0","0.041237113402061855","0","","not-applicable-14-card-packs","","","","","","","47.4","47.4","0","-3.0896167881942675","0","0.15525995743387042","0","0","{""base"":47.399999999999764,""mana"":-0.2528554859693352,""color"":-3.0896167881942675,""synergy"":0,""curve"":0.15525995743387042,""creature"":0.06275463666768014,""removal"":0,""duplicate"":0,""fixing"":0}","{""カード情報からの推定単体評価"":299,""主色外のマナ供給が不足"":183,""現在の主色に合う"":111,""2マナのクリーチャーを補強"":54,""クリーチャー不足を補う"":24}","[""カード情報からの推定単体評価"",""主色外のマナ供給が不足"",""現在の主色に合う"",""2マナのクリーチャーを補強"",""クリーチャー不足を補う""]"
"2dea1935-c227-46d5-9d98-e7d2cd612f98","EPF Point Squad","314","10.630573248407643","102","0","0","0.00980392156862745","0","","not-applicable-14-card-packs","","","","","","","46.6","46.6","0","-3.649972910225289","0","0.06886218876664738","0","0","{""base"":46.60000000000024,""mana"":-0.23859100311005838,""color"":-3.649972910225289,""synergy"":0,""curve"":0.06886218876664738,""creature"":0.0715691951360741,""removal"":0,""duplicate"":0,""fixing"":0}","{""カード情報からの推定単体評価"":314,""主色外のマナ供給が不足"":204,""現在の主色に合う"":109,""3マナのクリーチャーを補強"":35,""クリーチャー不足を補う"":24}","[""カード情報からの推定単体評価"",""主色外のマナ供給が不足"",""現在の主色に合う"",""3マナのクリーチャーを補強"",""クリーチャー不足を補う""]"
"306652a8-9a9c-4b33-96d7-b59234d148e9","Foot Ninjas","327","11.174311926605505","98","0","0","0","0","","not-applicable-14-card-packs","","","","","","","45.4","45.4","0","-3.932386464261632","0","-0.007339449541284403","0","-0.2862385321100921","{""base"":45.39999999999975,""mana"":-0.21610229419515747,""color"":-3.932386464261632,""synergy"":0,""curve"":-0.007339449541284403,""creature"":0.052376980817347804,""removal"":0,""duplicate"":-0.2862385321100921,""fixing"":0}","{""カード情報からの推定単体評価"":327,""主色外のマナ供給が不足"":202,""現在の主色に合う"":125,""クリーチャー不足を補う"":16}","[""カード情報からの推定単体評価"",""主色外のマナ供給が不足"",""現在の主色に合う"",""クリーチャー不足を補う""]"
"315ddc7a-c39c-43d9-b134-23acbd865e3e","Squirrelanoids","292","3.01027397260274","107","32","0.29906542056074764","1","0","","not-applicable-14-card-packs","","","","","","","51","51","0","1.2192758631050316","0","0","0","0","{""base"":51,""mana"":0,""color"":1.2192758631050316,""synergy"":0,""curve"":0,""creature"":0.28692403486924056,""removal"":0,""duplicate"":0,""fixing"":0}","{""カード情報からの推定単体評価"":292,""現在の主色に合う"":169,""クリーチャー不足を補う"":66,""主色外のマナ供給が不足"":16}","[""カード情報からの推定単体評価"",""現在の主色に合う"",""クリーチャー不足を補う"",""主色外のマナ供給が不足""]"
"3407fe41-fdd3-4119-8f70-4bc4590a379f","Negate","312","9.403846153846153","103","0","0","0","0","","not-applicable-14-card-packs","","","","","","","45.42","45.42","0","1.07096376961892","0","0","0.2668924825174827","0","{""base"":45.42000000000006,""mana"":0,""color"":1.07096376961892,""synergy"":0,""curve"":0,""creature"":0,""removal"":0.2668924825174827,""duplicate"":0,""fixing"":0}","{""カード情報からの推定単体評価"":312,""現在の主色に合う"":243,""バウンス・打ち消し"":243,""主色外のマナ供給が不足"":69}","[""カード情報からの推定単体評価"",""現在の主色に合う"",""バウンス・打ち消し"",""主色外のマナ供給が不足""]"
"348c7e22-2179-41b8-a5d2-8dd488e7e66d","Leonardo, Leader in Blue","177","5.11864406779661","65","2","0.03076923076923077","0.8","0","","not-applicable-14-card-packs","","","","","","","49.8","49.8","0","0.5666866695588071","0","0","0","-0.268361581920904","{""base"":49.80000000000006,""mana"":0,""color"":0.5666866695588071,""synergy"":0,""curve"":0,""creature"":0.16887519260400619,""removal"":0,""duplicate"":-0.268361581920904,""fixing"":0}","{""カード情報からの推定単体評価"":177,""現在の主色に合う"":95,""クリーチャー不足を補う"":27,""主色外のマナ供給が不足"":30}","[""カード情報からの推定単体評価"",""現在の主色に合う"",""主色外のマナ供給が不足"",""クリーチャー不足を補う""]"
"392a71c7-8f6d-46b8-bcc3-613e086d86ed","Wingnut, Bat on the Belfry","163","3.607361963190184","51","5","0.09803921568627451","0.9411764705882353","0","","not-applicable-14-card-packs","","","","","","","50.2","50.2","0","1.3382646120786281","0","0.5912994980479639","0","-0.19938650306748465","{""base"":50.199999999999875,""mana"":0,""color"":1.3382646120786281,""synergy"":0,""curve"":0.5912994980479639,""creature"":0.3724484104852207,""removal"":0,""duplicate"":-0.19938650306748465,""fixing"":0}","{""カード情報からの推定単体評価"":163,""現在の主色に合う"":107,""2マナのクリーチャーを補強"":79,""主色外のマナ供給が不足"":8,""クリーチャー不足を補う"":51}","[""カード情報からの推定単体評価"",""現在の主色に合う"",""2マナのクリーチャーを補強"",""クリーチャー不足を補う"",""主色外のマナ供給が不足""]"
"39c813e1-0e26-440a-b9bd-e781f7576b8b","Bebop, Warthog Warrior","289","4.346020761245675","92","7","0.07608695652173914","0.9239130434782609","0","","not-applicable-14-card-packs","","","","","","","50.2","50.2","0","1.2537044530463664","0.17528078124795893","0","0","-0.4411764705882353","{""base"":50.200000000000244,""mana"":0,""color"":1.2537044530463664,""synergy"":0.17528078124795893,""curve"":0,""creature"":0.2942434727901856,""removal"":0,""duplicate"":-0.4411764705882353,""fixing"":0}","{""カード情報からの推定単体評価"":289,""現在の主色に合う"":186,""クリーチャー不足を補う"":77,""主色外のマナ供給が不足"":13,""アーキタイプ・共通メカニズムと相性が良い"":49,""スプラッシュ用のマナ供給あり"":5}","[""カード情報からの推定単体評価"",""現在の主色に合う"",""クリーチャー不足を補う"",""アーキタイプ・共通メカニズムと相性が良い"",""主色外のマナ供給が不足""]"
"3aa3b908-e8d3-4944-8ced-5219d4129594","Putrid Pals","296","8.212837837837839","87","0","0","0.3333333333333333","0","","not-applicable-14-card-packs","","","","","","","49.4","49.4","0","-2.4931729621652954","0","0.15723280098280096","0","0","{""base"":49.39999999999976,""mana"":-0.25631566715694226,""color"":-2.4931729621652954,""synergy"":0,""curve"":0.15723280098280096,""creature"":0.1066953316953317,""removal"":0,""duplicate"":0,""fixing"":0}","{""カード情報からの推定単体評価"":296,""主色外のマナ供給が不足"":154,""現在の主色に合う"":112,""4マナのクリーチャーを補強"":50,""クリーチャー不足を補う"":34}","[""カード情報からの推定単体評価"",""主色外のマナ供給が不足"",""現在の主色に合う"",""4マナのクリーチャーを補強"",""クリーチャー不足を補う""]"
"3d081701-514b-4611-b5a1-239b8f335fb6","Insectoid Exterminator","298","4.436241610738255","100","2","0.02","0.7","0","","not-applicable-14-card-packs","","","","","","","49.4","49.4","0","1.631179365748362","0","0.6591214154972546","0","0","{""base"":49.39999999999976,""mana"":0,""color"":1.631179365748362,""synergy"":0,""curve"":0.6591214154972546,""creature"":0.3569249542403908,""removal"":0,""duplicate"":0,""fixing"":0}","{""カード情報からの推定単体評価"":298,""現在の主色に合う"":215,""3マナのクリーチャーを補強"":146,""クリーチャー不足を補う"":97,""主色外のマナ供給が不足"":13}","[""カード情報からの推定単体評価"",""現在の主色に合う"",""3マナのクリーチャーを補強"",""クリーチャー不足を補う"",""主色外のマナ供給が不足""]"
"3dc71e16-b935-4ad7-b3f7-945ac2c179a7","Chrome Dome","59","4.677966101694915","23","0","0","0.782608695652174","0","","not-applicable-14-card-packs","","","","","","","49.4","49.4","0","0","0.32910558509875265","0.4885978428351311","0","0","{""base"":49.400000000000055,""mana"":0,""color"":0,""synergy"":0.32910558509875265,""curve"":0.4885978428351311,""creature"":0.3688751926040061,""removal"":0,""duplicate"":0,""fixing"":0}","{""カード情報からの推定単体評価"":59,""アーキタイプ・共通メカニズムと相性が良い"":25,""クリーチャー不足を補う"":20,""2マナのクリーチャーを補強"":25}","[""カード情報からの推定単体評価"",""アーキタイプ・共通メカニズムと相性が良い"",""2マナのクリーチャーを補強"",""クリーチャー不足を補う""]"
"3e0f8ab3-75a6-49a2-a228-fa720cbde3d8","Kitsune's Technique","65","10.96923076923077","21","0","0","0","0","","not-applicable-14-card-packs","","","","","","","43.4","43.4","0","0.47373649839156773","0","0","0","-0.07384615384615384","{""base"":43.40000000000005,""mana"":0,""color"":0.47373649839156773,""synergy"":0,""curve"":0,""creature"":0,""removal"":0,""duplicate"":-0.07384615384615384,""fixing"":0}","{""カード情報からの推定単体評価"":65,""現在の主色に合う"":49,""主色外のマナ供給が不足"":16}","[""カード情報からの推定単体評価"",""現在の主色に合う"",""主色外のマナ供給が不足""]"
"3f166376-2739-411c-8f42-96f2ef28ef86","April O'Neil, Kunoichi Trainee","320","5.93125","117","2","0.017094017094017096","0.5042735042735043","0","","not-applicable-14-card-packs","","","","","","","49","49","0","0.795731207513153","0","0.46159090909090905","0","-0.5546875","{""base"":49,""mana"":0,""color"":0.795731207513153,""synergy"":0,""curve"":0.46159090909090905,""creature"":0.2110227272727275,""removal"":0,""duplicate"":-0.5546875,""fixing"":0}","{""カード情報からの推定単体評価"":320,""現在の主色に合う"":208,""2マナのクリーチャーを補強"":131,""クリーチャー不足を補う"":69,""主色外のマナ供給が不足"":52}","[""カード情報からの推定単体評価"",""現在の主色に合う"",""2マナのクリーチャーを補強"",""クリーチャー不足を補う"",""主色外のマナ供給が不足""]"
"404e958b-ead9-4ec7-b786-7b3d65e29967","Mouser Foundry","291","7.426116838487973","97","0","0","0.041237113402061855","0","","not-applicable-14-card-packs","","","","","","","47.4","47.4","0","1.3844019111490506","0.35290262756991253","0","0.07823336457357076","0","{""base"":47.399999999999764,""mana"":0,""color"":1.3844019111490506,""synergy"":0.35290262756991253,""curve"":0,""creature"":0,""removal"":0.07823336457357076,""duplicate"":0,""fixing"":0}","{""カード情報からの推定単体評価"":291,""主色外のマナ供給が不足"":47,""現在の主色に合う"":240,""火力・マイナス修整"":241,""アーキタイプ・共通メカニズムと相性が良い"":116}","[""カード情報からの推定単体評価"",""火力・マイナス修整"",""現在の主色に合う"",""アーキタイプ・共通メカニズムと相性が良い"",""主色外のマナ供給が不足""]"
"4097fea2-ae34-4b99-ab7e-a276d608b489","Weather Maker","55","7.345454545454546","12","0","0","0.16666666666666666","0","","not-applicable-14-card-packs","","","","","","","47.8","47.8","0","0","0","0","0.16252066115702477","0","{""base"":47.80000000000002,""mana"":0,""color"":0,""synergy"":0,""curve"":0,""creature"":0,""removal"":0.16252066115702477,""duplicate"":0,""fixing"":0}","{""カード情報からの推定単体評価"":55,""火力・マイナス修整"":55}","[""カード情報からの推定単体評価"",""火力・マイナス修整""]"
"4139f40a-873b-4842-96a2-b7875de1c20a","TCRI Building","0","","0","0","","","","","not-applicable-14-card-packs","","","","","","","45","45","0","","","","","","{}","{}","[""カード情報からの推定単体評価""]"
"41fbdaa2-7a7a-44d5-a8f4-77624350eedd","Splinter, Hamato Yoshi","162","2.617283950617284","49","17","0.3469387755102041","1","0","","not-applicable-14-card-packs","","","","","","","51","51","0","1.342063704531521","0","0.6397306397306397","0","-0.2623456790123457","{""base"":51,""mana"":0,""color"":1.342063704531521,""synergy"":0,""curve"":0.6397306397306397,""creature"":0.4084175084175088,""removal"":0,""duplicate"":-0.2623456790123457,""fixing"":0}","{""カード情報からの推定単体評価"":162,""現在の主色に合う"":105,""クリーチャー不足を補う"":51,""主色外のマナ供給が不足"":8,""2マナのクリーチャーを補強"":77}","[""カード情報からの推定単体評価"",""現在の主色に合う"",""2マナのクリーチャーを補強"",""クリーチャー不足を補う"",""主色外のマナ供給が不足""]"
"42f12942-9ac1-497e-a8b7-9f66a5afd0ae","Michelangelo's Technique","61","10.19672131147541","16","0","0","0","0","","not-applicable-14-card-packs","","","","","","","43.4","43.4","0","1.6819752386172917","0","0","0","0","{""base"":43.40000000000005,""mana"":0,""color"":1.6819752386172917,""synergy"":0,""curve"":0,""creature"":0,""removal"":0,""duplicate"":0,""fixing"":0}","{""カード情報からの推定単体評価"":61,""主色外のマナ供給が不足"":12,""現在の主色に合う"":49}","[""カード情報からの推定単体評価"",""現在の主色に合う"",""主色外のマナ供給が不足""]"
"434e720f-2bfa-49b6-a5ac-fe0c0b24764d","Buzz Bots","312","1.9006410256410255","105","85","0.8095238095238095","1","0","","not-applicable-14-card-packs","","","","","","","51.9","51.9","0","1.2323824420935046","0","0.5497523310023308","0","0","{""base"":51.89999999999975,""mana"":0,""color"":1.2323824420935046,""synergy"":0,""curve"":0.5497523310023308,""creature"":0.3185314685314688,""removal"":0,""duplicate"":0,""fixing"":0}","{""カード情報からの推定単体評価"":312,""現在の主色に合う"":186,""2マナのクリーチャーを補強"":124,""クリーチャー不足を補う"":71,""主色外のマナ供給が不足"":21}","[""カード情報からの推定単体評価"",""現在の主色に合う"",""2マナのクリーチャーを補強"",""クリーチャー不足を補う"",""主色外のマナ供給が不足""]"
"45873747-f2a4-4d83-9492-bfc97df7b605","Ravenous Robots","60","6.083333333333333","22","0","0","0.3181818181818182","0","","not-applicable-14-card-packs","","","","","","","48.6","48.6","0","0.5388236493640658","0","0.45454545454545464","0","0","{""base"":48.599999999999945,""mana"":0,""color"":0.5388236493640658,""synergy"":0,""curve"":0.45454545454545464,""creature"":0.2145454545454545,""removal"":0,""duplicate"":0,""fixing"":0}","{""カード情報からの推定単体評価"":60,""主色外のマナ供給が不足"":11,""現在の主色に合う"":41,""2マナのクリーチャーを補強"":21,""クリーチャー不足を補う"":13}","[""カード情報からの推定単体評価"",""現在の主色に合う"",""2マナのクリーチャーを補強"",""クリーチャー不足を補う"",""主色外のマナ供給が不足""]"
"45d40cdb-21cc-4569-a894-83dd3026c947","Triceraton Commander","19","2.473684210526316","8","2","0.25","1","0","","not-applicable-14-card-packs","","","","","","","51.6","51.6","0","0.7530660716384242","0","0.6287081339712919","0","0","{""base"":51.600000000000016,""mana"":0,""color"":0.7530660716384242,""synergy"":0,""curve"":0.6287081339712919,""creature"":0.29569377990430623,""removal"":0,""duplicate"":0,""fixing"":0}","{""カード情報からの推定単体評価"":19,""現在の主色に合う"":10,""2マナのクリーチャーを補強"":9,""クリーチャー不足を補う"":5,""主色外のマナ供給が不足"":1}","[""カード情報からの推定単体評価"",""現在の主色に合う"",""2マナのクリーチャーを補強"",""クリーチャー不足を補う"",""主色外のマナ供給が不足""]"
"46f77c8c-6817-4aea-a80a-d91f508ccbd0","Go Ninja Go","160","7.825","48","0","0","0.4375","0","","not-applicable-14-card-packs","","","","","","","49.6","49.6","0","-2.9250439019289862","0","0","0.038607954545454556","0","{""base"":49.60000000000014,""mana"":-0.2824701353500652,""color"":-2.9250439019289862,""synergy"":0,""curve"":0,""creature"":0,""removal"":0.038607954545454556,""duplicate"":0,""fixing"":0}","{""カード情報からの推定単体評価"":160,""主色外のマナ供給が不足"":87,""現在の主色に合う"":52,""確定除去"":52}","[""カード情報からの推定単体評価"",""主色外のマナ供給が不足"",""現在の主色に合う"",""確定除去""]"
"472d9a18-19a0-46c0-a4bf-328ebec7ce41","Mutagen Man, Living Ooze","53","2.0754716981132075","17","13","0.7647058823529411","1","0","","not-applicable-14-card-packs","","","","","","","52.199999999999996","52.199999999999996","0","1.4797561803381403","0.36276775795501426","0.6017152658662095","0","-0.09433962264150944","{""base"":52.19999999999998,""mana"":0,""color"":1.4797561803381403,""synergy"":0.36276775795501426,""curve"":0.6017152658662095,""creature"":0.341680960548885,""removal"":0,""duplicate"":-0.09433962264150944,""fixing"":0}","{""カード情報からの推定単体評価"":53,""現在の主色に合う"":34,""2マナのクリーチャーを補強"":20,""アーキタイプ・共通メカニズムと相性が良い"":19,""クリーチャー不足を補う"":15,""主色外のマナ供給が不足"":2}","[""カード情報からの推定単体評価"",""現在の主色に合う"",""2マナのクリーチャーを補強"",""アーキタイプ・共通メカニズムと相性が良い"",""クリーチャー不足を補う""]"
"49598fd5-2aad-4974-b499-38b60fc371b6","Null Group Biological Assets","319","3.633228840125392","111","5","0.04504504504504504","0.918918918918919","0","","not-applicable-14-card-packs","","","","","","","49.9","49.9","0","1.4242474843262027","0.1934592909699009","0.4577372470789401","0","0","{""base"":49.89999999999975,""mana"":0,""color"":1.4242474843262027,""synergy"":0.1934592909699009,""curve"":0.4577372470789401,""creature"":0.3141065830721002,""removal"":0,""duplicate"":0,""fixing"":0}","{""カード情報からの推定単体評価"":319,""現在の主色に合う"":205,""3マナのクリーチャーを補強"":136,""アーキタイプ・共通メカニズムと相性が良い"":69,""クリーチャー不足を補う"":82,""主色外のマナ供給が不足"":12}","[""カード情報からの推定単体評価"",""現在の主色に合う"",""3マナのクリーチャーを補強"",""クリーチャー不足を補う"",""アーキタイプ・共通メカニズムと相性が良い""]"
"4f02aa99-481c-4089-8f7c-cfe7eaa7dda0","Improvised Arsenal","67","10.626865671641792","16","0","0","0","0","","not-applicable-14-card-packs","","","","","","","43.4","43.4","0","0.23478600899296756","0.06815407116527854","0","0","0","{""base"":43.40000000000005,""mana"":0,""color"":0.23478600899296756,""synergy"":0.06815407116527854,""curve"":0,""creature"":0,""removal"":0,""duplicate"":0,""fixing"":0}","{""カード情報からの推定単体評価"":67,""現在の主色に合う"":49,""アーキタイプ・共通メカニズムと相性が良い"":5,""主色外のマナ供給が不足"":18}","[""カード情報からの推定単体評価"",""現在の主色に合う"",""主色外のマナ供給が不足"",""アーキタイプ・共通メカニズムと相性が良い""]"
"51c0b46c-c379-420a-a4a4-d18724c759aa","Technodrome","20","1","7","7","1","1","0","","not-applicable-14-card-packs","","","","","","","55.7","55.7","0","0","0.20762220014035995","0.5809090909090908","0","0","{""base"":55.700000000000024,""mana"":0,""color"":0,""synergy"":0.20762220014035995,""curve"":0.5809090909090908,""creature"":0.3872727272727272,""removal"":0,""duplicate"":0,""fixing"":0}","{""カード情報からの推定単体評価"":20,""アーキタイプ・共通メカニズムと相性が良い"":5,""2マナのクリーチャーを補強"":5,""クリーチャー不足を補う"":5}","[""カード情報からの推定単体評価"",""アーキタイプ・共通メカニズムと相性が良い"",""2マナのクリーチャーを補強"",""クリーチャー不足を補う""]"
"51df0203-578d-47e1-a9f7-a13445f597d7","Lessons from Life","168","11.375","57","0","0","0","0","","not-applicable-14-card-packs","","","","","","","45.5","45.5","0","-3.7090199611690764","0","0","0","0","{""base"":45.5,""mana"":-0.23907824051120935,""color"":-3.7090199611690764,""synergy"":0,""curve"":0,""creature"":0,""removal"":0,""duplicate"":0,""fixing"":0}","{""カード情報からの推定単体評価"":168,""主色外のマナ供給が不足"":101,""現在の主色に合う"":62,""スプラッシュ用のマナ供給あり"":5}","[""カード情報からの推定単体評価"",""主色外のマナ供給が不足"",""現在の主色に合う"",""スプラッシュ用のマナ供給あり""]"
"52562194-4a97-40d2-aa73-7827f7834f2f","Krang, Master Mind","51","10.96078431372549","17","0","0","0","0","","not-applicable-14-card-packs","","","","","","","43.4","43.4","0","-0.04430603225735116","0","0","0","-0.19607843137254902","{""base"":43.400000000000034,""mana"":0,""color"":-0.04430603225735116,""synergy"":0,""curve"":0,""creature"":0,""removal"":0,""duplicate"":-0.19607843137254902,""fixing"":0}","{""カード情報からの推定単体評価"":51,""現在の主色に合う"":35,""主色外のマナ供給が不足"":16}","[""カード情報からの推定単体評価"",""現在の主色に合う"",""主色外のマナ供給が不足""]"
"529178e8-425e-4d59-948c-ca7d0663f6ff","Mikey & Don, Party Planners","55","9.527272727272727","15","0","0","0.13333333333333333","0","","not-applicable-14-card-packs","","","","","","","47.8","47.8","0","-2.917399349852579","0","0.34198347107438015","0","-0.09090909090909091","{""base"":47.80000000000002,""mana"":-0.23891989795388355,""color"":-2.917399349852579,""synergy"":0,""curve"":0.34198347107438015,""creature"":0.04661157024793388,""removal"":0,""duplicate"":-0.09090909090909091,""fixing"":0}","{""カード情報からの推定単体評価"":55,""主色外のマナ供給が不足"":33,""現在の主色に合う"":20,""4マナのクリーチャーを補強"":15,""クリーチャー不足を補う"":2}","[""カード情報からの推定単体評価"",""主色外のマナ供給が不足"",""現在の主色に合う"",""4マナのクリーチャーを補強"",""クリーチャー不足を補う""]"
"532ee9c3-391c-44db-8ed5-a1d28fd7f876","Splinter's Technique","64","10.5","9","0","0","0","0","","not-applicable-14-card-packs","","","","","","","43.4","43.4","0","0.9411766751904612","0","0","0","0","{""base"":43.40000000000005,""mana"":0,""color"":0.9411766751904612,""synergy"":0,""curve"":0,""creature"":0,""removal"":0,""duplicate"":0,""fixing"":0}","{""カード情報からの推定単体評価"":64,""現在の主色に合う"":53,""主色外のマナ供給が不足"":8,""スプラッシュ用のマナ供給あり"":3}","[""カード情報からの推定単体評価"",""現在の主色に合う"",""主色外のマナ供給が不足"",""スプラッシュ用のマナ供給あり""]"
"56719f6a-1a6c-4c0a-8d21-18f7d7350b68","Swamp","468","14","165","0","0","0","1","","not-applicable-14-card-packs","","","","","","","12","12","0","0","0","0","0","0","{""base"":12,""mana"":0,""color"":0,""synergy"":0,""curve"":0,""creature"":0,""removal"":0,""duplicate"":0,""fixing"":0}","{""カード情報からの推定単体評価"":468}","[""カード情報からの推定単体評価""]"
"57f39ce2-ecbb-4262-8140-03aba5c4303f","Raph & Leo, Sibling Rivals","65","8.015384615384615","28","0","0","0.39285714285714285","0","","not-applicable-14-card-packs","","","","","","","49.4","49.4","0","-2.444103612456688","0","0.12797202797202797","0","-0.19230769230769232","{""base"":49.400000000000055,""mana"":-0.33505372253684973,""color"":-2.444103612456688,""synergy"":0,""curve"":0.12797202797202797,""creature"":0.10321678321678321,""removal"":0,""duplicate"":-0.19230769230769232,""fixing"":0}","{""カード情報からの推定単体評価"":65,""主色外のマナ供給が不足"":37,""現在の主色に合う"":17,""3マナのクリーチャーを補強"":9,""クリーチャー不足を補う"":7}","[""カード情報からの推定単体評価"",""主色外のマナ供給が不足"",""現在の主色に合う"",""3マナのクリーチャーを補強"",""クリーチャー不足を補う""]"
"594c6b1f-ff0e-4122-8b29-852632a22a79","Michelangelo, Game Master","320","5.70625","106","0","0","0.5377358490566038","0","","not-applicable-14-card-packs","","","","","","","49","49","0","0.874319980541047","0","0.5427272727272727","0","-0.453125","{""base"":49,""mana"":0,""color"":0.874319980541047,""synergy"":0,""curve"":0.5427272727272727,""creature"":0.2440909090909094,""removal"":0,""duplicate"":-0.453125,""fixing"":0}","{""カード情報からの推定単体評価"":320,""現在の主色に合う"":206,""3マナのクリーチャーを補強"":142,""クリーチャー不足を補う"":74,""主色外のマナ供給が不足"":56}","[""カード情報からの推定単体評価"",""現在の主色に合う"",""3マナのクリーチャーを補強"",""クリーチャー不足を補う"",""主色外のマナ供給が不足""]"
"59d96fc0-6580-43c2-8c6a-dcf983644561","Shredder, Unrelenting","180","3.3666666666666667","54","16","0.2962962962962963","1","0","","not-applicable-14-card-packs","","","","","","","51","51","0","1.4069037081765894","0","0","0","-0.18055555555555555","{""base"":51,""mana"":0,""color"":1.4069037081765894,""synergy"":0,""curve"":0,""creature"":0.32393939393939425,""removal"":0,""duplicate"":-0.18055555555555555,""fixing"":0}","{""カード情報からの推定単体評価"":180,""現在の主色に合う"":119,""クリーチャー不足を補う"":45,""主色外のマナ供給が不足"":7}","[""カード情報からの推定単体評価"",""現在の主色に合う"",""クリーチャー不足を補う"",""主色外のマナ供給が不足""]"
"5b865275-4114-44d0-9832-ae5d3b4efba4","Frog Butler","324","4.4907407407407405","100","2","0.02","0.74","0","","not-applicable-14-card-packs","","","","","","","49.4","49.4","0","1.1467035730130581","0","0.586574074074074","0","0","{""base"":49.39999999999975,""mana"":0,""color"":1.1467035730130581,""synergy"":0,""curve"":0.586574074074074,""creature"":0.3166666666666667,""removal"":0,""duplicate"":0,""fixing"":0}","{""カード情報からの推定単体評価"":324,""主色外のマナ供給が不足"":29,""現在の主色に合う"":220,""2マナのクリーチャーを補強"":162,""クリーチャー不足を補う"":90}","[""カード情報からの推定単体評価"",""現在の主色に合う"",""2マナのクリーチャーを補強"",""クリーチャー不足を補う"",""主色外のマナ供給が不足""]"
"5dd31fcd-72db-4daf-b127-ceb27bf25a94","Shredder's Revenge","322","10.670807453416149","103","0","0","0","0","","not-applicable-14-card-packs","","","","","","","43","43","0","0.7112641566351673","0.21336976729414942","0","0","0","{""base"":43,""mana"":0,""color"":0.7112641566351673,""synergy"":0.21336976729414942,""curve"":0,""creature"":0,""removal"":0,""duplicate"":0,""fixing"":0}","{""カード情報からの推定単体評価"":322,""現在の主色に合う"":254,""アーキタイプ・共通メカニズムと相性が良い"":76,""主色外のマナ供給が不足"":68}","[""カード情報からの推定単体評価"",""現在の主色に合う"",""アーキタイプ・共通メカニズムと相性が良い"",""主色外のマナ供給が不足""]"
"5ebdc1a5-e678-444b-abb8-8753558a39de","Primordial Pachyderm","330","2.812121212121212","111","32","0.2882882882882883","1","0","","not-applicable-14-card-packs","","","","","","","51","51","0","1.180659208501326","0","0.4115840220385675","0","0","{""base"":51,""mana"":0,""color"":1.180659208501326,""synergy"":0,""curve"":0.4115840220385675,""creature"":0.270909090909091,""removal"":0,""duplicate"":0,""fixing"":0}","{""カード情報からの推定単体評価"":330,""現在の主色に合う"":204,""4マナのクリーチャーを補強"":111,""クリーチャー不足を補う"":59,""主色外のマナ供給が不足"":13,""スプラッシュ用のマナ供給あり"":2}","[""カード情報からの推定単体評価"",""現在の主色に合う"",""4マナのクリーチャーを補強"",""クリーチャー不足を補う"",""主色外のマナ供給が不足""]"
"5f4834c7-cd63-420b-8492-ef127ffd4f45","Anchovy & Banana Pizza","338","4.727810650887574","117","2","0.017094017094017096","0.7948717948717948","0","","not-applicable-14-card-packs","","","","","","","49.6","49.6","0","1.3272032760002004","0.3096901563796694","0","0.13598036578805814","0","{""base"":49.600000000000215,""mana"":0,""color"":1.3272032760002004,""synergy"":0.3096901563796694,""curve"":0,""creature"":0,""removal"":0.13598036578805814,""duplicate"":0,""fixing"":0}","{""カード情報からの推定単体評価"":338,""現在の主色に合う"":213,""確定除去"":254,""アーキタイプ・共通メカニズムと相性が良い"":117,""主色外のマナ供給が不足"":32}","[""カード情報からの推定単体評価"",""確定除去"",""現在の主色に合う"",""アーキタイプ・共通メカニズムと相性が良い"",""主色外のマナ供給が不足""]"
"6074632b-4520-4ae8-bcdc-26b1eff71af9","Savanti Romero, Time's Exile","63","4.555555555555555","27","0","0","0.8888888888888888","0","","not-applicable-14-card-packs","","","","","","","49.8","49.8","0","1.1498308732140563","0","0","0","-0.07936507936507936","{""base"":49.80000000000005,""mana"":0,""color"":1.1498308732140563,""synergy"":0,""curve"":0,""creature"":0.3307359307359306,""removal"":0,""duplicate"":-0.07936507936507936,""fixing"":0}","{""カード情報からの推定単体評価"":63,""現在の主色に合う"":35,""クリーチャー不足を補う"":17,""主色外のマナ供給が不足"":4}","[""カード情報からの推定単体評価"",""現在の主色に合う"",""クリーチャー不足を補う"",""主色外のマナ供給が不足""]"
"60826714-b9fd-4c89-b9f2-1a3c3229686b","Tainted Treats","167","10.425149700598803","57","0","0","0","0","","not-applicable-14-card-packs","","","","","","","46.3","46.3","0","-3.0007152019939487","0.2340040794516841","0","0.04642079477408819","0","{""base"":46.300000000000125,""mana"":-0.23810865747384294,""color"":-3.0007152019939487,""synergy"":0.2340040794516841,""curve"":0,""creature"":0,""removal"":0.04642079477408819,""duplicate"":0,""fixing"":0}","{""カード情報からの推定単体評価"":167,""主色外のマナ供給が不足"":103,""現在の主色に合う"":64,""条件付き除去"":64,""アーキタイプ・共通メカニズムと相性が良い"":46}","[""カード情報からの推定単体評価"",""主色外のマナ供給が不足"",""現在の主色に合う"",""条件付き除去"",""アーキタイプ・共通メカニズムと相性が良い""]"
"6496eea7-38f5-4428-a379-b08b0eeb5239","Leonardo, Big Brother","324","7.950617283950617","106","0","0","0.0660377358490566","0","","not-applicable-14-card-packs","","","","","","","47.4","47.4","0","0.4050862661274558","0","0.2470258136924803","0","-0.43209876543209874","{""base"":47.39999999999976,""mana"":0,""color"":0.4050862661274558,""synergy"":0,""curve"":0.2470258136924803,""creature"":0.19006734006734025,""removal"":0,""duplicate"":-0.43209876543209874,""fixing"":0}","{""カード情報からの推定単体評価"":324,""現在の主色に合う"":218,""3マナのクリーチャーを補強"":96,""クリーチャー不足を補う"":68,""主色外のマナ供給が不足"":99}","[""カード情報からの推定単体評価"",""現在の主色に合う"",""主色外のマナ供給が不足"",""3マナのクリーチャーを補強"",""クリーチャー不足を補う""]"
"679480aa-f9ad-4a6c-bd79-db9f9f75433d","Bespoke Bō","158","11.177215189873417","54","0","0","0","0","","not-applicable-14-card-packs","","","","","","","43","43","0","-0.40258147153972235","0.023100000969107824","0","0","0","{""base"":43,""mana"":0,""color"":-0.40258147153972235,""synergy"":0.023100000969107824,""curve"":0,""creature"":0,""removal"":0,""duplicate"":0,""fixing"":0}","{""カード情報からの推定単体評価"":158,""現在の主色に合う"":107,""主色外のマナ供給が不足"":51,""アーキタイプ・共通メカニズムと相性が良い"":4}","[""カード情報からの推定単体評価"",""現在の主色に合う"",""主色外のマナ供給が不足"",""アーキタイプ・共通メカニズムと相性が良い""]"
"698098b8-b8e4-4e88-b13a-6b039579d192","Ray Fillet, Man Ray","165","2.2606060606060607","60","48","0.8","1","0","","not-applicable-14-card-packs","","","","","","","51.9","51.9","0","1.280472313387999","0.3120580245793688","0.3976308539944903","0","-0.30303030303030304","{""base"":51.89999999999984,""mana"":0,""color"":1.280472313387999,""synergy"":0.3120580245793688,""curve"":0.3976308539944903,""creature"":0.3130578512396697,""removal"":0,""duplicate"":-0.30303030303030304,""fixing"":0}","{""カード情報からの推定単体評価"":165,""現在の主色に合う"":95,""アーキタイプ・共通メカニズムと相性が良い"":54,""4マナのクリーチャーを補強"":51,""クリーチャー不足を補う"":40,""主色外のマナ供給が不足"":9,""スプラッシュ用のマナ供給あり"":1}","[""カード情報からの推定単体評価"",""現在の主色に合う"",""アーキタイプ・共通メカニズムと相性が良い"",""4マナのクリーチャーを補強"",""クリーチャー不足を補う""]"
"6a51bb21-0c01-4ad8-99d7-17685db90b69","The Last Ronin's Technique","167","11.74251497005988","54","0","0","0","0","","not-applicable-14-card-packs","","","","","","","43","43","0","-0.00972370793280005","0","0","0","0","{""base"":43,""mana"":0,""color"":-0.00972370793280005,""synergy"":0,""curve"":0,""creature"":0,""removal"":0,""duplicate"":0,""fixing"":0}","{""カード情報からの推定単体評価"":167,""現在の主色に合う"":118,""主色外のマナ供給が不足"":42,""スプラッシュ用のマナ供給あり"":7}","[""カード情報からの推定単体評価"",""現在の主色に合う"",""主色外のマナ供給が不足"",""スプラッシュ用のマナ供給あり""]"
"6c754808-86a6-43d3-8aeb-96ec19f7396c","Renet, Temporal Apprentice","49","8.346938775510203","21","0","0","0.047619047619047616","0","","not-applicable-14-card-packs","","","","","","","47","47","0","1.0317409471417736","0","0","0","-0.05102040816326531","{""base"":47,""mana"":0,""color"":1.0317409471417736,""synergy"":0,""curve"":0,""creature"":0.18033395176252323,""removal"":0,""duplicate"":-0.05102040816326531,""fixing"":0}","{""カード情報からの推定単体評価"":49,""主色外のマナ供給が不足"":12,""現在の主色に合う"":36,""クリーチャー不足を補う"":9}","[""カード情報からの推定単体評価"",""現在の主色に合う"",""主色外のマナ供給が不足"",""クリーチャー不足を補う""]"
"6d819742-3d02-4d60-9b10-82caa49a9d49","Novel Nunchaku","171","8.192982456140351","51","0","0","0.0392156862745098","0","","not-applicable-14-card-packs","","","","","","","46.3","46.3","0","1.3500542449979513","0.019726265456166042","0","0.2252392344497607","0","{""base"":46.300000000000125,""mana"":0,""color"":1.3500542449979513,""synergy"":0.019726265456166042,""curve"":0,""creature"":0,""removal"":0.2252392344497607,""duplicate"":0,""fixing"":0}","{""カード情報からの推定単体評価"":171,""現在の主色に合う"":138,""条件付き除去"":139,""アーキタイプ・共通メカニズムと相性が良い"":4,""主色外のマナ供給が不足"":31}","[""カード情報からの推定単体評価"",""条件付き除去"",""現在の主色に合う"",""主色外のマナ供給が不足"",""アーキタイプ・共通メカニズムと相性が良い""]"
"71b81f3f-6092-4819-8529-e27bccfcf088","Ragamuffin Raptor","340","5.6382352941176475","115","1","0.008695652173913044","0.5478260869565217","0","","not-applicable-14-card-packs","","","","","","","49.1","49.1","0","1.4019740695183163","0","0","0","0","{""base"":49.10000000000022,""mana"":0,""color"":1.4019740695183163,""synergy"":0,""curve"":0,""creature"":0.2178609625668451,""removal"":0,""duplicate"":0,""fixing"":0}","{""カード情報からの推定単体評価"":340,""主色外のマナ供給が不足"":37,""現在の主色に合う"":238,""クリーチャー不足を補う"":75,""スプラッシュ用のマナ供給あり"":1}","[""カード情報からの推定単体評価"",""現在の主色に合う"",""クリーチャー不足を補う"",""主色外のマナ供給が不足"",""スプラッシュ用のマナ供給あり""]"
"7246638e-0361-40e3-8019-3c10210a593e","Karai, Future of the Foot","159","5.081761006289308","46","8","0.17391304347826086","1","0","","not-applicable-14-card-packs","","","","","","","51.5","51.5","0","-1.5285156969854787","0","0.046655231560891956","0","-0.4088050314465409","{""base"":51.5,""mana"":-0.30749373948479025,""color"":-1.5285156969854787,""synergy"":0,""curve"":0.046655231560891956,""creature"":0.13070325900514582,""removal"":0,""duplicate"":-0.4088050314465409,""fixing"":0}","{""カード情報からの推定単体評価"":159,""主色外のマナ供給が不足"":51,""現在の主色に合う"":62,""クリーチャー不足を補う"":17,""3マナのクリーチャーを補強"":26}","[""カード情報からの推定単体評価"",""現在の主色に合う"",""主色外のマナ供給が不足"",""3マナのクリーチャーを補強"",""クリーチャー不足を補う""]"
"73144877-1d37-4c7a-8493-3cef191b9211","Omni-Cheese Pizza","306","8.761437908496733","96","0","0","0","0","","not-applicable-14-card-packs","","","","","","","45.5","45.5","0","0","0.4434320482225404","0","0","0","{""base"":45.5,""mana"":0,""color"":0,""synergy"":0.4434320482225404,""curve"":0,""creature"":0,""removal"":0,""duplicate"":0,""fixing"":0}","{""カード情報からの推定単体評価"":306,""アーキタイプ・共通メカニズムと相性が良い"":154}","[""カード情報からの推定単体評価"",""アーキタイプ・共通メカニズムと相性が良い""]"
"73413bd5-8c40-4d45-8f05-c20c39ee4017","Madame Null, Power Broker","52","3.826923076923077","14","1","0.07142857142857142","0.8571428571428571","0","","not-applicable-14-card-packs","","","","","","","49.8","49.8","0","1.7552877687468067","0","0.6134615384615384","0","0","{""base"":49.80000000000002,""mana"":0,""color"":1.7552877687468067,""synergy"":0,""curve"":0.6134615384615384,""creature"":0.2979020979020978,""removal"":0,""duplicate"":0,""fixing"":0}","{""カード情報からの推定単体評価"":52,""現在の主色に合う"":38,""3マナのクリーチャーを補強"":28,""クリーチャー不足を補う"":14,""主色外のマナ供給が不足"":2}","[""カード情報からの推定単体評価"",""現在の主色に合う"",""3マナのクリーチャーを補強"",""クリーチャー不足を補う"",""主色外のマナ供給が不足""]"
"74e3243b-6707-4769-8767-7cf2ef71009a","Leonardo, Sewer Samurai","23","7.391304347826087","8","0","0","0.375","0","","not-applicable-14-card-packs","","","","","","","48","48","0","1.3678194356641933","0","0.5031620553359684","0","-0.10869565217391304","{""base"":48,""mana"":0,""color"":1.3678194356641933,""synergy"":0,""curve"":0.5031620553359684,""creature"":0.20158102766798416,""removal"":0,""duplicate"":-0.10869565217391304,""fixing"":0}","{""カード情報からの推定単体評価"":23,""主色外のマナ供給が不足"":2,""現在の主色に合う"":17,""4マナのクリーチャーを補強"":10,""クリーチャー不足を補う"":4,""スプラッシュ用のマナ供給あり"":1}","[""カード情報からの推定単体評価"",""現在の主色に合う"",""4マナのクリーチャーを補強"",""クリーチャー不足を補う"",""主色外のマナ供給が不足""]"
"79a9fc1c-a6a9-483a-9ba7-d09fe41760c3","Featherbrained Filcher","162","2.9814814814814814","47","19","0.40425531914893614","0.9787234042553191","0","","not-applicable-14-card-packs","","","","","","","51","51","0","1.4115070326007757","0.23902622791442044","0","0","0","{""base"":51,""mana"":0,""color"":1.4115070326007757,""synergy"":0.23902622791442044,""curve"":0,""creature"":0.282828282828283,""removal"":0,""duplicate"":0,""fixing"":0}","{""カード情報からの推定単体評価"":162,""現在の主色に合う"":104,""クリーチャー不足を補う"":37,""アーキタイプ・共通メカニズムと相性が良い"":42,""主色外のマナ供給が不足"":12}","[""カード情報からの推定単体評価"",""現在の主色に合う"",""アーキタイプ・共通メカニズムと相性が良い"",""クリーチャー不足を補う"",""主色外のマナ供給が不足""]"
"7b3d364d-6581-43de-a80a-d5b07f5d21ed","Venus, Torn Between Worlds","177","2.824858757062147","60","40","0.6666666666666666","1","0","","not-applicable-14-card-packs","","","","","","","51.5","51.5","0","1.111912389774709","0","0","0","-0.1977401129943503","{""base"":51.5,""mana"":0,""color"":1.111912389774709,""synergy"":0,""curve"":0,""creature"":0.2647149460708785,""removal"":0,""duplicate"":-0.1977401129943503,""fixing"":0}","{""カード情報からの推定単体評価"":177,""主色外のマナ供給が不足"":13,""現在の主色に合う"":104,""クリーチャー不足を補う"":37}","[""カード情報からの推定単体評価"",""現在の主色に合う"",""クリーチャー不足を補う"",""主色外のマナ供給が不足""]"
"7df45a2a-75bc-4343-8dad-3a642efd13ee","Metalhead","157","5.191082802547771","45","0","0","0.7111111111111111","0","","not-applicable-14-card-packs","","","","","","","49.4","49.4","0","0.7931678113574869","0.3589842822496413","0","0","-0.28662420382165604","{""base"":49.399999999999864,""mana"":0,""color"":0.7931678113574869,""synergy"":0.3589842822496413,""curve"":0,""creature"":0.26716850028951955,""removal"":0,""duplicate"":-0.28662420382165604,""fixing"":0}","{""カード情報からの推定単体評価"":157,""現在の主色に合う"":104,""アーキタイプ・共通メカニズムと相性が良い"":66,""クリーチャー不足を補う"":43,""主色外のマナ供給が不足"":19,""スプラッシュ用のマナ供給あり"":2}","[""カード情報からの推定単体評価"",""現在の主色に合う"",""アーキタイプ・共通メカニズムと相性が良い"",""クリーチャー不足を補う"",""主色外のマナ供給が不足""]"
"7ef5c812-ad7d-4d6c-8ee5-68561e7e4bd7","Saved by the Shell","167","11.071856287425149","60","0","0","0","0","","not-applicable-14-card-packs","","","","","","","43","43","0","0.0059455323188007956","0","0","0","0","{""base"":43,""mana"":0,""color"":0.0059455323188007956,""synergy"":0,""curve"":0,""creature"":0,""removal"":0,""duplicate"":0,""fixing"":0}","{""カード情報からの推定単体評価"":167,""現在の主色に合う"":116,""主色外のマナ供給が不足"":51}","[""カード情報からの推定単体評価"",""現在の主色に合う"",""主色外のマナ供給が不足""]"
"803971e6-67f3-4fda-aeb6-69ef8ea4b54e","Turtles in Time","23","10.434782608695652","6","0","0","0","0","","not-applicable-14-card-packs","","","","","","","43.6","43.6","0","0.33982182862687293","0","0","0","0","{""base"":43.600000000000016,""mana"":0,""color"":0.33982182862687293,""synergy"":0,""curve"":0,""creature"":0,""removal"":0,""duplicate"":0,""fixing"":0}","{""カード情報からの推定単体評価"":23,""現在の主色に合う"":16,""主色外のマナ供給が不足"":7}","[""カード情報からの推定単体評価"",""現在の主色に合う"",""主色外のマナ供給が不足""]"
"8226f31d-6f51-49c3-87f7-0c68f7f4f9ce","Make Your Move","327","8.81651376146789","105","0","0","0.009523809523809525","0","","not-applicable-14-card-packs","","","","","","","46.3","46.3","0","0.42436301610953636","0","0","0.11146788990825687","0","{""base"":46.299999999999734,""mana"":0,""color"":0.42436301610953636,""synergy"":0,""curve"":0,""creature"":0,""removal"":0.11146788990825687,""duplicate"":0,""fixing"":0}","{""カード情報からの推定単体評価"":327,""現在の主色に合う"":228,""条件付き除去"":228,""主色外のマナ供給が不足"":98}","[""カード情報からの推定単体評価"",""現在の主色に合う"",""条件付き除去"",""主色外のマナ供給が不足""]"
"82563a5f-cae4-4ece-876c-0df245d2dc58","Raph & Mikey, Troublemakers","55","8.290909090909091","24","0","0","0.375","0","","not-applicable-14-card-packs","","","","","","","49.4","49.4","0","-3.633276037382183","0","-0.021818181818181816","0","-0.045454545454545456","{""base"":49.40000000000005,""mana"":-0.3193334961082981,""color"":-3.633276037382183,""synergy"":0,""curve"":-0.021818181818181816,""creature"":0.07041322314049588,""removal"":0,""duplicate"":-0.045454545454545456,""fixing"":0}","{""カード情報からの推定単体評価"":55,""主色外のマナ供給が不足"":36,""現在の主色に合う"":10,""クリーチャー不足を補う"":4}","[""カード情報からの推定単体評価"",""主色外のマナ供給が不足"",""現在の主色に合う"",""クリーチャー不足を補う""]"
"82a6fa6f-13c2-4ea3-bec2-c51b56b2783b","The Ooze","51","10.647058823529411","20","0","0","0","0","","not-applicable-14-card-packs","","","","","","","43.4","43.4","0","0","0.37767759661188677","0","0","-0.09803921568627451","{""base"":43.400000000000034,""mana"":0,""color"":0,""synergy"":0.37767759661188677,""curve"":0,""creature"":0,""removal"":0,""duplicate"":-0.09803921568627451,""fixing"":0}","{""カード情報からの推定単体評価"":51,""アーキタイプ・共通メカニズムと相性が良い"":21}","[""カード情報からの推定単体評価"",""アーキタイプ・共通メカニズムと相性が良い""]"
"84a56740-8563-4ce5-8560-d44998d7f80d","High-Flying Ace","319","3.689655172413793","120","6","0.05","0.95","0","","not-applicable-14-card-packs","","","","","","","50.2","50.2","0","1.2293252955401817","0","0.2589769165004274","0","0","{""base"":50.20000000000029,""mana"":0,""color"":1.2293252955401817,""synergy"":0,""curve"":0.2589769165004274,""creature"":0.263151895126817,""removal"":0,""duplicate"":0,""fixing"":0}","{""カード情報からの推定単体評価"":319,""現在の主色に合う"":183,""3マナのクリーチャーを補強"":94,""クリーチャー不足を補う"":69,""主色外のマナ供給が不足"":22}","[""カード情報からの推定単体評価"",""現在の主色に合う"",""3マナのクリーチャーを補強"",""クリーチャー不足を補う"",""主色外のマナ供給が不足""]"
"8683341a-e836-41e5-9034-4da09eb0ab42","Dimension X","0","","0","0","","","","","not-applicable-14-card-packs","","","","","","","45","45","0","","","","","","{}","{}","[""カード情報からの推定単体評価""]"
"86ef86de-104f-4eae-a2db-893b50e95ad7","Tokka & Rahzar, Terrible Twos","59","4.271186440677966","26","14","0.5384615384615384","1","0","","not-applicable-14-card-packs","","","","","","","52.199999999999996","52.199999999999996","0","-1.5193155262736533","0","0.19260400616332818","0","-0.1694915254237288","{""base"":52.19999999999997,""mana"":-0.38645045252726506,""color"":-1.5193155262736533,""synergy"":0,""curve"":0.19260400616332818,""creature"":0.14144838212634822,""removal"":0,""duplicate"":-0.1694915254237288,""fixing"":0}","{""カード情報からの推定単体評価"":59,""現在の主色に合う"":15,""2マナのクリーチャーを補強"":9,""主色外のマナ供給が不足"":18,""クリーチャー不足を補う"":8}","[""カード情報からの推定単体評価"",""主色外のマナ供給が不足"",""現在の主色に合う"",""2マナのクリーチャーを補強"",""クリーチャー不足を補う""]"
"89793c8c-98a3-4621-ad3d-cfc5949c65da","Utrom Scientists","351","6.814814814814815","118","0","0","0.1016949152542373","0","","not-applicable-14-card-packs","","","","","","","47.4","47.4","0","1.0080522564270098","0","0.43882413882413884","0","0","{""base"":47.39999999999978,""mana"":0,""color"":1.0080522564270098,""synergy"":0,""curve"":0.43882413882413884,""creature"":0.2436674436674439,""removal"":0,""duplicate"":0,""fixing"":0}","{""カード情報からの推定単体評価"":351,""現在の主色に合う"":264,""主色外のマナ供給が不足"":74,""3マナのクリーチャーを補強"":139,""クリーチャー不足を補う"":96}","[""カード情報からの推定単体評価"",""現在の主色に合う"",""3マナのクリーチャーを補強"",""クリーチャー不足を補う"",""主色外のマナ供給が不足""]"
"8abff7b5-fe27-46bd-b951-b5d9f93f3a14","Slash, Reptile Rampager","59","2.7457627118644066","23","6","0.2608695652173913","1","0","","not-applicable-14-card-packs","","","","","","","51","51","0","1.4829803671596378","0","0","0","0","{""base"":51,""mana"":0,""color"":1.4829803671596378,""synergy"":0,""curve"":0,""creature"":0.2801232665639445,""removal"":0,""duplicate"":0,""fixing"":0}","{""カード情報からの推定単体評価"":59,""現在の主色に合う"":35,""クリーチャー不足を補う"":13,""主色外のマナ供給が不足"":1}","[""カード情報からの推定単体評価"",""現在の主色に合う"",""クリーチャー不足を補う"",""主色外のマナ供給が不足""]"
"8c1e5b25-ee5a-4ea9-a715-08dd1a4f51c4","Raphael, the Nightwatcher","22","7.2727272727272725","7","0","0","0.14285714285714285","0","","not-applicable-14-card-packs","","","","","","","47.2","47.2","0","0.8167918931774939","0","0.5309917355371901","0","-0.11363636363636363","{""base"":47.20000000000002,""mana"":0,""color"":0.8167918931774939,""synergy"":0,""curve"":0.5309917355371901,""creature"":0.22809917355371903,""removal"":0,""duplicate"":-0.11363636363636363,""fixing"":0}","{""カード情報からの推定単体評価"":22,""現在の主色に合う"":16,""4マナのクリーチャーを補強"":9,""クリーチャー不足を補う"":5,""主色外のマナ供給が不足"":5}","[""カード情報からの推定単体評価"",""現在の主色に合う"",""4マナのクリーチャーを補強"",""クリーチャー不足を補う"",""主色外のマナ供給が不足""]"
"8df7a58c-053f-4ead-a778-2747718e5f10","Party Dude","47","8.914893617021276","16","0","0","0","0","","not-applicable-14-card-packs","","","","","","","45.9","45.9","0","0.9887025765189207","0","0","0","0","{""base"":45.900000000000034,""mana"":0,""color"":0.9887025765189207,""synergy"":0,""curve"":0,""creature"":0,""removal"":0,""duplicate"":0,""fixing"":0}","{""カード情報からの推定単体評価"":47,""主色外のマナ供給が不足"":10,""現在の主色に合う"":37}","[""カード情報からの推定単体評価"",""現在の主色に合う"",""主色外のマナ供給が不足""]"
"8f0777bc-4fca-4601-beed-1fd060f28075","Dimensional Exile","150","5.486666666666666","47","1","0.02127659574468085","0.851063829787234","0","","not-applicable-14-card-packs","","","","","","","49.6","49.6","0","1.143611905382202","0","0","0.15013636363636365","0","{""base"":49.60000000000013,""mana"":0,""color"":1.143611905382202,""synergy"":0,""curve"":0,""creature"":0,""removal"":0.15013636363636365,""duplicate"":0,""fixing"":0}","{""カード情報からの推定単体評価"":150,""現在の主色に合う"":93,""確定除去"":103,""主色外のマナ供給が不足"":17}","[""カード情報からの推定単体評価"",""確定除去"",""現在の主色に合う"",""主色外のマナ供給が不足""]"
"9076a886-efe0-4c99-8661-f0fd7a7b3129","Paramecia Coloniex","163","5.631901840490798","63","0","0","0.3968253968253968","0","","not-applicable-14-card-packs","","","","","","","49","49","0","1.1000362171627647","0","0.5894590072504182","0","0","{""base"":49,""mana"":0,""color"":1.1000362171627647,""synergy"":0,""curve"":0.5894590072504182,""creature"":0.24461795872838832,""removal"":0,""duplicate"":0,""fixing"":0}","{""カード情報からの推定単体評価"":163,""現在の主色に合う"":114,""2マナのクリーチャーを補強"":76,""クリーチャー不足を補う"":40,""主色外のマナ供給が不足"":24}","[""カード情報からの推定単体評価"",""現在の主色に合う"",""2マナのクリーチャーを補強"",""クリーチャー不足を補う"",""主色外のマナ供給が不足""]"
"90b1226f-4c90-47fd-98f3-ad4edd3b3518","Jennika's Technique","157","11.229299363057326","53","0","0","0","0","","not-applicable-14-card-packs","","","","","","","43","43","0","0.7939117340715431","0","0","0","0","{""base"":43,""mana"":0,""color"":0.7939117340715431,""synergy"":0,""curve"":0,""creature"":0,""removal"":0,""duplicate"":0,""fixing"":0}","{""カード情報からの推定単体評価"":157,""現在の主色に合う"":125,""主色外のマナ供給が不足"":32}","[""カード情報からの推定単体評価"",""現在の主色に合う"",""主色外のマナ供給が不足""]"
"92e45a8f-c582-45e1-9b7f-def219023ebf","West Wind Avatar","162","2.5987654320987654","58","30","0.5172413793103449","1","0","","not-applicable-14-card-packs","","","","","","","51.5","51.5","0","1.282800136811025","0.3222988778818395","-0.014141414141414142","0","-0.22962962962962957","{""base"":51.5,""mana"":0,""color"":1.282800136811025,""synergy"":0.3222988778818395,""curve"":-0.014141414141414142,""creature"":0.3104377104377106,""removal"":0,""duplicate"":-0.22962962962962957,""fixing"":0}","{""カード情報からの推定単体評価"":162,""現在の主色に合う"":98,""主色外のマナ供給が不足"":6,""アーキタイプ・共通メカニズムと相性が良い"":55,""クリーチャー不足を補う"":39}","[""カード情報からの推定単体評価"",""現在の主色に合う"",""アーキタイプ・共通メカニズムと相性が良い"",""クリーチャー不足を補う"",""主色外のマナ供給が不足""]"
"933fe6e5-8d00-4411-aa54-7780382c1ea6","Leonardo, Cutting Edge","23","4.391304347826087","12","1","0.08333333333333333","0.9166666666666666","0","","not-applicable-14-card-packs","","","","","","","50","50","0","1.0116566446576907","0","0.38695652173913037","0","0","{""base"":50,""mana"":0,""color"":1.0116566446576907,""synergy"":0,""curve"":0.38695652173913037,""creature"":0.1399209486166008,""removal"":0,""duplicate"":0,""fixing"":0}","{""カード情報からの推定単体評価"":23,""現在の主色に合う"":11,""2マナのクリーチャーを補強"":6,""クリーチャー不足を補う"":3,""主色外のマナ供給が不足"":1}","[""カード情報からの推定単体評価"",""現在の主色に合う"",""2マナのクリーチャーを補強"",""クリーチャー不足を補う"",""主色外のマナ供給が不足""]"
"9665f940-c0a4-4d3e-b889-8049cf549a4f","Spicy Oatmeal Pizza","169","7.100591715976331","59","0","0","0.06779661016949153","0","","not-applicable-14-card-packs","","","","","","","47.4","47.4","0","1.586712490857042","0.3551412064244598","0","0.10493544916621841","0","{""base"":47.39999999999986,""mana"":0,""color"":1.586712490857042,""synergy"":0.3551412064244598,""curve"":0,""creature"":0,""removal"":0.10493544916621841,""duplicate"":0,""fixing"":0}","{""カード情報からの推定単体評価"":169,""現在の主色に合う"":134,""火力・マイナス修整"":135,""アーキタイプ・共通メカニズムと相性が良い"":72,""主色外のマナ供給が不足"":31}","[""カード情報からの推定単体評価"",""火力・マイナス修整"",""現在の主色に合う"",""アーキタイプ・共通メカニズムと相性が良い"",""主色外のマナ供給が不足""]"
"989b93fe-cad0-4890-a228-8a20ca666f10","Uneasy Alliance","299","11.033444816053512","101","0","0","0","0","","not-applicable-14-card-packs","","","","","","","43","43","0","0.19564880169928922","0.31457916299664673","0","0","0","{""base"":43,""mana"":0,""color"":0.19564880169928922,""synergy"":0.31457916299664673,""curve"":0,""creature"":0,""removal"":0,""duplicate"":0,""fixing"":0}","{""カード情報からの推定単体評価"":299,""主色外のマナ供給が不足"":89,""現在の主色に合う"":210,""アーキタイプ・共通メカニズムと相性が良い"":104}","[""カード情報からの推定単体評価"",""現在の主色に合う"",""アーキタイプ・共通メカニズムと相性が良い"",""主色外のマナ供給が不足""]"
"9a334434-072a-4486-810a-63efb29dea6d","Grounded for Life","336","8.5625","109","0","0","0","0","","not-applicable-14-card-packs","","","","","","","46.3","46.3","0","0.5137488162677363","0","0","0.11724837662337662","0","{""base"":46.29999999999972,""mana"":0,""color"":0.5137488162677363,""synergy"":0,""curve"":0,""creature"":0,""removal"":0.11724837662337662,""duplicate"":0,""fixing"":0}","{""カード情報からの推定単体評価"":336,""現在の主色に合う"":238,""条件付き除去"":238,""主色外のマナ供給が不足"":93,""スプラッシュ用のマナ供給あり"":5}","[""カード情報からの推定単体評価"",""現在の主色に合う"",""条件付き除去"",""主色外のマナ供給が不足"",""スプラッシュ用のマナ供給あり""]"
"9be19bdf-db1e-433e-8be4-8b985a568211","Kitsune, Dragon's Daughter","51","7.03921568627451","9","0","0","0","0","","not-applicable-14-card-packs","","","","","","","47.4","47.4","0","1.8548988982377086","0","-0.023529411764705882","0","-0.049019607843137254","{""base"":47.40000000000005,""mana"":0,""color"":1.8548988982377086,""synergy"":0,""curve"":-0.023529411764705882,""creature"":0.29197860962566835,""removal"":0,""duplicate"":-0.049019607843137254,""fixing"":0}","{""カード情報からの推定単体評価"":51,""現在の主色に合う"":45,""クリーチャー不足を補う"":17,""主色外のマナ供給が不足"":6}","[""カード情報からの推定単体評価"",""現在の主色に合う"",""クリーチャー不足を補う"",""主色外のマナ供給が不足""]"
"9f318ddc-3dc5-4e43-92b3-3a776e41c56e","Mutant Town Musicians","319","2.6489028213166144","117","34","0.2905982905982906","1","0","","not-applicable-14-card-packs","","","","","","","51","51","0","1.381970723496643","0","0.4339840410373323","0","0","{""base"":51,""mana"":0,""color"":1.381970723496643,""synergy"":0,""curve"":0.4339840410373323,""creature"":0.3135936164149331,""removal"":0,""duplicate"":0,""fixing"":0}","{""カード情報からの推定単体評価"":319,""現在の主色に合う"":196,""3マナのクリーチャーを補強"":120,""クリーチャー不足を補う"":80,""主色外のマナ供給が不足"":6}","[""カード情報からの推定単体評価"",""現在の主色に合う"",""3マナのクリーチャーを補強"",""クリーチャー不足を補う"",""主色外のマナ供給が不足""]"
"a03fa584-ceb5-410c-9b80-f75d00215537","Tenderize","316","8.363924050632912","106","0","0","0.009433962264150943","0","","not-applicable-14-card-packs","","","","","","","46.3","46.3","0","1.0091379103269869","0","0","0.19716628308400466","0","{""base"":46.29999999999975,""mana"":0,""color"":1.0091379103269869,""synergy"":0,""curve"":0,""creature"":0,""removal"":0.19716628308400466,""duplicate"":0,""fixing"":0}","{""カード情報からの推定単体評価"":316,""現在の主色に合う"":252,""条件付き除去"":252,""主色外のマナ供給が不足"":63}","[""カード情報からの推定単体評価"",""現在の主色に合う"",""条件付き除去"",""主色外のマナ供給が不足""]"
"a08b0a07-6da2-4ff6-88e5-88355dd84589","Bebop & Rocksteady","62","3.403225806451613","27","26","0.9629629629629629","1","0","","not-applicable-14-card-packs","","","","","","","53.4","53.4","0","-0.8062572346893178","0.2464871994266464","0.2758064516129033","0","-0.16129032258064516","{""base"":53.400000000000055,""mana"":-0.37761229562539594,""color"":-0.8062572346893178,""synergy"":0.2464871994266464,""curve"":0.2758064516129033,""creature"":0.07214076246334311,""removal"":0,""duplicate"":-0.16129032258064516,""fixing"":0}","{""カード情報からの推定単体評価"":62,""現在の主色に合う"":20,""アーキタイプ・共通メカニズムと相性が良い"":14,""3マナのクリーチャーを補強"":13,""主色外のマナ供給が不足"":15,""クリーチャー不足を補う"":3}","[""カード情報からの推定単体評価"",""現在の主色に合う"",""主色外のマナ供給が不足"",""アーキタイプ・共通メカニズムと相性が良い"",""3マナのクリーチャーを補強""]"
"a1cec8e8-cf3c-42a4-b625-ca0cd148664e","Dream Beavers","146","2.9383561643835616","52","21","0.40384615384615385","1","0","","not-applicable-14-card-packs","","","","","","","51","51","0","1.4106461876254892","0","0","0","0","{""base"":51,""mana"":0,""color"":1.4106461876254892,""synergy"":0,""curve"":0,""creature"":0.27459526774595283,""removal"":0,""duplicate"":0,""fixing"":0}","{""カード情報からの推定単体評価"":146,""現在の主色に合う"":89,""クリーチャー不足を補う"":31,""主色外のマナ供給が不足"":5}","[""カード情報からの推定単体評価"",""現在の主色に合う"",""クリーチャー不足を補う"",""主色外のマナ供給が不足""]"
"a1ddf985-1646-468c-b1a4-ab6bb8e9dd7c","Cowabunga!","330","11.06969696969697","99","0","0","0","0","","not-applicable-14-card-packs","","","","","","","43","43","0","0.34204874932044027","0","0","0","0","{""base"":43,""mana"":0,""color"":0.34204874932044027,""synergy"":0,""curve"":0,""creature"":0,""removal"":0,""duplicate"":0,""fixing"":0}","{""カード情報からの推定単体評価"":330,""主色外のマナ供給が不足"":86,""現在の主色に合う"":244}","[""カード情報からの推定単体評価"",""現在の主色に合う"",""主色外のマナ供給が不足""]"
"a3ee8565-f34c-4073-bc94-3fe9ec6bbe8a","Return to the Sewers","357","10.61344537815126","115","0","0","0","0","","not-applicable-14-card-packs","","","","","","","43","43","0","0.7342783199253635","0.43899815576474505","0","0","0","{""base"":43,""mana"":0,""color"":0.7342783199253635,""synergy"":0.43899815576474505,""curve"":0,""creature"":0,""removal"":0,""duplicate"":0,""fixing"":0}","{""カード情報からの推定単体評価"":357,""現在の主色に合う"":274,""アーキタイプ・共通メカニズムと相性が良い"":172,""主色外のマナ供給が不足"":69,""スプラッシュ用のマナ供給あり"":14}","[""カード情報からの推定単体評価"",""現在の主色に合う"",""アーキタイプ・共通メカニズムと相性が良い"",""主色外のマナ供給が不足"",""スプラッシュ用のマナ供給あり""]"
"a3fb7228-e76b-4e96-a40e-20b5fed75685","Mountain","477","14","154","0","0","0","1","","not-applicable-14-card-packs","","","","","","","12","12","0","0","0","0","0","0","{""base"":12,""mana"":0,""color"":0,""synergy"":0,""curve"":0,""creature"":0,""removal"":0,""duplicate"":0,""fixing"":0}","{""カード情報からの推定単体評価"":477}","[""カード情報からの推定単体評価""]"
"a4ae71c8-ea1b-4fa4-9e47-cf00ab60c5ee","Don & Leo, Problem Solvers","61","8.704918032786885","26","0","0","0.3076923076923077","0","","not-applicable-14-card-packs","","","","","","","49.4","49.4","0","-3.7104633117893084","0","0","0","-0.040983606557377046","{""base"":49.400000000000055,""mana"":-0.32257188067886183,""color"":-3.7104633117893084,""synergy"":0,""curve"":0,""creature"":0.04560357675111773,""removal"":0,""duplicate"":-0.040983606557377046,""fixing"":0}","{""カード情報からの推定単体評価"":61,""主色外のマナ供給が不足"":43,""現在の主色に合う"":10,""クリーチャー不足を補う"":4}","[""カード情報からの推定単体評価"",""主色外のマナ供給が不足"",""現在の主色に合う"",""クリーチャー不足を補う""]"
"a5656dab-5ce6-48fd-9eae-2c06969bb8df","Rat King, Verminister","51","5.392156862745098","17","0","0","0.17647058823529413","0","","not-applicable-14-card-packs","","","","","","","47.8","47.8","0","1.7311175619643393","0.34593154114953945","0.6167557932263815","0","-0.09803921568627451","{""base"":47.800000000000004,""mana"":0,""color"":1.7311175619643393,""synergy"":0.34593154114953945,""curve"":0.6167557932263815,""creature"":0.2802139037433154,""removal"":0,""duplicate"":-0.09803921568627451,""fixing"":0}","{""カード情報からの推定単体評価"":51,""現在の主色に合う"":44,""アーキタイプ・共通メカニズムと相性が良い"":19,""2マナのクリーチャーを補強"":28,""クリーチャー不足を補う"":15,""主色外のマナ供給が不足"":4}","[""カード情報からの推定単体評価"",""現在の主色に合う"",""2マナのクリーチャーを補強"",""アーキタイプ・共通メカニズムと相性が良い"",""クリーチャー不足を補う""]"
"a86117c1-b83d-4350-9a10-a23b7e67e1bd","Mikey & Leo, Chaos & Order","59","5.508474576271187","18","8","0.4444444444444444","1","0","","not-applicable-14-card-packs","","","","","","","51.9","51.9","0","-2.6548359758117996","0","0.21402157164869035","0","-0.1694915254237288","{""base"":51.900000000000055,""mana"":-0.2875073439189623,""color"":-2.6548359758117996,""synergy"":0,""curve"":0.21402157164869035,""creature"":0.1451463790446841,""removal"":0,""duplicate"":-0.1694915254237288,""fixing"":0}","{""カード情報からの推定単体評価"":59,""現在の主色に合う"":17,""2マナのクリーチャーを補強"":10,""クリーチャー不足を補う"":8,""主色外のマナ供給が不足"":24}","[""カード情報からの推定単体評価"",""主色外のマナ供給が不足"",""現在の主色に合う"",""2マナのクリーチャーを補強"",""クリーチャー不足を補う""]"
"a9d68cf5-3055-4ec9-9893-244bfd7046be","Action News Crew","312","2.3685897435897436","89","50","0.5617977528089888","1","0","","not-applicable-14-card-packs","","","","","","","51.5","51.5","0","1.2266221919217115","0.16612254563116652","0.5402389277389278","0","0","{""base"":51.5,""mana"":0,""color"":1.2266221919217115,""synergy"":0.16612254563116652,""curve"":0.5402389277389278,""creature"":0.3068181818181819,""removal"":0,""duplicate"":0,""fixing"":0}","{""カード情報からの推定単体評価"":312,""主色外のマナ供給が不足"":28,""現在の主色に合う"":195,""アーキタイプ・共通メカニズムと相性が良い"":59,""2マナのクリーチャーを補強"":133,""クリーチャー不足を補う"":75}","[""カード情報からの推定単体評価"",""現在の主色に合う"",""2マナのクリーチャーを補強"",""クリーチャー不足を補う"",""アーキタイプ・共通メカニズムと相性が良い""]"
"aa481983-8f1a-4519-9371-5e7edcd3274f","Everything Pizza","136","6.6838235294117645","50","0","0","0.1","0","","not-applicable-14-card-packs","","","","","","","47.4","47.4","0","0","0.5036665174583951","0","0.16363636363636366","0","{""base"":47.39999999999991,""mana"":0,""color"":0,""synergy"":0.5036665174583951,""curve"":0,""creature"":0,""removal"":0.16363636363636366,""duplicate"":0,""fixing"":0}","{""カード情報からの推定単体評価"":136,""火力・マイナス修整"":136,""アーキタイプ・共通メカニズムと相性が良い"":57}","[""カード情報からの推定単体評価"",""火力・マイナス修整"",""アーキタイプ・共通メカニズムと相性が良い""]"
"ab433d41-e801-405c-81f7-06fa6640797d","Hard-Won Jitte","163","10.674846625766872","52","0","0","0","0","","not-applicable-14-card-packs","","","","","","","43","43","0","0.7110472594517447","0.02755123135082421","0","0","0","{""base"":43,""mana"":0,""color"":0.7110472594517447,""synergy"":0.02755123135082421,""curve"":0,""creature"":0,""removal"":0,""duplicate"":0,""fixing"":0}","{""カード情報からの推定単体評価"":163,""現在の主色に合う"":129,""アーキタイプ・共通メカニズムと相性が良い"":5,""主色外のマナ供給が不足"":34}","[""カード情報からの推定単体評価"",""現在の主色に合う"",""主色外のマナ供給が不足"",""アーキタイプ・共通メカニズムと相性が良い""]"
"ad0c6d46-a1ca-4a9f-93f0-4a4dc31868e6","Mouser Mark III","322","6.3602484472049685","87","1","0.011494252873563218","0.5747126436781609","0","","not-applicable-14-card-packs","","","","","","","49.8","49.8","0","-0.8502649174638897","0","0.24710615471485026","0","0","{""base"":49.799999999999706,""mana"":-0.27404969658752315,""color"":-0.8502649174638897,""synergy"":0,""curve"":0.24710615471485026,""creature"":0.1773574251835123,""removal"":0,""duplicate"":0,""fixing"":0}","{""カード情報からの推定単体評価"":322,""主色外のマナ供給が不足"":116,""現在の主色に合う"":156,""2マナのクリーチャーを補強"":89,""クリーチャー不足を補う"":54}","[""カード情報からの推定単体評価"",""現在の主色に合う"",""主色外のマナ供給が不足"",""2マナのクリーチャーを補強"",""クリーチャー不足を補う""]"
"ade54bb7-3df8-4578-add8-1f85afee57ab","General Traag, Heart of Stone","164","1.7073170731707317","54","52","0.9629629629629629","1","0","","not-applicable-14-card-packs","","","","","","","53","53","0","1.369778773487977","0.20991039864922625","0","0.11013026607538799","-0.25914634146341464","{""base"":53,""mana"":0,""color"":1.369778773487977,""synergy"":0.20991039864922625,""curve"":0,""creature"":0.3578713968957875,""removal"":0.11013026607538799,""duplicate"":-0.25914634146341464,""fixing"":0}","{""カード情報からの推定単体評価"":164,""現在の主色に合う"":106,""火力・マイナス修整"":106,""アーキタイプ・共通メカニズムと相性が良い"":37,""クリーチャー不足を補う"":42,""主色外のマナ供給が不足"":4}","[""カード情報からの推定単体評価"",""現在の主色に合う"",""火力・マイナス修整"",""クリーチャー不足を補う"",""アーキタイプ・共通メカニズムと相性が良い""]"
"aeb9a2e6-ad11-4e2c-81d0-caf279d31ece","Turtle Van","57","10.43859649122807","24","0","0","0","0","","not-applicable-14-card-packs","","","","","","","43.4","43.4","0","0","0","0","0","0","{""base"":43.40000000000004,""mana"":0,""color"":0,""synergy"":0,""curve"":0,""creature"":0,""removal"":0,""duplicate"":0,""fixing"":0}","{""カード情報からの推定単体評価"":57}","[""カード情報からの推定単体評価""]"
"b047cd3f-9129-41cc-8b91-b0dc970f5068","Brilliance Unleashed","200","10.18","65","0","0","0","0","","not-applicable-14-card-packs","","","","","","","47.4","47.4","0","-2.245014281647641","0","-0.028363636363636365","0.06422727272727273","-0.24600000000000008","{""base"":47.39999999999983,""mana"":-0.23758678789711213,""color"":-2.245014281647641,""synergy"":0,""curve"":-0.028363636363636365,""creature"":0,""removal"":0.06422727272727273,""duplicate"":-0.24600000000000008,""fixing"":0}","{""カード情報からの推定単体評価"":200,""主色外のマナ供給が不足"":104,""スプラッシュ用のマナ供給あり"":11,""現在の主色に合う"":85,""火力・マイナス修整"":85}","[""カード情報からの推定単体評価"",""主色外のマナ供給が不足"",""現在の主色に合う"",""火力・マイナス修整"",""スプラッシュ用のマナ供給あり""]"
"b1462c82-7702-451b-b612-990353a79ac4","The Neutrinos","145","8.23448275862069","42","0","0","0.42857142857142855","0","","not-applicable-14-card-packs","","","","","","","49.4","49.4","0","-2.986235013246615","0","0.2306896551724138","0","-0.29310344827586204","{""base"":49.39999999999988,""mana"":-0.2719924229941032,""color"":-2.986235013246615,""synergy"":0,""curve"":0.2306896551724138,""creature"":0.1102194357366771,""removal"":0,""duplicate"":-0.29310344827586204,""fixing"":0}","{""カード情報からの推定単体評価"":145,""現在の主色に合う"":49,""4マナのクリーチャーを補強"":31,""クリーチャー不足を補う"":16,""主色外のマナ供給が不足"":70,""スプラッシュ用のマナ供給あり"":8}","[""カード情報からの推定単体評価"",""主色外のマナ供給が不足"",""現在の主色に合う"",""4マナのクリーチャーを補強"",""クリーチャー不足を補う""]"
"b24a87af-407f-4c58-80b4-caab9c65a233","Crustacean Commando","319","5.5423197492163006","111","0","0","0.23423423423423423","0","","not-applicable-14-card-packs","","","","","","","48.2","48.2","0","1.4852728466110376","0.37338343926139256","0.6304502707324025","0","0","{""base"":48.20000000000027,""mana"":0,""color"":1.4852728466110376,""synergy"":0.37338343926139256,""curve"":0.6304502707324025,""creature"":0.26896551724137946,""removal"":0,""duplicate"":0,""fixing"":0}","{""カード情報からの推定単体評価"":319,""主色外のマナ供給が不足"":44,""現在の主色に合う"":249,""アーキタイプ・共通メカニズムと相性が良い"":137,""2マナのクリーチャーを補強"":163,""クリーチャー不足を補う"":81}","[""カード情報からの推定単体評価"",""現在の主色に合う"",""2マナのクリーチャーを補強"",""アーキタイプ・共通メカニズムと相性が良い"",""クリーチャー不足を補う""]"
"b2c6aa39-2d2a-459c-a555-fb48ba993373","Island","501","14","155","0","0","0","1","","not-applicable-14-card-packs","","","","","","","12","12","0","0","0","0","0","0","{""base"":12,""mana"":0,""color"":0,""synergy"":0,""curve"":0,""creature"":0,""removal"":0,""duplicate"":0,""fixing"":0}","{""カード情報からの推定単体評価"":501}","[""カード情報からの推定単体評価""]"
"b34bb2dc-c1af-4d77-b0b3-a0fb342a5fc6","Forest","501","14","168","0","0","0","1","","not-applicable-14-card-packs","","","","","","","12","12","0","0","0","0","0","0","{""base"":12,""mana"":0,""color"":0,""synergy"":0,""curve"":0,""creature"":0,""removal"":0,""duplicate"":0,""fixing"":0}","{""カード情報からの推定単体評価"":501}","[""カード情報からの推定単体評価""]"
"b408c345-b308-4920-8494-4f204d856aa3","North Wind Avatar","23","4.913043478260869","8","0","0","1","0","","not-applicable-14-card-packs","","","","","","","51.6","51.6","0","-1.211675146289021","0","0","0","0","{""base"":51.6,""mana"":-0.7485915229375747,""color"":-1.211675146289021,""synergy"":0,""curve"":0,""creature"":0.0901185770750988,""removal"":0,""duplicate"":0,""fixing"":0}","{""カード情報からの推定単体評価"":23,""現在の主色に合う"":9,""主色外のマナ供給が不足"":5,""スプラッシュ用のマナ供給あり"":1,""クリーチャー不足を補う"":3}","[""カード情報からの推定単体評価"",""現在の主色に合う"",""主色外のマナ供給が不足"",""クリーチャー不足を補う"",""スプラッシュ用のマナ供給あり""]"
"b4c4fdb9-e034-49c0-9f7f-07e8cae19eb2","Casey Jones, Jury-Rig Justiciar","185","6.816216216216216","63","0","0","0.2222222222222222","0","","not-applicable-14-card-packs","","","","","","","48.2","48.2","0","0.6497263495502109","0","0.4506879606879605","0","-0.20270270270270271","{""base"":48.19999999999994,""mana"":0,""color"":0.6497263495502109,""synergy"":0,""curve"":0.4506879606879605,""creature"":0.2520884520884523,""removal"":0,""duplicate"":-0.20270270270270271,""fixing"":0}","{""カード情報からの推定単体評価"":185,""現在の主色に合う"":135,""2マナのクリーチャーを補強"":73,""クリーチャー不足を補う"":50,""主色外のマナ供給が不足"":36}","[""カード情報からの推定単体評価"",""現在の主色に合う"",""2マナのクリーチャーを補強"",""クリーチャー不足を補う"",""主色外のマナ供給が不足""]"
"b529f6b0-c6b2-4eb3-bb48-178e1eda75f3","Sally Pride, Lioness Leader","55","9.090909090909092","25","0","0","0","0","","not-applicable-14-card-packs","","","","","","","46.199999999999996","46.199999999999996","0","0.32450583814218614","0","0","0","-0.09090909090909091","{""base"":46.19999999999999,""mana"":0,""color"":0.32450583814218614,""synergy"":0,""curve"":0,""creature"":0.11107438016528924,""removal"":0,""duplicate"":-0.09090909090909091,""fixing"":0}","{""カード情報からの推定単体評価"":55,""主色外のマナ供給が不足"":16,""現在の主色に合う"":39,""クリーチャー不足を補う"":6}","[""カード情報からの推定単体評価"",""現在の主色に合う"",""主色外のマナ供給が不足"",""クリーチャー不足を補う""]"
"b55da4d3-2cad-4c89-ad3f-7d8397b64d52","Jennika, Bad Apple Big Sister","310","9.451612903225806","101","0","0","0.009900990099009901","0","","not-applicable-14-card-packs","","","","","","","45.8","45.8","0","0.2693144723012808","0.23218896400091976","0","0","-0.5","{""base"":45.79999999999976,""mana"":0,""color"":0.2693144723012808,""synergy"":0.23218896400091976,""curve"":0,""creature"":0.1506158357771262,""removal"":0,""duplicate"":-0.5,""fixing"":0}","{""カード情報からの推定単体評価"":310,""現在の主色に合う"":217,""アーキタイプ・共通メカニズムと相性が良い"":65,""クリーチャー不足を補う"":54,""主色外のマナ供給が不足"":84,""スプラッシュ用のマナ供給あり"":8}","[""カード情報からの推定単体評価"",""現在の主色に合う"",""主色外のマナ供給が不足"",""アーキタイプ・共通メカニズムと相性が良い"",""クリーチャー不足を補う""]"
"b6244b6c-664d-417a-bd58-ace5c7a995a2","Foot Elite","324","8.191358024691358","101","0","0","0.25742574257425743","0","","not-applicable-14-card-packs","","","","","","","49","49","0","-1.8713898421375381","0","0.08668630751964086","0","0","{""base"":49,""mana"":-0.2605958422129007,""color"":-1.8713898421375381,""synergy"":0,""curve"":0.08668630751964086,""creature"":0.1188552188552189,""removal"":0,""duplicate"":0,""fixing"":0}","{""カード情報からの推定単体評価"":324,""主色外のマナ供給が不足"":166,""現在の主色に合う"":132,""3マナのクリーチャーを補強"":54,""クリーチャー不足を補う"":43}","[""カード情報からの推定単体評価"",""主色外のマナ供給が不足"",""現在の主色に合う"",""3マナのクリーチャーを補強"",""クリーチャー不足を補う""]"
"b7ee76bf-d15a-489e-8f05-414788f8f649","Super Shredder","19","3.473684210526316","7","0","0","1","0","","not-applicable-14-card-packs","","","","","","","50","50","0","1.5776727537702566","0","0.6373205741626794","0","0","{""base"":50,""mana"":0,""color"":1.5776727537702566,""synergy"":0,""curve"":0.6373205741626794,""creature"":0.25263157894736843,""removal"":0,""duplicate"":0,""fixing"":0}","{""カード情報からの推定単体評価"":19,""現在の主色に合う"":12,""2マナのクリーチャーを補強"":11,""クリーチャー不足を補う"":4}","[""カード情報からの推定単体評価"",""現在の主色に合う"",""2マナのクリーチャーを補強"",""クリーチャー不足を補う""]"
"baa4cb1b-6fb5-46df-9cdd-54421ee0fc88","Stockman, Mad Fly-entist","316","3.2341772151898733","110","36","0.32727272727272727","1","0","","not-applicable-14-card-packs","","","","","","","51.1","51.1","0","1.1712517791545987","0.15118504986351297","0","0","-0.5300632911392406","{""base"":51.10000000000026,""mana"":0,""color"":1.1712517791545987,""synergy"":0.15118504986351297,""curve"":0,""creature"":0.2630609896432683,""removal"":0,""duplicate"":-0.5300632911392406,""fixing"":0}","{""カード情報からの推定単体評価"":316,""現在の主色に合う"":185,""クリーチャー不足を補う"":68,""アーキタイプ・共通メカニズムと相性が良い"":39,""主色外のマナ供給が不足"":20,""スプラッシュ用のマナ供給あり"":1}","[""カード情報からの推定単体評価"",""現在の主色に合う"",""クリーチャー不足を補う"",""アーキタイプ・共通メカニズムと相性が良い"",""主色外のマナ供給が不足""]"
"bae5dc68-1fd1-428d-bee7-c238e07b21ea","Mouser Attack!","344","9.837209302325581","114","0","0","0","0","","not-applicable-14-card-packs","","","","","","","44","44","0","1.0046668297532728","0","0","0","-0.09593023255813954","{""base"":44,""mana"":0,""color"":1.0046668297532728,""synergy"":0,""curve"":0,""creature"":0,""removal"":0,""duplicate"":-0.09593023255813954,""fixing"":0}","{""カード情報からの推定単体評価"":344,""現在の主色に合う"":284,""主色外のマナ供給が不足"":60}","[""カード情報からの推定単体評価"",""現在の主色に合う"",""主色外のマナ供給が不足""]"
"bb6aef0d-052b-44e6-b4cd-2d2eafd84969","Donatello, Gadget Master","19","5.105263157894737","10","0","0","0.4","0","","not-applicable-14-card-packs","","","","","","","48.800000000000004","48.800000000000004","0","1.3201562388894708","0","0.35741626794258374","0","-0.2631578947368421","{""base"":48.79999999999998,""mana"":0,""color"":1.3201562388894708,""synergy"":0,""curve"":0.35741626794258374,""creature"":0.20382775119617225,""removal"":0,""duplicate"":-0.2631578947368421,""fixing"":0}","{""カード情報からの推定単体評価"":19,""現在の主色に合う"":15,""3マナのクリーチャーを補強"":6,""クリーチャー不足を補う"":3}","[""カード情報からの推定単体評価"",""現在の主色に合う"",""3マナのクリーチャーを補強"",""クリーチャー不足を補う""]"
"bb8c6dd2-1abe-4eb2-be1f-b0c078e5f257","Turtle Blimp","168","10.43452380952381","52","0","0","0","0","","not-applicable-14-card-packs","","","","","","","43","43","0","0","0","0","0","0","{""base"":43,""mana"":0,""color"":0,""synergy"":0,""curve"":0,""creature"":0,""removal"":0,""duplicate"":0,""fixing"":0}","{""カード情報からの推定単体評価"":168}","[""カード情報からの推定単体評価""]"
"bc163b5a-0b1a-4257-8c07-5c7d5284015f","Casey Jones, Vigilante","17","1.9411764705882353","4","4","1","1","0","","not-applicable-14-card-packs","","","","","","","52.9","52.9","0","1.7497434529732643","0.29011758141079175","0.6203208556149733","0","0","{""base"":52.899999999999984,""mana"":0,""color"":1.7497434529732643,""synergy"":0.29011758141079175,""curve"":0.6203208556149733,""creature"":0.4973262032085561,""removal"":0,""duplicate"":0,""fixing"":0}","{""カード情報からの推定単体評価"":17,""現在の主色に合う"":12,""3マナのクリーチャーを補強"":7,""クリーチャー不足を補う"":7,""アーキタイプ・共通メカニズムと相性が良い"":6,""主色外のマナ供給が不足"":1}","[""カード情報からの推定単体評価"",""現在の主色に合う"",""3マナのクリーチャーを補強"",""クリーチャー不足を補う"",""アーキタイプ・共通メカニズムと相性が良い""]"
"bc71ebf6-2056-41f7-be35-b2e5c34afa99","Plains","453","14","158","0","0","0","1","","not-applicable-14-card-packs","","","","","","","12","12","0","0","0","0","0","0","{""base"":12,""mana"":0,""color"":0,""synergy"":0,""curve"":0,""creature"":0,""removal"":0,""duplicate"":0,""fixing"":0}","{""カード情報からの推定単体評価"":453}","[""カード情報からの推定単体評価""]"
"bd768e8f-8f04-487e-85e9-2828d6fd8745","The Cloning of Shredder","24","8","8","0","0","0","0","","not-applicable-14-card-packs","","","","","","","46.9","46.9","0","1.7808189316025744","0.525846561429901","-0.049999999999999996","0.03579545454545455","-0.049999999999999996","{""base"":46.9,""mana"":0,""color"":1.7808189316025744,""synergy"":0.525846561429901,""curve"":-0.049999999999999996,""creature"":0,""removal"":0.03579545454545455,""duplicate"":-0.049999999999999996,""fixing"":0}","{""カード情報からの推定単体評価"":24,""主色外のマナ供給が不足"":3,""現在の主色に合う"":21,""条件付き除去"":21,""アーキタイプ・共通メカニズムと相性が良い"":14}","[""カード情報からの推定単体評価"",""現在の主色に合う"",""条件付き除去"",""アーキタイプ・共通メカニズムと相性が良い"",""主色外のマナ供給が不足""]"
"bda5d0aa-3ed0-4f8c-80ae-f9cb8ed0ac82","Shredder's Armor","160","10.54375","56","0","0","0","0","","not-applicable-14-card-packs","","","","","","","43","43","0","1.3092575435924345","0.4736599893497514","0","0","0","{""base"":43,""mana"":0,""color"":1.3092575435924345,""synergy"":0.4736599893497514,""curve"":0,""creature"":0,""removal"":0,""duplicate"":0,""fixing"":0}","{""カード情報からの推定単体評価"":160,""現在の主色に合う"":130,""アーキタイプ・共通メカニズムと相性が良い"":77,""主色外のマナ供給が不足"":30}","[""カード情報からの推定単体評価"",""現在の主色に合う"",""アーキタイプ・共通メカニズムと相性が良い"",""主色外のマナ供給が不足""]"
"c04d4fd4-e5aa-431d-824b-8bc94245f103","Fugitive Droid","163","2.2576687116564416","61","33","0.5409836065573771","1","0","","not-applicable-14-card-packs","","","","","","","51.42","51.42","0","1.281081501322282","0.26998448544299325","0","0.26001115448968204","0","{""base"":51.42000000000006,""mana"":0,""color"":1.281081501322282,""synergy"":0.26998448544299325,""curve"":0,""creature"":0.3088678192972674,""removal"":0.26001115448968204,""duplicate"":0,""fixing"":0}","{""カード情報からの推定単体評価"":163,""現在の主色に合う"":95,""アーキタイプ・共通メカニズムと相性が良い"":48,""クリーチャー不足を補う"":40,""バウンス・打ち消し"":107,""主色外のマナ供給が不足"":7}","[""カード情報からの推定単体評価"",""バウンス・打ち消し"",""現在の主色に合う"",""アーキタイプ・共通メカニズムと相性が良い"",""クリーチャー不足を補う""]"
"c1c5f9da-1396-4406-b803-b64f66b8e49d","Ooze Spill","165","8.690909090909091","60","0","0","0","0","","not-applicable-14-card-packs","","","","","","","45.42","45.42","0","1.2097859251267284","0.42581049504461815","0","0.2930578512396694","0","{""base"":45.42000000000006,""mana"":0,""color"":1.2097859251267284,""synergy"":0.42581049504461815,""curve"":0,""creature"":0,""removal"":0.2930578512396694,""duplicate"":0,""fixing"":0}","{""カード情報からの推定単体評価"":165,""現在の主色に合う"":133,""バウンス・打ち消し"":133,""アーキタイプ・共通メカニズムと相性が良い"":77,""主色外のマナ供給が不足"":32}","[""カード情報からの推定単体評価"",""現在の主色に合う"",""バウンス・打ち消し"",""アーキタイプ・共通メカニズムと相性が良い"",""主色外のマナ供給が不足""]"
"c3ea6af5-48b9-45d2-9576-46cacb2db5b0","Dark Leo & Shredder","21","3.9047619047619047","10","2","0.2","1","0","","not-applicable-14-card-packs","","","","","","","51.6","51.6","0","-0.5051344574503778","0","0.22987012987012986","0","0","{""base"":51.60000000000001,""mana"":-0.38192533134202666,""color"":-0.5051344574503778,""synergy"":0,""curve"":0.22987012987012986,""creature"":0.07532467532467532,""removal"":0,""duplicate"":0,""fixing"":0}","{""カード情報からの推定単体評価"":21,""主色外のマナ供給が不足"":5,""現在の主色に合う"":6,""2マナのクリーチャーを補強"":4,""クリーチャー不足を補う"":1}","[""カード情報からの推定単体評価"",""現在の主色に合う"",""主色外のマナ供給が不足"",""2マナのクリーチャーを補強"",""クリーチャー不足を補う""]"
"c596b847-4e05-4279-8675-b4e39cb3dc91","Manhole Missile","327","4.397553516819572","107","3","0.028037383177570093","0.8504672897196262","0","","not-applicable-14-card-packs","","","","","","","49.9","49.9","0","1.3667153502634415","0","0","0.1205379482902419","0","{""base"":49.89999999999975,""mana"":0,""color"":1.3667153502634415,""synergy"":0,""curve"":0,""creature"":0,""removal"":0.1205379482902419,""duplicate"":0,""fixing"":0}","{""カード情報からの推定単体評価"":327,""現在の主色に合う"":211,""火力・マイナス修整"":237,""主色外のマナ供給が不足"":24}","[""カード情報からの推定単体評価"",""火力・マイナス修整"",""現在の主色に合う"",""主色外のマナ供給が不足""]"
"cff5aca2-72c5-4053-a32c-c0bd3174c52d","Turtles Forever","73","11.219178082191782","24","0","0","0","0","","not-applicable-14-card-packs","","","","","","","43.4","43.4","0","-1.4628558621284664","0","0","0","0","{""base"":43.400000000000055,""mana"":0,""color"":-1.4628558621284664,""synergy"":0,""curve"":0,""creature"":0,""removal"":0,""duplicate"":0,""fixing"":0}","{""カード情報からの推定単体評価"":73,""現在の主色に合う"":40,""主色外のマナ供給が不足"":30,""スプラッシュ用のマナ供給あり"":3}","[""カード情報からの推定単体評価"",""現在の主色に合う"",""主色外のマナ供給が不足"",""スプラッシュ用のマナ供給あり""]"
"d14f620c-0fbd-485c-9fe4-34949e742147","Oroku Saki, Shredder Rising","337","4.370919881305638","104","3","0.028846153846153848","0.875","0","","not-applicable-14-card-packs","","","","","","","49.9","49.9","0","1.1099394019608837","0","0.5109522524952791","0","-0.40059347181008903","{""base"":49.89999999999979,""mana"":0,""color"":1.1099394019608837,""synergy"":0,""curve"":0.5109522524952791,""creature"":0.3089830051254385,""removal"":0,""duplicate"":-0.40059347181008903,""fixing"":0}","{""カード情報からの推定単体評価"":337,""現在の主色に合う"":217,""3マナのクリーチャーを補強"":152,""クリーチャー不足を補う"":84,""主色外のマナ供給が不足"":29}","[""カード情報からの推定単体評価"",""現在の主色に合う"",""3マナのクリーチャーを補強"",""クリーチャー不足を補う"",""主色外のマナ供給が不足""]"
"d1edb950-a118-4b4d-a0ef-9a6683d74c9f","Purple Dragon Punks","284","5.02112676056338","97","1","0.010309278350515464","0.4329896907216495","0","","not-applicable-14-card-packs","","","","","","","49","49","0","1.6391795322884521","0","0.46374839948783614","0","0","{""base"":49,""mana"":0,""color"":1.6391795322884521,""synergy"":0,""curve"":0.46374839948783614,""creature"":0.2825224071702947,""removal"":0,""duplicate"":0,""fixing"":0}","{""カード情報からの推定単体評価"":284,""現在の主色に合う"":212,""2マナのクリーチャーを補強"":124,""クリーチャー不足を補う"":82,""主色外のマナ供給が不足"":29}","[""カード情報からの推定単体評価"",""現在の主色に合う"",""2マナのクリーチャーを補強"",""クリーチャー不足を補う"",""主色外のマナ供給が不足""]"
"d379a919-02cd-46fd-a6ce-b66a77745ae7","April O'Neil, Hacktivist","19","2.8421052631578947","5","0","0","1","0","","not-applicable-14-card-packs","","","","","","","50.5","50.5","0","1.8127973412175131","0","0.5875598086124402","0","0","{""base"":50.5,""mana"":0,""color"":1.8127973412175131,""synergy"":0,""curve"":0.5875598086124402,""creature"":0.47368421052631576,""removal"":0,""duplicate"":0,""fixing"":0}","{""カード情報からの推定単体評価"":19,""現在の主色に合う"":14,""4マナのクリーチャーを補強"":10,""クリーチャー不足を補う"":7}","[""カード情報からの推定単体評価"",""現在の主色に合う"",""4マナのクリーチャーを補強"",""クリーチャー不足を補う""]"
"d6d83a51-9d57-44a7-aae3-a96d43ec5ac8","Guac & Marshmallow Pizza","278","9.848920863309353","94","0","0","0","0","","not-applicable-14-card-packs","","","","","","","44","44","0","0.7943556220169917","0.39987755079292603","0","0","-0.03237410071942446","{""base"":44,""mana"":0,""color"":0.7943556220169917,""synergy"":0.39987755079292603,""curve"":0,""creature"":0,""removal"":0,""duplicate"":-0.03237410071942446,""fixing"":0}","{""カード情報からの推定単体評価"":278,""現在の主色に合う"":216,""アーキタイプ・共通メカニズムと相性が良い"":126,""主色外のマナ供給が不足"":62}","[""カード情報からの推定単体評価"",""現在の主色に合う"",""アーキタイプ・共通メカニズムと相性が良い"",""主色外のマナ供給が不足""]"
"d8b5de6d-8654-4550-bccb-79de6cbef4d5","Retro-Mutation","301","10.980066445182723","100","0","0","0","0","","not-applicable-14-card-packs","","","","","","","43","43","0","0.18985004746950415","0","0","0","0","{""base"":43,""mana"":0,""color"":0.18985004746950415,""synergy"":0,""curve"":0,""creature"":0,""removal"":0,""duplicate"":0,""fixing"":0}","{""カード情報からの推定単体評価"":301,""現在の主色に合う"":217,""主色外のマナ供給が不足"":84}","[""カード情報からの推定単体評価"",""現在の主色に合う"",""主色外のマナ供給が不足""]"
"d92714c0-4e22-47f9-a4d4-405894e734d0","Shredder's Technique","159","8.383647798742139","46","0","0","0","0","","not-applicable-14-card-packs","","","","","","","46.3","46.3","0","1.4639804009075952","0","0","0.14138078902229845","0","{""base"":46.30000000000012,""mana"":0,""color"":1.4639804009075952,""synergy"":0,""curve"":0,""creature"":0,""removal"":0.14138078902229845,""duplicate"":0,""fixing"":0}","{""カード情報からの推定単体評価"":159,""現在の主色に合う"":137,""条件付き除去"":137,""主色外のマナ供給が不足"":22}","[""カード情報からの推定単体評価"",""現在の主色に合う"",""条件付き除去"",""主色外のマナ供給が不足""]"
"d944d33d-0a95-4d0d-96ce-49d02500227d","Zog, Triceraton Castaway","327","4.2782874617737","106","2","0.018867924528301886","0.9339622641509434","0","","not-applicable-14-card-packs","","","","","","","50.2","50.2","0","1.1956565473796088","0.17600433297546722","0","0","-0.481651376146789","{""base"":50.200000000000294,""mana"":0,""color"":1.1956565473796088,""synergy"":0.17600433297546722,""curve"":0,""creature"":0.23953294412010026,""removal"":0,""duplicate"":-0.481651376146789,""fixing"":0}","{""カード情報からの推定単体評価"":327,""現在の主色に合う"":202,""クリーチャー不足を補う"":72,""主色外のマナ供給が不足"":24,""アーキタイプ・共通メカニズムと相性が良い"":60,""スプラッシュ用のマナ供給あり"":2}","[""カード情報からの推定単体評価"",""現在の主色に合う"",""クリーチャー不足を補う"",""アーキタイプ・共通メカニズムと相性が良い"",""主色外のマナ供給が不足""]"
"da344e46-6bdf-4032-8590-bac850d5713d","Groundchuck & Dirtbag","52","1.8846153846153846","18","17","0.9444444444444444","1","0","","not-applicable-14-card-packs","","","","","","","52.6","52.6","0","1.3218787150063174","0","0","0","0","{""base"":52.59999999999995,""mana"":0,""color"":1.3218787150063174,""synergy"":0,""curve"":0,""creature"":0.28951048951048947,""removal"":0,""duplicate"":0,""fixing"":0}","{""カード情報からの推定単体評価"":52,""現在の主色に合う"":31,""クリーチャー不足を補う"":12,""主色外のマナ供給が不足"":3}","[""カード情報からの推定単体評価"",""現在の主色に合う"",""クリーチャー不足を補う"",""主色外のマナ供給が不足""]"
"dabd0867-ee3f-40cb-8314-b4a3966f8b24","Shark Shredder, Killer Clone","60","4.783333333333333","24","0","0","0.5416666666666666","0","","not-applicable-14-card-packs","","","","","","","49.4","49.4","0","1.3727708654887987","0","0.4462121212121213","0","-0.125","{""base"":49.400000000000055,""mana"":0,""color"":1.3727708654887987,""synergy"":0,""curve"":0.4462121212121213,""creature"":0.32636363636363624,""removal"":0,""duplicate"":-0.125,""fixing"":0}","{""カード情報からの推定単体評価"":60,""現在の主色に合う"":43,""主色外のマナ供給が不足"":4,""4マナのクリーチャーを補強"":22,""クリーチャー不足を補う"":16}","[""カード情報からの推定単体評価"",""現在の主色に合う"",""4マナのクリーチャーを補強"",""クリーチャー不足を補う"",""主色外のマナ供給が不足""]"
"decfde5e-ea53-4b15-8f69-51da7ef39d15","Skateboard","167","10.2874251497006","54","0","0","0","0","","not-applicable-14-card-packs","","","","","","","44.1","44.1","0","0","0.015038276714194726","0","0","0","{""base"":44.10000000000013,""mana"":0,""color"":0,""synergy"":0.015038276714194726,""curve"":0,""creature"":0,""removal"":0,""duplicate"":0,""fixing"":0}","{""カード情報からの推定単体評価"":167,""アーキタイプ・共通メカニズムと相性が良い"":3}","[""カード情報からの推定単体評価"",""アーキタイプ・共通メカニズムと相性が良い""]"
"df54b79d-f31d-4582-86c0-1d34ec77be0f","Does Machines","63","9.206349206349206","26","0","0","0","0","","not-applicable-14-card-packs","","","","","","","45.9","45.9","0","0.28882473543267867","0.22165203587737087","0","0","0","{""base"":45.90000000000005,""mana"":0,""color"":0.28882473543267867,""synergy"":0.22165203587737087,""curve"":0,""creature"":0,""removal"":0,""duplicate"":0,""fixing"":0}","{""カード情報からの推定単体評価"":63,""主色外のマナ供給が不足"":18,""現在の主色に合う"":45,""アーキタイプ・共通メカニズムと相性が良い"":16}","[""カード情報からの推定単体評価"",""現在の主色に合う"",""主色外のマナ供給が不足"",""アーキタイプ・共通メカニズムと相性が良い""]"
"dfb13eca-55fd-4ac6-aee3-2bdbfe9e1c4e","Punk Frogs","328","9.371951219512194","110","0","0","0.06363636363636363","0","","not-applicable-14-card-packs","","","","","","","48.2","48.2","0","-2.302425877642186","0","0","0","0","{""base"":48.20000000000029,""mana"":-0.26289931227565894,""color"":-2.302425877642186,""synergy"":0,""curve"":0,""creature"":0.09595343680709534,""removal"":0,""duplicate"":0,""fixing"":0}","{""カード情報からの推定単体評価"":328,""主色外のマナ供給が不足"":192,""現在の主色に合う"":129,""クリーチャー不足を補う"":35}","[""カード情報からの推定単体評価"",""主色外のマナ供給が不足"",""現在の主色に合う"",""クリーチャー不足を補う""]"
"e05f1a43-16ce-4e88-b0ad-2202efb25516","Northampton Farm","0","","0","0","","","","","not-applicable-14-card-packs","","","","","","","48.699999999999996","48.699999999999996","0","","","","","","{}","{}","[""カード情報からの推定単体評価""]"
"e08b19ca-f9d7-4c33-b37a-a77b37aabf1b","Hamato Guardian Stance","305","10.58688524590164","108","0","0","0","0","","not-applicable-14-card-packs","","","","","","","44","44","0","-0.17769369648425035","0","0","0","-0.06885245901639345","{""base"":44,""mana"":0,""color"":-0.17769369648425035,""synergy"":0,""curve"":0,""creature"":0,""removal"":0,""duplicate"":-0.06885245901639345,""fixing"":0}","{""カード情報からの推定単体評価"":305,""主色外のマナ供給が不足"":104,""現在の主色に合う"":201}","[""カード情報からの推定単体評価"",""現在の主色に合う"",""主色外のマナ供給が不足""]"
"e0d221da-16cd-4399-830f-eecc9a0912eb","Broadcast Takeover","26","10.76923076923077","6","0","0","0","0","","not-applicable-14-card-packs","","","","","","","43.6","43.6","0","0.3736742642903951","0","0","0","0","{""base"":43.60000000000001,""mana"":-0.40000000000000013,""color"":0.3736742642903951,""synergy"":0,""curve"":0,""creature"":0,""removal"":0,""duplicate"":0,""fixing"":0}","{""カード情報からの推定単体評価"":26,""現在の主色に合う"":19,""主色外のマナ供給が不足"":7}","[""カード情報からの推定単体評価"",""現在の主色に合う"",""主色外のマナ供給が不足""]"
"e1865bec-1744-40c2-9031-7d6363be5333","The Last Ronin","13","9.307692307692308","5","0","0","0","0","","not-applicable-14-card-packs","","","","","","","46.1","46.1","0","-0.7873577802223749","0.34229517247108543","0","0","0","{""base"":46.100000000000016,""mana"":-0.25434565123486064,""color"":-0.7873577802223749,""synergy"":0.34229517247108543,""curve"":0,""creature"":0,""removal"":0,""duplicate"":0,""fixing"":0}","{""カード情報からの推定単体評価"":13,""現在の主色に合う"":8,""アーキタイプ・共通メカニズムと相性が良い"":5,""主色外のマナ供給が不足"":5}","[""カード情報からの推定単体評価"",""現在の主色に合う"",""アーキタイプ・共通メカニズムと相性が良い"",""主色外のマナ供給が不足""]"
"e2a35850-92c5-40ab-8697-2e995819d7ac","Armaggon, Future Shark","67","8.238805970149254","25","0","0","0","0","","not-applicable-14-card-packs","","","","","","","46.6","46.6","0","0.9538112516617713","0","0","0","-0.03731343283582089","{""base"":46.599999999999945,""mana"":0,""color"":0.9538112516617713,""synergy"":0,""curve"":0,""creature"":0.26214382632293076,""removal"":0,""duplicate"":-0.03731343283582089,""fixing"":0}","{""カード情報からの推定単体評価"":67,""現在の主色に合う"":56,""クリーチャー不足を補う"":18,""主色外のマナ供給が不足"":11}","[""カード情報からの推定単体評価"",""現在の主色に合う"",""クリーチャー不足を補う"",""主色外のマナ供給が不足""]"
"e2ef355a-2472-47e0-9b2e-987994291921","East Wind Avatar","319","4.64576802507837","104","0","0","0.7307692307692307","0","","not-applicable-14-card-packs","","","","","","","49.4","49.4","0","0.9733542352131078","0","0.42631803932744367","0","0","{""base"":49.39999999999975,""mana"":0,""color"":0.9733542352131078,""synergy"":0,""curve"":0.42631803932744367,""creature"":0.2547734397264179,""removal"":0,""duplicate"":0,""fixing"":0}","{""カード情報からの推定単体評価"":319,""現在の主色に合う"":202,""4マナのクリーチャーを補強"":122,""クリーチャー不足を補う"":74,""主色外のマナ供給が不足"":34,""スプラッシュ用のマナ供給あり"":6}","[""カード情報からの推定単体評価"",""現在の主色に合う"",""4マナのクリーチャーを補強"",""クリーチャー不足を補う"",""主色外のマナ供給が不足""]"
"e53fb128-bf90-4af6-b998-ef9c250001cb","Karai's Technique","154","9.207792207792208","46","0","0","0.13043478260869565","0","","not-applicable-14-card-packs","","","","","","","48.4","48.4","0","-2.127148702855938","0","0","0.05498819362455725","-0.01948051948051948","{""base"":48.39999999999987,""mana"":-0.23420859738018354,""color"":-2.127148702855938,""synergy"":0,""curve"":0,""creature"":0,""removal"":0.05498819362455725,""duplicate"":-0.01948051948051948,""fixing"":0}","{""カード情報からの推定単体評価"":154,""主色外のマナ供給が不足"":76,""現在の主色に合う"":71,""火力・マイナス修整"":72}","[""カード情報からの推定単体評価"",""主色外のマナ供給が不足"",""火力・マイナス修整"",""現在の主色に合う""]"
"e610bfd4-d064-410b-929c-1d9dd82828b1","Baxter Stockman","150","10.9","48","0","0","0","0","","not-applicable-14-card-packs","","","","","","","45.8","45.8","0","-3.2890552948697582","0","0","0","-0.25","{""base"":45.80000000000012,""mana"":-0.23097092399787045,""color"":-3.2890552948697582,""synergy"":0,""curve"":0,""creature"":0.1069090909090909,""removal"":0,""duplicate"":-0.25,""fixing"":0}","{""カード情報からの推定単体評価"":150,""主色外のマナ供給が不足"":86,""現在の主色に合う"":57,""クリーチャー不足を補う"":17,""スプラッシュ用のマナ供給あり"":7}","[""カード情報からの推定単体評価"",""主色外のマナ供給が不足"",""現在の主色に合う"",""クリーチャー不足を補う"",""スプラッシュ用のマナ供給あり""]"
"e6490e98-37a9-4a8b-a04c-cceeb22b0c35","Mona Lisa, Science Geek","174","7.172413793103448","70","0","0","0.04285714285714286","0","","not-applicable-14-card-packs","","","","","","","47.4","47.4","0","1.080480027404945","0","0.5844305120167185","0","-0.2442528735632184","{""base"":47.39999999999986,""mana"":0,""color"":1.080480027404945,""synergy"":0,""curve"":0.5844305120167185,""creature"":0.2150470219435737,""removal"":0,""duplicate"":-0.2442528735632184,""fixing"":0}","{""カード情報からの推定単体評価"":174,""現在の主色に合う"":137,""3マナのクリーチャーを補強"":80,""主色外のマナ供給が不足"":34,""クリーチャー不足を補う"":41}","[""カード情報からの推定単体評価"",""現在の主色に合う"",""3マナのクリーチャーを補強"",""クリーチャー不足を補う"",""主色外のマナ供給が不足""]"
"e71479c9-bb38-4112-bf8a-41b39a3ade51","Pizza Face, Gastromancer","170","10.935294117647059","63","0","0","0","0","","not-applicable-14-card-packs","","","","","","","45.8","45.8","0","-3.2746571975925396","0.21549251441545583","0","0","-0.2647058823529412","{""base"":45.800000000000125,""mana"":-0.2504103243287862,""color"":-3.2746571975925396,""synergy"":0.21549251441545583,""curve"":0,""creature"":0.0709090909090909,""removal"":0,""duplicate"":-0.2647058823529412,""fixing"":0}","{""カード情報からの推定単体評価"":170,""主色外のマナ供給が不足"":93,""スプラッシュ用のマナ供給あり"":12,""現在の主色に合う"":65,""アーキタイプ・共通メカニズムと相性が良い"":41,""クリーチャー不足を補う"":13}","[""カード情報からの推定単体評価"",""主色外のマナ供給が不足"",""現在の主色に合う"",""アーキタイプ・共通メカニズムと相性が良い"",""クリーチャー不足を補う""]"
"e7ae3ee7-824f-4dcb-8f28-7de99e4d8c3e","New Generation's Technique","168","11.017857142857142","45","0","0","0","0","","not-applicable-14-card-packs","","","","","","","43","43","0","0.18742030162096496","0","0","0","0","{""base"":43,""mana"":0,""color"":0.18742030162096496,""synergy"":0,""curve"":0,""creature"":0,""removal"":0,""duplicate"":0,""fixing"":0}","{""カード情報からの推定単体評価"":168,""現在の主色に合う"":121,""主色外のマナ供給が不足"":45,""スプラッシュ用のマナ供給あり"":2}","[""カード情報からの推定単体評価"",""現在の主色に合う"",""主色外のマナ供給が不足"",""スプラッシュ用のマナ供給あり""]"
"e7cd87d4-028c-49d9-9416-69f57e7dfec5","Koya, Death from Above","177","6.7740112994350286","67","0","0","0.31343283582089554","0","","not-applicable-14-card-packs","","","","","","","48.6","48.6","0","0.6533886510425296","0","0.1462249614791988","0","-0.22598870056497175","{""base"":48.60000000000016,""mana"":0,""color"":0.6533886510425296,""synergy"":0,""curve"":0.1462249614791988,""creature"":0.20154083204930667,""removal"":0,""duplicate"":-0.22598870056497175,""fixing"":0}","{""カード情報からの推定単体評価"":177,""現在の主色に合う"":112,""3マナのクリーチャーを補強"":41,""クリーチャー不足を補う"":33,""主色外のマナ供給が不足"":44}","[""カード情報からの推定単体評価"",""現在の主色に合う"",""主色外のマナ供給が不足"",""3マナのクリーチャーを補強"",""クリーチャー不足を補う""]"
"e88b1520-aa9a-41ee-9036-4d4bebd1a0c0","Old Hob, Alleycat Blues","170","7.552941176470588","59","0","0","0.1016949152542373","0","","not-applicable-14-card-packs","","","","","","","47.4","47.4","0","1.0039577879072785","0","0","0","-0.20588235294117646","{""base"":47.39999999999986,""mana"":0,""color"":1.0039577879072785,""synergy"":0,""curve"":0,""creature"":0.22010695187165785,""removal"":0,""duplicate"":-0.20588235294117646,""fixing"":0}","{""カード情報からの推定単体評価"":170,""現在の主色に合う"":128,""クリーチャー不足を補う"":41,""主色外のマナ供給が不足"":36}","[""カード情報からの推定単体評価"",""現在の主色に合う"",""クリーチャー不足を補う"",""主色外のマナ供給が不足""]"
"e9685c61-e33d-4ae0-9dd3-7fd0df5eb46f","Quintessential Katana","198","11.409090909090908","56","0","0","0","0","","not-applicable-14-card-packs","","","","","","","43","43","0","-0.9767081980309907","0.018075188565072755","0","0","0","{""base"":43,""mana"":0,""color"":-0.9767081980309907,""synergy"":0.018075188565072755,""curve"":0,""creature"":0,""removal"":0,""duplicate"":0,""fixing"":0}","{""カード情報からの推定単体評価"":198,""現在の主色に合う"":117,""主色外のマナ供給が不足"":81,""アーキタイプ・共通メカニズムと相性が良い"":4}","[""カード情報からの推定単体評価"",""現在の主色に合う"",""主色外のマナ供給が不足"",""アーキタイプ・共通メカニズムと相性が良い""]"
"e98c2af9-1393-487d-b8e9-f49a67bb7296","Leonardo's Technique","46","11.043478260869565","19","0","0","0","0","","not-applicable-14-card-packs","","","","","","","43.4","43.4","0","-0.3033087483584672","0","0","0","0","{""base"":43.400000000000034,""mana"":0,""color"":-0.3033087483584672,""synergy"":0,""curve"":0,""creature"":0,""removal"":0,""duplicate"":0,""fixing"":0}","{""カード情報からの推定単体評価"":46,""現在の主色に合う"":29,""主色外のマナ供給が不足"":17}","[""カード情報からの推定単体評価"",""現在の主色に合う"",""主色外のマナ供給が不足""]"
"e9975888-c75f-471e-a70d-17449e92226d","Pain 101","307","10.1628664495114","105","0","0","0","0","","not-applicable-14-card-packs","","","","","","","44","44","0","0.8670798096857694","0","0","0","-0.03908794788273615","{""base"":44,""mana"":0,""color"":0.8670798096857694,""synergy"":0,""curve"":0,""creature"":0,""removal"":0,""duplicate"":-0.03908794788273615,""fixing"":0}","{""カード情報からの推定単体評価"":307,""現在の主色に合う"":245,""主色外のマナ供給が不足"":62}","[""カード情報からの推定単体評価"",""現在の主色に合う"",""主色外のマナ供給が不足""]"
"ea9fc868-374b-4acc-be0d-4283907b4524","Mutant Chain Reaction","324","10.774691358024691","123","0","0","0","0","","not-applicable-14-card-packs","","","","","","","43","43","0","0.6858617602780477","0.42593339448529755","0","0","0","{""base"":43,""mana"":0,""color"":0.6858617602780477,""synergy"":0.42593339448529755,""curve"":0,""creature"":0,""removal"":0,""duplicate"":0,""fixing"":0}","{""カード情報からの推定単体評価"":324,""現在の主色に合う"":245,""主色外のマナ供給が不足"":79,""アーキタイプ・共通メカニズムと相性が良い"":155}","[""カード情報からの推定単体評価"",""現在の主色に合う"",""アーキタイプ・共通メカニズムと相性が良い"",""主色外のマナ供給が不足""]"
"eaa6b294-ac66-4fe2-b694-97b0a04f7be1","Transdimensional Bovine","56","4","15","1","0.06666666666666667","0.8666666666666667","0","","not-applicable-14-card-packs","","","","","","","49.8","49.8","0","1.4776444903245711","0","0.6454545454545454","0","0","{""base"":49.800000000000026,""mana"":0,""color"":1.4776444903245711,""synergy"":0,""curve"":0.6454545454545454,""creature"":0.2892857142857142,""removal"":0,""duplicate"":0,""fixing"":0}","{""カード情報からの推定単体評価"":56,""現在の主色に合う"":39,""3マナのクリーチャーを補強"":29,""主色外のマナ供給が不足"":4,""クリーチャー不足を補う"":13}","[""カード情報からの推定単体評価"",""現在の主色に合う"",""3マナのクリーチャーを補強"",""クリーチャー不足を補う"",""主色外のマナ供給が不足""]"
"eaf194a7-d95f-4738-9052-92ad00443a76","Raphael, Most Attitude","138","3.4347826086956523","46","1","0.021739130434782608","0.9782608695652174","0","","not-applicable-14-card-packs","","","","","","","50.2","50.2","0","1.572554833207735","0","0.6421607378129117","0","-0.05434782608695652","{""base"":50.19999999999988,""mana"":0,""color"":1.572554833207735,""synergy"":0,""curve"":0.6421607378129117,""creature"":0.34980237154150223,""removal"":0,""duplicate"":-0.05434782608695652,""fixing"":0}","{""カード情報からの推定単体評価"":138,""現在の主色に合う"":90,""4マナのクリーチャーを補強"":70,""クリーチャー不足を補う"":39,""スプラッシュ用のマナ供給あり"":1,""主色外のマナ供給が不足"":2}","[""カード情報からの推定単体評価"",""現在の主色に合う"",""4マナのクリーチャーを補強"",""クリーチャー不足を補う"",""主色外のマナ供給が不足""]"
"eb002bbc-08df-4bf0-bea3-46494ad261b6","Turtle Lair","0","","0","0","","","","","not-applicable-14-card-packs","","","","","","","45","45","0","","","","","","{}","{}","[""カード情報からの推定単体評価""]"
"eddab60f-2eac-4f20-934c-3d9307f885c3","Nobody","316","8.651898734177216","118","0","0","0.1271186440677966","0","","not-applicable-14-card-packs","","","","","","","48.2","48.2","0","-1.8931672181870964","0","0.20998273878020707","0","0","{""base"":48.200000000000266,""mana"":-0.2783066624653497,""color"":-1.8931672181870964,""synergy"":0,""curve"":0.20998273878020707,""creature"":0.11254315304948219,""removal"":0,""duplicate"":0,""fixing"":0}","{""カード情報からの推定単体評価"":316,""主色外のマナ供給が不足"":171,""現在の主色に合う"":130,""3マナのクリーチャーを補強"":66,""クリーチャー不足を補う"":40}","[""カード情報からの推定単体評価"",""主色外のマナ供給が不足"",""現在の主色に合う"",""3マナのクリーチャーを補強"",""クリーチャー不足を補う""]"
"ee9b606a-a1fe-43c8-84d0-9bf7b012cc75","Leatherhead, Swamp Stalker","46","1.673913043478261","9","9","1","1","0","","not-applicable-14-card-packs","","","","","","","55.49999999999999","55.49999999999999","0","1.3903002795922064","0","0.3736166007905138","0.2263339920948617","-0.10869565217391304","{""base"":55.49999999999999,""mana"":0,""color"":1.3903002795922064,""synergy"":0,""curve"":0.3736166007905138,""creature"":0.42450592885375493,""removal"":0.2263339920948617,""duplicate"":-0.10869565217391304,""fixing"":0}","{""カード情報からの推定単体評価"":46,""現在の主色に合う"":31,""4マナのクリーチャーを補強"":16,""条件付き除去"":31,""主色外のマナ供給が不足"":6,""クリーチャー不足を補う"":14}","[""カード情報からの推定単体評価"",""現在の主色に合う"",""条件付き除去"",""4マナのクリーチャーを補強"",""クリーチャー不足を補う""]"
"f33217cc-175f-45e8-bc69-801f41cb4495","Agent Bishop, Man in Black","54","7.5","23","0","0","0.08695652173913043","0","","not-applicable-14-card-packs","","","","","","","47","47","0","0.9681281788739411","0","0.3011784511784512","0","-0.1388888888888889","{""base"":47,""mana"":0,""color"":0.9681281788739411,""synergy"":0,""curve"":0.3011784511784512,""creature"":0.16464646464646465,""removal"":0,""duplicate"":-0.1388888888888889,""fixing"":0}","{""カード情報からの推定単体評価"":54,""現在の主色に合う"":37,""3マナのクリーチャーを補強"":15,""クリーチャー不足を補う"":8,""主色外のマナ供給が不足"":15}","[""カード情報からの推定単体評価"",""現在の主色に合う"",""3マナのクリーチャーを補強"",""主色外のマナ供給が不足"",""クリーチャー不足を補う""]"
"f570bac8-9987-4963-af02-476d18abc847","Slithering Cryptid","334","8.766467065868264","115","0","0","0.06086956521739131","0","","not-applicable-14-card-packs","","","","","","","48.2","48.2","0","-2.067420633440458","0.27192204469256837","0.1563962983124659","0","0","{""base"":48.200000000000294,""mana"":-0.25852974814462504,""color"":-2.067420633440458,""synergy"":0.27192204469256837,""curve"":0.1563962983124659,""creature"":0.08018508437670112,""removal"":0,""duplicate"":0,""fixing"":0}","{""カード情報からの推定単体評価"":334,""主色外のマナ供給が不足"":190,""現在の主色に合う"":136,""3マナのクリーチャーを補強"":60,""クリーチャー不足を補う"":26,""アーキタイプ・共通メカニズムと相性が良い"":100}","[""カード情報からの推定単体評価"",""主色外のマナ供給が不足"",""現在の主色に合う"",""アーキタイプ・共通メカニズムと相性が良い"",""3マナのクリーチャーを補強""]"
"f58a5f8b-254c-4206-bdbe-55a23798ed2d","Raphael's Technique","50","10.2","14","0","0","0","0","","not-applicable-14-card-packs","","","","","","","43.4","43.4","0","0.8262465118245673","0.3048534209451132","0","0","-0.048","{""base"":43.400000000000034,""mana"":0,""color"":0.8262465118245673,""synergy"":0.3048534209451132,""curve"":0,""creature"":0,""removal"":0,""duplicate"":-0.048,""fixing"":0}","{""カード情報からの推定単体評価"":50,""現在の主色に合う"":39,""アーキタイプ・共通メカニズムと相性が良い"":17,""主色外のマナ供給が不足"":11}","[""カード情報からの推定単体評価"",""現在の主色に合う"",""アーキタイプ・共通メカニズムと相性が良い"",""主色外のマナ供給が不足""]"
"f599471a-31a6-4fb0-bf27-c5b707e1db6a","Death in the Family","177","8.35593220338983","50","0","0","0.04","0","","not-applicable-14-card-packs","","","","","","","46.3","46.3","0","1.228082942009931","0","0","0.13659476117103234","0","{""base"":46.300000000000125,""mana"":0,""color"":1.228082942009931,""synergy"":0,""curve"":0,""creature"":0,""removal"":0.13659476117103234,""duplicate"":0,""fixing"":0}","{""カード情報からの推定単体評価"":177,""現在の主色に合う"":149,""条件付き除去"":150,""主色外のマナ供給が不足"":26}","[""カード情報からの推定単体評価"",""条件付き除去"",""現在の主色に合う"",""主色外のマナ供給が不足""]"
"f6059731-2e10-4f72-a214-b257f1677e9e","Mutant Town","0","","0","0","","","","","not-applicable-14-card-packs","","","","","","","45","45","0","","","","","","{}","{}","[""カード情報からの推定単体評価""]"
"f6a7838d-380f-4752-a647-c55c2a0eb6e2","Donatello, Mutant Mechanic","26","4.615384615384615","9","0","0","0.7777777777777778","0","","not-applicable-14-card-packs","","","","","","","49.6","49.6","0","0.6933803204073604","0","0.45944055944055945","0","0","{""base"":49.599999999999994,""mana"":0,""color"":0.6933803204073604,""synergy"":0,""curve"":0.45944055944055945,""creature"":0.3020979020979021,""removal"":0,""duplicate"":0,""fixing"":0}","{""カード情報からの推定単体評価"":26,""現在の主色に合う"":15,""4マナのクリーチャーを補強"":10,""クリーチャー不足を補う"":7,""主色外のマナ供給が不足"":4}","[""カード情報からの推定単体評価"",""現在の主色に合う"",""4マナのクリーチャーを補強"",""クリーチャー不足を補う"",""主色外のマナ供給が不足""]"
"f8131dca-ba6e-4ca4-943e-a3d26c75b8b8","Ice Cream Kitty","334","4.703592814371257","114","30","0.2631578947368421","1","0","","not-applicable-14-card-packs","","","","","","","51.5","51.5","0","-0.9417465714634111","0.23618228684833217","0.3043821448013063","0","0","{""base"":51.5,""mana"":-0.33062840407335903,""color"":-0.9417465714634111,""synergy"":0.23618228684833217,""curve"":0.3043821448013063,""creature"":0.17931409907457832,""removal"":0,""duplicate"":0,""fixing"":0}","{""カード情報からの推定単体評価"":334,""主色外のマナ供給が不足"":91,""現在の主色に合う"":129,""アーキタイプ・共通メカニズムと相性が良い"":86,""2マナのクリーチャーを補強"":85,""クリーチャー不足を補う"":51}","[""カード情報からの推定単体評価"",""現在の主色に合う"",""主色外のマナ供給が不足"",""アーキタイプ・共通メカニズムと相性が良い"",""2マナのクリーチャーを補強""]"
"f84850bc-6348-449e-bd82-bb39e2119bec","Donatello, Turtle Techie","314","3.7038216560509554","124","19","0.1532258064516129","0.9838709677419355","0","","not-applicable-14-card-packs","","","","","","","50.7","50.7","0","1.342062685429378","0","0.4220758540822234","0","-0.445859872611465","{""base"":50.70000000000029,""mana"":0,""color"":1.342062685429378,""synergy"":0,""curve"":0.4220758540822234,""creature"":0.267689635205559,""removal"":0,""duplicate"":-0.445859872611465,""fixing"":0}","{""カード情報からの推定単体評価"":314,""現在の主色に合う"":180,""4マナのクリーチャーを補強"":117,""クリーチャー不足を補う"":72,""主色外のマナ供給が不足"":11,""スプラッシュ用のマナ供給あり"":1}","[""カード情報からの推定単体評価"",""現在の主色に合う"",""4マナのクリーチャーを補強"",""クリーチャー不足を補う"",""主色外のマナ供給が不足""]"
"f9330a7b-8a65-4e04-a777-bf6512332850","Rocksteady, Crash Courser","319","6.300940438871473","115","0","0","0.3565217391304348","0","","not-applicable-14-card-packs","","","","","","","48.6","48.6","0","0.96607426270469","0.1253303292549335","-0.02633228840125392","0","-0.5799373040752351","{""base"":48.60000000000025,""mana"":0,""color"":0.96607426270469,""synergy"":0.1253303292549335,""curve"":-0.02633228840125392,""creature"":0.20980336278141942,""removal"":0,""duplicate"":-0.5799373040752351,""fixing"":0}","{""カード情報からの推定単体評価"":319,""現在の主色に合う"":219,""クリーチャー不足を補う"":69,""アーキタイプ・共通メカニズムと相性が良い"":35,""主色外のマナ供給が不足"":59}","[""カード情報からの推定単体評価"",""現在の主色に合う"",""クリーチャー不足を補う"",""主色外のマナ供給が不足"",""アーキタイプ・共通メカニズムと相性が良い""]"
"fa3ae120-756d-4c52-91f9-235767539d67","Mondo Gecko","26","2.6923076923076925","6","3","0.5","1","0","","not-applicable-14-card-packs","","","","","","","51.300000000000004","51.300000000000004","0","1.670397949219479","0.135444276223857","0.4800699300699301","0","0","{""base"":51.29999999999997,""mana"":0,""color"":1.670397949219479,""synergy"":0.135444276223857,""curve"":0.4800699300699301,""creature"":0.32727272727272727,""removal"":0,""duplicate"":0,""fixing"":0}","{""カード情報からの推定単体評価"":26,""現在の主色に合う"":20,""3マナのクリーチャーを補強"":12,""クリーチャー不足を補う"":6,""アーキタイプ・共通メカニズムと相性が良い"":4}","[""カード情報からの推定単体評価"",""現在の主色に合う"",""3マナのクリーチャーを補強"",""クリーチャー不足を補う"",""アーキタイプ・共通メカニズムと相性が良い""]"
"fb2cd508-f5cd-4d5b-b8e7-3cae1f39fd58","Splinter, Radical Rat","53","8.641509433962264","13","0","0","0.3076923076923077","0","","not-applicable-14-card-packs","","","","","","","49.4","49.4","0","-2.6339686981047925","0","0.031903945111492284","0","-0.04716981132075472","{""base"":49.40000000000005,""mana"":-0.24692649250078053,""color"":-2.6339686981047925,""synergy"":0,""curve"":0.031903945111492284,""creature"":0.08439108061749571,""removal"":0,""duplicate"":-0.04716981132075472,""fixing"":0}","{""カード情報からの推定単体評価"":53,""主色外のマナ供給が不足"":30,""現在の主色に合う"":19,""3マナのクリーチャーを補強"":7,""クリーチャー不足を補う"":6}","[""カード情報からの推定単体評価"",""主色外のマナ供給が不足"",""現在の主色に合う"",""3マナのクリーチャーを補強"",""クリーチャー不足を補う""]"
"fcdc7dfc-04b5-411a-ab49-282b9c2608e2","Mighty Mutanimals","166","9.439759036144578","59","0","0","0","0","","not-applicable-14-card-packs","","","","","","","45","45","0","0.929132685301843","0","0.40676341730558585","0","0","{""base"":45,""mana"":0,""color"":0.929132685301843,""synergy"":0,""curve"":0.40676341730558585,""creature"":0.16495071193866376,""removal"":0,""duplicate"":0,""fixing"":0}","{""カード情報からの推定単体評価"":166,""現在の主色に合う"":120,""4マナのクリーチャーを補強"":57,""クリーチャー不足を補う"":29,""主色外のマナ供給が不足"":46}","[""カード情報からの推定単体評価"",""現在の主色に合う"",""4マナのクリーチャーを補強"",""主色外のマナ供給が不足"",""クリーチャー不足を補う""]"
"fdb8e862-c642-4b7b-b061-400de6061ffe","Raphael, Ninja Destroyer","22","5.045454545454546","6","0","0","0.8333333333333334","0","","not-applicable-14-card-packs","","","","","","","49.6","49.6","0","2.4092366162734997","0","0.5983471074380166","0","-0.11363636363636363","{""base"":49.600000000000016,""mana"":0,""color"":2.4092366162734997,""synergy"":0,""curve"":0.5983471074380166,""creature"":0.359504132231405,""removal"":0,""duplicate"":-0.11363636363636363,""fixing"":0}","{""カード情報からの推定単体評価"":22,""現在の主色に合う"":17,""4マナのクリーチャーを補強"":11,""クリーチャー不足を補う"":7}","[""カード情報からの推定単体評価"",""現在の主色に合う"",""4マナのクリーチャーを補強"",""クリーチャー不足を補う""]"
"fe1eb8b3-c605-4711-a057-ed3565bfe75c","Michelangelo, Mutant BFF","167","5.0359281437125745","59","0","0","0.3559322033898305","0","","not-applicable-14-card-packs","","","","","","","49","49","0","1.4930328165257312","0.3880196678565878","0.4558519324986389","0","-0.20958083832335328","{""base"":49,""mana"":0,""color"":1.4930328165257312,""synergy"":0.3880196678565878,""curve"":0.4558519324986389,""creature"":0.3040827436037019,""removal"":0,""duplicate"":-0.20958083832335328,""fixing"":0}","{""カード情報からの推定単体評価"":167,""現在の主色に合う"":123,""アーキタイプ・共通メカニズムと相性が良い"":77,""4マナのクリーチャーを補強"":66,""クリーチャー不足を補う"":46,""主色外のマナ供給が不足"":23}","[""カード情報からの推定単体評価"",""現在の主色に合う"",""アーキタイプ・共通メカニズムと相性が良い"",""4マナのクリーチャーを補強"",""クリーチャー不足を補う""]"
