"key","name","appearances","averagePick","p1Appearances","p1p1Count","p1p1Rate","p1p5Rate","lastPickRate","survivesTo15Rate","survivesTo15Status","wr","gihWR","ohWR","ata","alsa","ataDifference","baseValue","heuristicValue","wrContribution","meanColorAdjustment","meanSynergyAdjustment","meanCurveAdjustment","meanRemovalAdjustment","meanDuplicateAdjustment","meanComponents","reasonCounts","reasons"
"00e75a6b-699e-4824-86e5-66d45245cd9b","Oracle's Restoration","212","8.25943396226415","72","0","0","0.041666666666666664","0","","not-applicable-14-card-packs","","","","","","","45.5","45.5","0","1.0978653989057885","0","0","0","0","{""base"":45.5,""mana"":0,""color"":1.0978653989057885,""synergy"":0,""curve"":0,""creature"":0,""removal"":0,""duplicate"":0,""fixing"":0}","{""カード情報からの推定単体評価"":212,""現在の主色に合う"":175,""主色外のマナ供給が不足"":34}","[""カード情報からの推定単体評価"",""現在の主色に合う"",""主色外のマナ供給が不足""]"
"00e94b75-ad31-4e1f-b3be-eed7cd3e4d76","Stand Up for Yourself","96","7.5625","28","0","0","0.03571428571428571","0","","not-applicable-14-card-packs","","","","","","","46.3","46.3","0","1.6512498355542977","0","0","0.21349431818181822","0","{""base"":46.300000000000075,""mana"":0,""color"":1.6512498355542977,""synergy"":0,""curve"":0,""creature"":0,""removal"":0.21349431818181822,""duplicate"":0,""fixing"":0}","{""カード情報からの推定単体評価"":96,""現在の主色に合う"":84,""条件付き除去"":84,""主色外のマナ供給が不足"":11}","[""カード情報からの推定単体評価"",""現在の主色に合う"",""条件付き除去"",""主色外のマナ供給が不足""]"
"0109432d-5a2a-456f-ad39-b75cb4c73420","Bogwater Lumaret","211","7.559241706161138","64","1","0.015625","0.484375","0","","not-applicable-14-card-packs","","","","","","","49","49","0","-2.104636440222351","0","0.2936665230504092","0","0","{""base"":49,""mana"":-0.2839357105121481,""color"":-2.104636440222351,""synergy"":0,""curve"":0.2936665230504092,""creature"":0.1998276604911677,""removal"":0,""duplicate"":0,""fixing"":0}","{""カード情報からの推定単体評価"":211,""現在の主色に合う"":77,""2マナのクリーチャーを補強"":49,""クリーチャー不足を補う"":42,""主色外のマナ供給が不足"":103}","[""カード情報からの推定単体評価"",""主色外のマナ供給が不足"",""現在の主色に合う"",""2マナのクリーチャーを補強"",""クリーチャー不足を補う""]"
"02070488-9203-4304-9392-a111d20218c5","Flashback","56","10.303571428571429","21","0","0","0","0","","not-applicable-14-card-packs","","","","","","","43.4","43.4","0","0.5919379203235221","0","0","0","0","{""base"":43.40000000000004,""mana"":0,""color"":0.5919379203235221,""synergy"":0,""curve"":0,""creature"":0,""removal"":0,""duplicate"":0,""fixing"":0}","{""カード情報からの推定単体評価"":56,""主色外のマナ供給が不足"":17,""現在の主色に合う"":39}","[""カード情報からの推定単体評価"",""現在の主色に合う"",""主色外のマナ供給が不足""]"
"02125db4-4507-467a-ac0c-406de2c7d533","Adventurous Eater // Have a Bite","225","6.088888888888889","63","0","0","0.30158730158730157","0","","not-applicable-14-card-packs","","","","","","","48.2","48.2","0","0.7614728902494192","0","0.36080808080808074","0","0","{""base"":48.20000000000008,""mana"":0,""color"":0.7614728902494192,""synergy"":0,""curve"":0.36080808080808074,""creature"":0.386666666666667,""removal"":0,""duplicate"":0,""fixing"":0}","{""カード情報からの推定単体評価"":225,""現在の主色に合う"":164,""クリーチャー不足を補う"":84,""主色外のマナ供給が不足"":42,""3マナのクリーチャーを補強"":85}","[""カード情報からの推定単体評価"",""現在の主色に合う"",""3マナのクリーチャーを補強"",""クリーチャー不足を補う"",""主色外のマナ供給が不足""]"
"03931270-504a-4b0b-af3f-918bf124ea07","Maelstrom Artisan // Rocket Volley","40","5.925","11","0","0","0.45454545454545453","0","","not-applicable-14-card-packs","","","","","","","48.6","48.6","0","1.5229889715075882","0","0.7057954545454546","0","0","{""base"":48.599999999999966,""mana"":-0.4000000000000002,""color"":1.5229889715075882,""synergy"":0,""curve"":0.7057954545454546,""creature"":0.44454545454545447,""removal"":0,""duplicate"":0,""fixing"":0}","{""カード情報からの推定単体評価"":40,""現在の主色に合う"":30,""3マナのクリーチャーを補強"":22,""クリーチャー不足を補う"":16,""主色外のマナ供給が不足"":5}","[""カード情報からの推定単体評価"",""現在の主色に合う"",""3マナのクリーチャーを補強"",""クリーチャー不足を補う"",""主色外のマナ供給が不足""]"
"03af9d24-2df6-4318-82f2-8abdd22206f1","Mindful Biomancer","229","4.567685589519651","71","3","0.04225352112676056","0.7605633802816901","0","","not-applicable-14-card-packs","","","","","","","49","49","0","1.3501872661637684","0","0.572965462485113","0","0","{""base"":49,""mana"":0,""color"":1.3501872661637684,""synergy"":0,""curve"":0.572965462485113,""creature"":0.3406113537117906,""removal"":0,""duplicate"":0,""fixing"":0}","{""カード情報からの推定単体評価"":229,""現在の主色に合う"":156,""2マナのクリーチャーを補強"":117,""クリーチャー不足を補う"":77,""主色外のマナ供給が不足"":19}","[""カード情報からの推定単体評価"",""現在の主色に合う"",""2マナのクリーチャーを補強"",""クリーチャー不足を補う"",""主色外のマナ供給が不足""]"
"06c1f8a4-4948-435b-ae98-b1276b57e958","Traumatic Critique","49","10.857142857142858","18","0","0","0","0","","not-applicable-14-card-packs","","","","","","","45.9","45.9","0","-3.7988118797623693","0.16346830746791452","0","0","0","{""base"":45.900000000000034,""mana"":-0.2536417827813664,""color"":-3.7988118797623693,""synergy"":0.16346830746791452,""curve"":0,""creature"":0,""removal"":0,""duplicate"":0,""fixing"":0}","{""カード情報からの推定単体評価"":49,""現在の主色に合う"":14,""アーキタイプ・共通メカニズムと相性が良い"":9,""主色外のマナ供給が不足"":35}","[""カード情報からの推定単体評価"",""主色外のマナ供給が不足"",""現在の主色に合う"",""アーキタイプ・共通メカニズムと相性が良い""]"
"070aa6c7-4741-47de-b68a-629aa4201ac0","Eager Glyphmage","222","3.81981981981982","75","1","0.013333333333333334","0.8266666666666667","0","","not-applicable-14-card-packs","","","","","","","49.4","49.4","0","1.4728995786702614","0","0.504095004095004","0","0","{""base"":49.3999999999998,""mana"":0,""color"":1.4728995786702614,""synergy"":0,""curve"":0.504095004095004,""creature"":0.45945945945945965,""removal"":0,""duplicate"":0,""fixing"":0}","{""カード情報からの推定単体評価"":222,""現在の主色に合う"":152,""4マナのクリーチャーを補強"":99,""クリーチャー不足を補う"":92,""主色外のマナ供給が不足"":5,""スプラッシュ用のマナ供給あり"":2}","[""カード情報からの推定単体評価"",""現在の主色に合う"",""4マナのクリーチャーを補強"",""クリーチャー不足を補う"",""主色外のマナ供給が不足""]"
"0788fdd2-6fab-460c-b054-a736df670f96","Colossus of the Blood Age","112","9.232142857142858","37","0","0","0.02702702702702703","0","","not-applicable-14-card-packs","","","","","","","47","47","0","-1.9697844593039928","0.14494534096971537","-0.028246753246753246","0","-0.21428571428571422","{""base"":47,""mana"":-0.25969017105207276,""color"":-1.9697844593039928,""synergy"":0.14494534096971537,""curve"":-0.028246753246753246,""creature"":0.18506493506493502,""removal"":0,""duplicate"":-0.21428571428571422,""fixing"":0}","{""カード情報からの推定単体評価"":112,""主色外のマナ供給が不足"":43,""現在の主色に合う"":50,""クリーチャー不足を補う"":24,""アーキタイプ・共通メカニズムと相性が良い"":17,""スプラッシュ用のマナ供給あり"":18}","[""カード情報からの推定単体評価"",""現在の主色に合う"",""主色外のマナ供給が不足"",""クリーチャー不足を補う"",""スプラッシュ用のマナ供給あり""]"
"0859d16e-2a1f-4b48-8687-99af8a8bdb38","Postmortem Professor","37","4.45945945945946","10","0","0","1","0","","not-applicable-14-card-packs","","","","","","","49.4","49.4","0","1.2414026313832633","0","0.596805896805897","0","0","{""base"":49.40000000000003,""mana"":0,""color"":1.2414026313832633,""synergy"":0,""curve"":0.596805896805897,""creature"":0.3316953316953316,""removal"":0,""duplicate"":0,""fixing"":0}","{""カード情報からの推定単体評価"":37,""現在の主色に合う"":25,""2マナのクリーチャーを補強"":20,""クリーチャー不足を補う"":12,""主色外のマナ供給が不足"":2}","[""カード情報からの推定単体評価"",""現在の主色に合う"",""2マナのクリーチャーを補強"",""クリーチャー不足を補う"",""主色外のマナ供給が不足""]"
"08a0e845-9ef9-4de1-b9fe-4530357346ca","Biblioplex Tomekeeper","219","5.273972602739726","73","0","0","0.3013698630136986","0","","not-applicable-14-card-packs","","","","","","","48.2","48.2","0","0","0","0.523495226234952","0","0","{""base"":48.20000000000006,""mana"":0,""color"":0,""synergy"":0,""curve"":0.523495226234952,""creature"":0.4533001245330014,""removal"":0,""duplicate"":0,""fixing"":0}","{""カード情報からの推定単体評価"":219,""4マナのクリーチャーを補強"":103,""クリーチャー不足を補う"":98}","[""カード情報からの推定単体評価"",""4マナのクリーチャーを補強"",""クリーチャー不足を補う""]"
"094c4486-6cae-4268-850e-ff0082e5ad10","Daydream","107","7.289719626168225","38","0","0","0.10526315789473684","0","","not-applicable-14-card-packs","","","","","","","46.3","46.3","0","1.0137594159286936","0","0","0.19517841971113","0","{""base"":46.30000000000009,""mana"":0,""color"":1.0137594159286936,""synergy"":0,""curve"":0,""creature"":0,""removal"":0.19517841971113,""duplicate"":0,""fixing"":0}","{""カード情報からの推定単体評価"":107,""主色外のマナ供給が不足"":18,""現在の主色に合う"":85,""条件付き除去"":87}","[""カード情報からの推定単体評価"",""条件付き除去"",""現在の主色に合う"",""主色外のマナ供給が不足""]"
"0c061a1b-206a-4fcc-92e5-30c8ed9d65c1","Artistic Process","96","6.979166666666667","27","0","0","0.18518518518518517","0","","not-applicable-14-card-packs","","","","","","","47.4","47.4","0","1.1275960441808726","0","0","0.13103693181818182","0","{""base"":47.40000000000003,""mana"":0,""color"":1.1275960441808726,""synergy"":0,""curve"":0,""creature"":0,""removal"":0.13103693181818182,""duplicate"":0,""fixing"":0}","{""カード情報からの推定単体評価"":96,""現在の主色に合う"":71,""火力・マイナス修整"":73,""主色外のマナ供給が不足"":20}","[""カード情報からの推定単体評価"",""火力・マイナス修整"",""現在の主色に合う"",""主色外のマナ供給が不足""]"
"0c4277ec-aa12-41f5-8896-c83cfc754d6e","Tragedy Feaster","50","1.4","17","16","0.9411764705882353","1","0","","not-applicable-14-card-packs","","","","","","","55.4","55.4","0","0.47623639130439327","0.08692794621609229","0.2768181818181818","0","0","{""base"":55.40000000000005,""mana"":0,""color"":0.47623639130439327,""synergy"":0.08692794621609229,""curve"":0.2768181818181818,""creature"":0.32836363636363636,""removal"":0,""duplicate"":0,""fixing"":0}","{""カード情報からの推定単体評価"":50,""現在の主色に合う"":23,""主色外のマナ供給が不足"":10,""4マナのクリーチャーを補強"":7,""クリーチャー不足を補う"":12,""アーキタイプ・共通メカニズムと相性が良い"":6}","[""カード情報からの推定単体評価"",""現在の主色に合う"",""クリーチャー不足を補う"",""主色外のマナ供給が不足"",""4マナのクリーチャーを補強""]"
"0d6507b0-c986-49d1-aea3-77b2cf2a7433","Borrowed Knowledge","79","11.721518987341772","26","0","0","0","0","","not-applicable-14-card-packs","","","","","","","43","43","0","-3.27480906053192","0.11542190122403992","0","0","0","{""base"":43,""mana"":-0.23502476554445922,""color"":-3.27480906053192,""synergy"":0.11542190122403992,""curve"":0,""creature"":0,""removal"":0,""duplicate"":0,""fixing"":0}","{""カード情報からの推定単体評価"":79,""現在の主色に合う"":31,""アーキタイプ・共通メカニズムと相性が良い"":10,""スプラッシュ用のマナ供給あり"":13,""主色外のマナ供給が不足"":35}","[""カード情報からの推定単体評価"",""主色外のマナ供給が不足"",""現在の主色に合う"",""スプラッシュ用のマナ供給あり"",""アーキタイプ・共通メカニズムと相性が良い""]"
"0dc76b7f-6405-44a1-8c55-31fa480ff70b","Ral Zarek, Guest Lecturer","13","10.23076923076923","4","0","0","0","0","","not-applicable-14-card-packs","","","","","","","43.6","43.6","0","1.1359469648687794","0.3385001091593821","0","0","0","{""base"":43.600000000000016,""mana"":0,""color"":1.1359469648687794,""synergy"":0.3385001091593821,""curve"":0,""creature"":0,""removal"":0,""duplicate"":0,""fixing"":0}","{""カード情報からの推定単体評価"":13,""現在の主色に合う"":10,""アーキタイプ・共通メカニズムと相性が良い"":5,""主色外のマナ供給が不足"":3}","[""カード情報からの推定単体評価"",""現在の主色に合う"",""アーキタイプ・共通メカニズムと相性が良い"",""主色外のマナ供給が不足""]"
"0ecd4493-dfb4-4d56-a90e-08b74b474f39","Tenured Concocter","232","3.038793103448276","79","25","0.31645569620253167","0.9873417721518988","0","","not-applicable-14-card-packs","","","","","","","50.7","50.7","0","1.1771713336335479","0","0","0","0","{""base"":50.70000000000013,""mana"":0,""color"":1.1771713336335479,""synergy"":0,""curve"":0,""creature"":0.38628526645768063,""removal"":0,""duplicate"":0,""fixing"":0}","{""カード情報からの推定単体評価"":232,""現在の主色に合う"":134,""クリーチャー不足を補う"":73,""主色外のマナ供給が不足"":17,""スプラッシュ用のマナ供給あり"":3}","[""カード情報からの推定単体評価"",""現在の主色に合う"",""クリーチャー不足を補う"",""主色外のマナ供給が不足"",""スプラッシュ用のマナ供給あり""]"
"0f0959ff-4464-4738-9d79-5b06f368f144","Inkling Mascot","208","4.3798076923076925","65","11","0.16923076923076924","0.9846153846153847","0","","not-applicable-14-card-packs","","","","","","","51","51","0","0.2757030357152408","0.18965909920543952","0.41503496503496484","0","0","{""base"":51,""mana"":-0.3295021930195704,""color"":0.2757030357152408,""synergy"":0.18965909920543952,""curve"":0.41503496503496484,""creature"":0.2690559440559443,""removal"":0,""duplicate"":0,""fixing"":0}","{""カード情報からの推定単体評価"":208,""現在の主色に合う"":106,""2マナのクリーチャーを補強"":76,""アーキタイプ・共通メカニズムと相性が良い"":44,""クリーチャー不足を補う"":50,""主色外のマナ供給が不足"":38}","[""カード情報からの推定単体評価"",""現在の主色に合う"",""2マナのクリーチャーを補強"",""クリーチャー不足を補う"",""アーキタイプ・共通メカニズムと相性が良い""]"
"1232c461-643c-40a3-901e-09b665f817da","Noxious Newt","238","3.2058823529411766","79","16","0.20253164556962025","0.9873417721518988","0","","not-applicable-14-card-packs","","","","","","","50.2","50.2","0","1.529165063778508","0","0.5470970206264318","0","0","{""base"":50.20000000000014,""mana"":0,""color"":1.529165063778508,""synergy"":0,""curve"":0.5470970206264318,""creature"":0.4377387318563791,""removal"":0,""duplicate"":0,""fixing"":0}","{""カード情報からの推定単体評価"":238,""現在の主色に合う"":155,""2マナのクリーチャーを補強"":112,""クリーチャー不足を補う"":86,""主色外のマナ供給が不足"":5}","[""カード情報からの推定単体評価"",""現在の主色に合う"",""2マナのクリーチャーを補強"",""クリーチャー不足を補う"",""主色外のマナ供給が不足""]"
"12397dbf-99a9-40c3-aa7c-76d09baad008","Teacher's Pest","87","7.103448275862069","28","1","0.03571428571428571","0.5714285714285714","0","","not-applicable-14-card-packs","","","","","","","49.4","49.4","0","-1.829125665507683","0","0.3225705329153605","0","0","{""base"":49.40000000000004,""mana"":-0.31351813470028433,""color"":-1.829125665507683,""synergy"":0,""curve"":0.3225705329153605,""creature"":0.14733542319749215,""removal"":0,""duplicate"":0,""fixing"":0}","{""カード情報からの推定単体評価"":87,""主色外のマナ供給が不足"":38,""現在の主色に合う"":33,""2マナのクリーチャーを補強"":24,""クリーチャー不足を補う"":15}","[""カード情報からの推定単体評価"",""主色外のマナ供給が不足"",""現在の主色に合う"",""2マナのクリーチャーを補強"",""クリーチャー不足を補う""]"
"140cb5cf-8aa2-457c-9d65-5acefea00195","Eternal Student","75","4.013333333333334","23","2","0.08695652173913043","0.8695652173913043","0","","not-applicable-14-card-packs","","","","","","","49.4","49.4","0","1.5384014584642984","0","0.5711515151515152","0","0","{""base"":49.40000000000006,""mana"":0,""color"":1.5384014584642984,""synergy"":0,""curve"":0.5711515151515152,""creature"":0.5090909090909091,""removal"":0,""duplicate"":0,""fixing"":0}","{""カード情報からの推定単体評価"":75,""現在の主色に合う"":52,""4マナのクリーチャーを補強"":37,""クリーチャー不足を補う"":33,""スプラッシュ用のマナ供給あり"":1,""主色外のマナ供給が不足"":2}","[""カード情報からの推定単体評価"",""現在の主色に合う"",""4マナのクリーチャーを補強"",""クリーチャー不足を補う"",""主色外のマナ供給が不足""]"
"1657be64-b38f-4074-a743-bf558dc57901","Harsh Annotation","98","7.204081632653061","27","0","0","0.07407407407407407","0","","not-applicable-14-card-packs","","","","","","","46.3","46.3","0","1.8231939683111649","0","0","0.22938311688311686","0","{""base"":46.30000000000008,""mana"":0,""color"":1.8231939683111649,""synergy"":0,""curve"":0,""creature"":0,""removal"":0.22938311688311686,""duplicate"":0,""fixing"":0}","{""カード情報からの推定単体評価"":98,""現在の主色に合う"":88,""条件付き除去"":89,""主色外のマナ供給が不足"":8}","[""カード情報からの推定単体評価"",""条件付き除去"",""現在の主色に合う"",""主色外のマナ供給が不足""]"
"181da74b-53fb-4e46-afc0-e7c990fda128","Efflorescence","216","10.407407407407407","75","0","0","0","0","","not-applicable-14-card-packs","","","","","","","43","43","0","0.7064923670559341","0","0","0","0","{""base"":43,""mana"":0,""color"":0.7064923670559341,""synergy"":0,""curve"":0,""creature"":0,""removal"":0,""duplicate"":0,""fixing"":0}","{""カード情報からの推定単体評価"":216,""現在の主色に合う"":164,""主色外のマナ供給が不足"":52}","[""カード情報からの推定単体評価"",""現在の主色に合う"",""主色外のマナ供給が不足""]"
"19cf5798-4600-4a66-b1c7-de77bde157d0","Tablet of Discovery","106","10.745283018867925","40","0","0","0","0","","not-applicable-14-card-packs","","","","","","","43","43","0","0.19155275440751798","0","0","0","0","{""base"":43,""mana"":0,""color"":0.19155275440751798,""synergy"":0,""curve"":0,""creature"":0,""removal"":0,""duplicate"":0,""fixing"":0}","{""カード情報からの推定単体評価"":106,""現在の主色に合う"":75,""主色外のマナ供給が不足"":31}","[""カード情報からの推定単体評価"",""現在の主色に合う"",""主色外のマナ供給が不足""]"
"1bd3e453-aa21-4ee6-95c2-d6d920ee8e7a","Terramorphic Expanse","214","9.163551401869158","77","0","0","0","0","","not-applicable-14-card-packs","","","","","","","45","45","0","0","0.07258076971249393","0","0","0","{""base"":45,""mana"":0,""color"":0,""synergy"":0.07258076971249393,""curve"":0,""creature"":0,""removal"":0,""duplicate"":0,""fixing"":0}","{""カード情報からの推定単体評価"":214,""アーキタイプ・共通メカニズムと相性が良い"":18}","[""カード情報からの推定単体評価"",""アーキタイプ・共通メカニズムと相性が良い""]"
"1bf505a7-292e-4642-83b6-8ff41ebe5d51","Blazing Firesinger // Seething Song","92","5.467391304347826","28","0","0","0.5","0","","not-applicable-14-card-packs","","","","","","","48.2","48.2","0","0.9176903989325672","0","0.5136363636363637","0","0","{""base"":48.19999999999992,""mana"":0,""color"":0.9176903989325672,""synergy"":0,""curve"":0.5136363636363637,""creature"":0.37944664031620556,""removal"":0,""duplicate"":0,""fixing"":0}","{""カード情報からの推定単体評価"":92,""現在の主色に合う"":64,""クリーチャー不足を補う"":34,""3マナのクリーチャーを補強"":43,""主色外のマナ供給が不足"":14}","[""カード情報からの推定単体評価"",""現在の主色に合う"",""3マナのクリーチャーを補強"",""クリーチャー不足を補う"",""主色外のマナ供給が不足""]"
"1c45e872-3af8-47a4-9dc7-a99c293338f8","Stadium Tidalmage","229","5.358078602620087","66","25","0.3787878787878788","1","0","","not-applicable-14-card-packs","","","","","","","51.5","51.5","0","-2.668276352508051","0.11394355711265512","0.06010321556173085","0","0","{""base"":51.5,""mana"":-0.31662330228326646,""color"":-2.668276352508051,""synergy"":0.11394355711265512,""curve"":0.06010321556173085,""creature"":0.1498213576816197,""removal"":0,""duplicate"":0,""fixing"":0}","{""カード情報からの推定単体評価"":229,""現在の主色に合う"":57,""アーキタイプ・共通メカニズムと相性が良い"":30,""クリーチャー不足を補う"":30,""主色外のマナ供給が不足"":70,""スプラッシュ用のマナ供給あり"":36,""4マナのクリーチャーを補強"":23}","[""カード情報からの推定単体評価"",""主色外のマナ供給が不足"",""現在の主色に合う"",""スプラッシュ用のマナ供給あり"",""アーキタイプ・共通メカニズムと相性が良い""]"
"1cb419cc-d8e4-4676-987f-089cebccc374","Masterful Flourish","219","10.26027397260274","77","0","0","0","0","","not-applicable-14-card-packs","","","","","","","43","43","0","0.2417645124586379","0","0","0","0","{""base"":43,""mana"":0,""color"":0.2417645124586379,""synergy"":0,""curve"":0,""creature"":0,""removal"":0,""duplicate"":0,""fixing"":0}","{""カード情報からの推定単体評価"":219,""現在の主色に合う"":159,""主色外のマナ供給が不足"":60}","[""カード情報からの推定単体評価"",""現在の主色に合う"",""主色外のマナ供給が不足""]"
"1efd6082-15a8-4322-892d-02d01e381e2a","Growth Curve","94","12.340425531914894","26","0","0","0","0","","not-applicable-14-card-packs","","","","","","","43","43","0","-6.702439805470188","0","0","0","0","{""base"":43,""mana"":-0.20582379328147302,""color"":-6.702439805470188,""synergy"":0,""curve"":0,""creature"":0,""removal"":0,""duplicate"":0,""fixing"":0}","{""カード情報からの推定単体評価"":94,""主色外のマナ供給が不足"":78,""現在の主色に合う"":16}","[""カード情報からの推定単体評価"",""主色外のマナ供給が不足"",""現在の主色に合う""]"
"20f3388f-0931-4a09-bcda-96deb01e1787","Cuboid Colony","92","6.782608695652174","34","1","0.029411764705882353","0.6764705882352942","0","","not-applicable-14-card-packs","","","","","","","49.4","49.4","0","-1.8946342612183145","0","0.1233201581027668","0","0","{""base"":49.40000000000002,""mana"":-0.3154711913506193,""color"":-1.8946342612183145,""synergy"":0,""curve"":0.1233201581027668,""creature"":0.14822134387351774,""removal"":0,""duplicate"":0,""fixing"":0}","{""カード情報からの推定単体評価"":92,""主色外のマナ供給が不足"":38,""現在の主色に合う"":31,""クリーチャー不足を補う"":15,""2マナのクリーチャーを補強"":16}","[""カード情報からの推定単体評価"",""主色外のマナ供給が不足"",""現在の主色に合う"",""2マナのクリーチャーを補強"",""クリーチャー不足を補う""]"
"21a094d6-de3d-48d4-a35d-b99617da55db","Sneering Shadewriter","218","6.587155963302752","73","0","0","0.2054794520547945","0","","not-applicable-14-card-packs","","","","","","","47.8","47.8","0","1.0137864830327663","0","0","0","0","{""base"":47.79999999999995,""mana"":0,""color"":1.0137864830327663,""synergy"":0,""curve"":0,""creature"":0.3740617180984154,""removal"":0,""duplicate"":0,""fixing"":0}","{""カード情報からの推定単体評価"":218,""現在の主色に合う"":162,""クリーチャー不足を補う"":86,""主色外のマナ供給が不足"":29,""スプラッシュ用のマナ供給あり"":11}","[""カード情報からの推定単体評価"",""現在の主色に合う"",""クリーチャー不足を補う"",""主色外のマナ供給が不足"",""スプラッシュ用のマナ供給あり""]"
"234f1c4b-dd0c-4c4e-b3c1-3b9ccfc42226","Together as One","51","10.392156862745098","16","0","0","0","0","","not-applicable-14-card-packs","","","","","","","43.4","43.4","0","0","0","0","0","-0.047058823529411764","{""base"":43.400000000000034,""mana"":0,""color"":0,""synergy"":0,""curve"":0,""creature"":0,""removal"":0,""duplicate"":-0.047058823529411764,""fixing"":0}","{""カード情報からの推定単体評価"":51}","[""カード情報からの推定単体評価""]"
"23c3de07-8aa2-48e9-848c-50b5a40bd133","Goblin Glasswright // Craft with Pride","216","4.291666666666667","78","0","0","0.7435897435897436","0","","not-applicable-14-card-packs","","","","","","","49","49","0","1.3404999312642145","0.07303779870719697","0.5720328282828282","0","0","{""base"":49,""mana"":0,""color"":1.3404999312642145,""synergy"":0.07303779870719697,""curve"":0.5720328282828282,""creature"":0.40984848484848524,""removal"":0,""duplicate"":0,""fixing"":0}","{""カード情報からの推定単体評価"":216,""現在の主色に合う"":141,""2マナのクリーチャーを補強"":106,""クリーチャー不足を補う"":81,""アーキタイプ・共通メカニズムと相性が良い"":18,""主色外のマナ供給が不足"":17}","[""カード情報からの推定単体評価"",""現在の主色に合う"",""2マナのクリーチャーを補強"",""クリーチャー不足を補う"",""アーキタイプ・共通メカニズムと相性が良い""]"
"247cc471-fed5-41e3-8b6a-a10bbc129b36","Paradox Surveyor","83","7.879518072289157","23","0","0","0.21739130434782608","0","","not-applicable-14-card-packs","","","","","","","49","49","0","-2.631920117794411","0","0.3360350492880614","0","0","{""base"":49,""mana"":-0.29435730902355944,""color"":-2.631920117794411,""synergy"":0,""curve"":0.3360350492880614,""creature"":0.16955093099671412,""removal"":0,""duplicate"":0,""fixing"":0}","{""カード情報からの推定単体評価"":83,""主色外のマナ供給が不足"":53,""現在の主色に合う"":25,""3マナのクリーチャーを補強"":23,""クリーチャー不足を補う"":15}","[""カード情報からの推定単体評価"",""主色外のマナ供給が不足"",""現在の主色に合う"",""3マナのクリーチャーを補強"",""クリーチャー不足を補う""]"
"24a29be4-5bc2-469b-b2ce-2fb305c3facb","Emeritus of Ideation // Ancestral Recall","29","2.310344827586207","16","7","0.4375","1","0","","not-applicable-14-card-packs","","","","","","","51.6","51.6","0","0.9367075407657618","0","0","0","0","{""base"":51.59999999999998,""mana"":-0.4000000000000002,""color"":0.9367075407657618,""synergy"":0,""curve"":0,""creature"":0.21253918495297808,""removal"":0,""duplicate"":0,""fixing"":0}","{""カード情報からの推定単体評価"":29,""現在の主色に合う"":13,""クリーチャー不足を補う"":5}","[""カード情報からの推定単体評価"",""現在の主色に合う"",""クリーチャー不足を補う""]"
"258f5045-3aa7-4b95-a15f-3172577294a8","Prismari, the Inspiration","16","6.1875","8","0","0","0.625","0","","not-applicable-14-card-packs","","","","","","","49.6","49.6","0","-0.38055732514376056","0","0","0","0","{""base"":49.600000000000016,""mana"":-0.3588300205939772,""color"":-0.38055732514376056,""synergy"":0,""curve"":0,""creature"":0.11249999999999999,""removal"":0,""duplicate"":0,""fixing"":0}","{""カード情報からの推定単体評価"":16,""主色外のマナ供給が不足"":4,""現在の主色に合う"":5,""クリーチャー不足を補う"":2,""スプラッシュ用のマナ供給あり"":2}","[""カード情報からの推定単体評価"",""現在の主色に合う"",""主色外のマナ供給が不足"",""クリーチャー不足を補う"",""スプラッシュ用のマナ供給あり""]"
"2620dcfe-8738-4f81-b23d-0c1c60cf9047","Splatter Technique","60","12.383333333333333","20","0","0","0","0","","not-applicable-14-card-packs","","","","","","","43.4","43.4","0","-7.027249732700423","0","0","0","0","{""base"":43.40000000000005,""mana"":-1.010555813073787,""color"":-7.027249732700423,""synergy"":0,""curve"":0,""creature"":0,""removal"":0,""duplicate"":0,""fixing"":0}","{""カード情報からの推定単体評価"":60,""現在の主色に合う"":11,""主色外のマナ供給が不足"":49}","[""カード情報からの推定単体評価"",""主色外のマナ供給が不足"",""現在の主色に合う""]"
"262c5ac9-af41-42d1-a53a-8a671eedd5a6","Duel Tactics","82","7.317073170731708","31","0","0","0.12903225806451613","0","","not-applicable-14-card-packs","","","","","","","47.4","47.4","0","1.2413304556697884","0","0","0.15764966740576494","0","{""base"":47.40000000000006,""mana"":0,""color"":1.2413304556697884,""synergy"":0,""curve"":0,""creature"":0,""removal"":0.15764966740576494,""duplicate"":0,""fixing"":0}","{""カード情報からの推定単体評価"":82,""現在の主色に合う"":61,""火力・マイナス修整"":61,""主色外のマナ供給が不足"":17}","[""カード情報からの推定単体評価"",""現在の主色に合う"",""火力・マイナス修整"",""主色外のマナ供給が不足""]"
"2796c3d9-9e56-40f2-8398-7a131c4657ff","Scathing Shadelock // Venomous Words","90","2.7333333333333334","38","16","0.42105263157894735","1","0","","not-applicable-14-card-packs","","","","","","","51","51","0","1.2828145195897047","0","0","0","0","{""base"":51,""mana"":0,""color"":1.2828145195897047,""synergy"":0,""curve"":0,""creature"":0.3878787878787878,""removal"":0,""duplicate"":0,""fixing"":0}","{""カード情報からの推定単体評価"":90,""現在の主色に合う"":49,""クリーチャー不足を補う"":28,""主色外のマナ供給が不足"":3}","[""カード情報からの推定単体評価"",""現在の主色に合う"",""クリーチャー不足を補う"",""主色外のマナ供給が不足""]"
"295f8b8d-102a-47af-93c2-f8182c5f11ca","Ascendant Dustspeaker","238","4.88655462184874","88","0","0","0.5454545454545454","0","","not-applicable-14-card-packs","","","","","","","48.6","48.6","0","1.4366018888876466","0","0","0","0","{""base"":48.60000000000021,""mana"":0,""color"":1.4366018888876466,""synergy"":0,""curve"":0,""creature"":0.4177998472116121,""removal"":0,""duplicate"":0,""fixing"":0}","{""カード情報からの推定単体評価"":238,""現在の主色に合う"":176,""クリーチャー不足を補う"":94,""主色外のマナ供給が不足"":12,""スプラッシュ用のマナ供給あり"":2}","[""カード情報からの推定単体評価"",""現在の主色に合う"",""クリーチャー不足を補う"",""主色外のマナ供給が不足"",""スプラッシュ用のマナ供給あり""]"
"2970d09b-4bef-468e-8de5-f994c820ccc0","Pestbrood Sloth","87","4.793103448275862","32","0","0","0.75","0","","not-applicable-14-card-packs","","","","","","","49","49","0","1.6633169268114487","0","0.2923197492163009","0","0","{""base"":49,""mana"":0,""color"":1.6633169268114487,""synergy"":0,""curve"":0.2923197492163009,""creature"":0.35423197492163006,""removal"":0,""duplicate"":0,""fixing"":0}","{""カード情報からの推定単体評価"":87,""主色外のマナ供給が不足"":5,""現在の主色に合う"":58,""4マナのクリーチャーを補強"":29,""クリーチャー不足を補う"":28}","[""カード情報からの推定単体評価"",""現在の主色に合う"",""4マナのクリーチャーを補強"",""クリーチャー不足を補う"",""主色外のマナ供給が不足""]"
"29c23fd7-0ac4-46af-8ecd-92b726575252","Lecturing Scornmage","90","5.288888888888889","24","0","0","0.5833333333333334","0","","not-applicable-14-card-packs","","","","","","","49","49","0","1.2927990987552052","0","0","0","0","{""base"":49,""mana"":0,""color"":1.2927990987552052,""synergy"":0,""curve"":0,""creature"":0.3775757575757576,""removal"":0,""duplicate"":0,""fixing"":0}","{""カード情報からの推定単体評価"":90,""現在の主色に合う"":65,""クリーチャー不足を補う"":31,""主色外のマナ供給が不足"":11}","[""カード情報からの推定単体評価"",""現在の主色に合う"",""クリーチャー不足を補う"",""主色外のマナ供給が不足""]"
"2ac2b815-2d72-48e6-b43a-18884a74bf95","Skycoach Waypoint","98","9.285714285714286","32","0","0","0","0","","not-applicable-14-card-packs","","","","","","","45","45","0","0","0","0","0","0","{""base"":45,""mana"":0,""color"":0,""synergy"":0,""curve"":0,""creature"":0,""removal"":0,""duplicate"":0,""fixing"":0}","{""カード情報からの推定単体評価"":98}","[""カード情報からの推定単体評価""]"
"2b7362a9-3518-4071-ab1b-40689a50e12a","Old-Growth Educator","90","7.611111111111111","31","0","0","0.5161290322580645","0","","not-applicable-14-card-packs","","","","","","","49","49","0","-2.711540937089393","0","0.3072727272727273","0","0","{""base"":49,""mana"":-0.28350722562255515,""color"":-2.711540937089393,""synergy"":0,""curve"":0.3072727272727273,""creature"":0.2024242424242424,""removal"":0,""duplicate"":0,""fixing"":0}","{""カード情報からの推定単体評価"":90,""主色外のマナ供給が不足"":36,""現在の主色に合う"":28,""4マナのクリーチャーを補強"":21,""クリーチャー不足を補う"":20,""スプラッシュ用のマナ供給あり"":10}","[""カード情報からの推定単体評価"",""主色外のマナ供給が不足"",""現在の主色に合う"",""4マナのクリーチャーを補強"",""クリーチャー不足を補う""]"
"2c654772-c786-4966-a46e-9556bbf31d7c","Ark of Hunger","44","11.590909090909092","12","0","0","0","0","","not-applicable-14-card-packs","","","","","","","43.4","43.4","0","-4.187431852067466","0","0","0","0","{""base"":43.400000000000034,""mana"":-0.19044746696510018,""color"":-4.187431852067466,""synergy"":0,""curve"":0,""creature"":0,""removal"":0,""duplicate"":0,""fixing"":0}","{""カード情報からの推定単体評価"":44,""主色外のマナ供給が不足"":17,""現在の主色に合う"":19,""スプラッシュ用のマナ供給あり"":8}","[""カード情報からの推定単体評価"",""現在の主色に合う"",""主色外のマナ供給が不足"",""スプラッシュ用のマナ供給あり""]"
"2cbccc46-bdef-4dfb-90a4-0278c5c8488a","Quandrix, the Proof","16","6.5625","1","0","0","1","0","","not-applicable-14-card-packs","","","","","","","49.6","49.6","0","0.13216782013258954","0","-0.075","0","-0.15625","{""base"":49.600000000000016,""mana"":-0.16741172186857145,""color"":0.13216782013258954,""synergy"":0,""curve"":-0.075,""creature"":0.4943181818181818,""removal"":0,""duplicate"":-0.15625,""fixing"":0}","{""カード情報からの推定単体評価"":16,""現在の主色に合う"":11,""主色外のマナ供給が不足"":3,""クリーチャー不足を補う"":7,""スプラッシュ用のマナ供給あり"":1}","[""カード情報からの推定単体評価"",""現在の主色に合う"",""クリーチャー不足を補う"",""主色外のマナ供給が不足"",""スプラッシュ用のマナ供給あり""]"
"2e467fab-e808-44d3-99bf-e3621baeb7cb","Erode","60","7.133333333333334","21","0","0","0.09523809523809523","0","","not-applicable-14-card-packs","","","","","","","46.699999999999996","46.699999999999996","0","1.5868101408595365","0","0","0.14590909090909093","0","{""base"":46.69999999999997,""mana"":0,""color"":1.5868101408595365,""synergy"":0,""curve"":0,""creature"":0,""removal"":0.14590909090909093,""duplicate"":0,""fixing"":0}","{""カード情報からの推定単体評価"":60,""現在の主色に合う"":52,""条件付き除去"":53,""主色外のマナ供給が不足"":6}","[""カード情報からの推定単体評価"",""条件付き除去"",""現在の主色に合う"",""主色外のマナ供給が不足""]"
"2e56507d-af77-47c8-a29a-410cf14cfe20","Wild Hypothesis","219","10.150684931506849","67","0","0","0","0","","not-applicable-14-card-packs","","","","","","","43","43","0","0.8820720570541329","0.13354424331164183","0","0","0","{""base"":43,""mana"":0,""color"":0.8820720570541329,""synergy"":0.13354424331164183,""curve"":0,""creature"":0,""removal"":0,""duplicate"":0,""fixing"":0}","{""カード情報からの推定単体評価"":219,""現在の主色に合う"":171,""アーキタイプ・共通メカニズムと相性が良い"":34,""主色外のマナ供給が不足"":48}","[""カード情報からの推定単体評価"",""現在の主色に合う"",""主色外のマナ供給が不足"",""アーキタイプ・共通メカニズムと相性が良い""]"
"2e80d632-cf84-4562-8c93-5850cceb5bec","Tackle Artist","231","3.264069264069264","76","8","0.10526315789473684","0.9736842105263158","0","","not-applicable-14-card-packs","","","","","","","50.2","50.2","0","1.3311946320494261","0","0.48276269185360077","0","0","{""base"":50.200000000000124,""mana"":0,""color"":1.3311946320494261,""synergy"":0,""curve"":0.48276269185360077,""creature"":0.4408500590318774,""removal"":0,""duplicate"":0,""fixing"":0}","{""カード情報からの推定単体評価"":231,""現在の主色に合う"":146,""4マナのクリーチャーを補強"":90,""クリーチャー不足を補う"":84,""主色外のマナ供給が不足"":7,""スプラッシュ用のマナ供給あり"":4}","[""カード情報からの推定単体評価"",""現在の主色に合う"",""4マナのクリーチャーを補強"",""クリーチャー不足を補う"",""主色外のマナ供給が不足""]"
"2f5f46ed-b8aa-4864-bd20-17281d4632bf","Abigale, Poet Laureate // Heroic Stanza","103","6.456310679611651","30","1","0.03333333333333333","0.8333333333333334","0","","not-applicable-14-card-packs","","","","","","","50.2","50.2","0","-0.9602807093109174","0","0.21540158870255968","0","-0.16990291262135923","{""base"":50.1999999999999,""mana"":-0.29541567846549843,""color"":-0.9602807093109174,""synergy"":0,""curve"":0.21540158870255968,""creature"":0.24624889673433362,""removal"":0,""duplicate"":-0.16990291262135923,""fixing"":0}","{""カード情報からの推定単体評価"":103,""主色外のマナ供給が不足"":31,""現在の主色に合う"":46,""3マナのクリーチャーを補強"":28,""クリーチャー不足を補う"":28}","[""カード情報からの推定単体評価"",""現在の主色に合う"",""主色外のマナ供給が不足"",""3マナのクリーチャーを補強"",""クリーチャー不足を補う""]"
"31f3d37f-e613-427f-b34c-cc87611ea078","Muse Seeker","88","2.9431818181818183","26","11","0.4230769230769231","1","0","","not-applicable-14-card-packs","","","","","","","50.7","50.7","0","1.3825791034094004","0.14019916341059757","0.5880165289256198","0","0","{""base"":50.699999999999925,""mana"":0,""color"":1.3825791034094004,""synergy"":0.14019916341059757,""curve"":0.5880165289256198,""creature"":0.45061983471074396,""removal"":0,""duplicate"":0,""fixing"":0}","{""カード情報からの推定単体評価"":88,""現在の主色に合う"":54,""アーキタイプ・共通メカニズムと相性が良い"":13,""2マナのクリーチャーを補強"":40,""クリーチャー不足を補う"":36,""主色外のマナ供給が不足"":8}","[""カード情報からの推定単体評価"",""現在の主色に合う"",""2マナのクリーチャーを補強"",""クリーチャー不足を補う"",""アーキタイプ・共通メカニズムと相性が良い""]"
"329f6434-8f1b-4a10-8feb-2a9dc5f2712b","Heated Argument","226","7.066371681415929","77","0","0","0.18181818181818182","0","","not-applicable-14-card-packs","","","","","","","47.4","47.4","0","0.9067481831013494","0","0","0.15223250201126304","0","{""base"":47.39999999999981,""mana"":0,""color"":0.9067481831013494,""synergy"":0,""curve"":0,""creature"":0,""removal"":0.15223250201126304,""duplicate"":0,""fixing"":0}","{""カード情報からの推定単体評価"":226,""現在の主色に合う"":153,""火力・マイナス修整"":156,""主色外のマナ供給が不足"":52,""スプラッシュ用のマナ供給あり"":7}","[""カード情報からの推定単体評価"",""火力・マイナス修整"",""現在の主色に合う"",""主色外のマナ供給が不足"",""スプラッシュ用のマナ供給あり""]"
"33a4e73d-d93a-4b6f-88ff-cd53f20d178c","Spectacle Summit","215","8.395348837209303","72","0","0","0","0","","not-applicable-14-card-packs","","","","","","","45","45","0","0","0.2343439157643334","0","0","0","{""base"":45,""mana"":0,""color"":0,""synergy"":0.2343439157643334,""curve"":0,""creature"":0,""removal"":0,""duplicate"":0,""fixing"":0.9751462724695928}","{""カード情報からの推定単体評価"":215,""主色のマナ基盤を補強"":41,""アーキタイプ・共通メカニズムと相性が良い"":55}","[""カード情報からの推定単体評価"",""アーキタイプ・共通メカニズムと相性が良い"",""主色のマナ基盤を補強""]"
"349ea6c7-6b3e-417f-b082-b712e2b1635b","Forum of Amity","234","8.179487179487179","78","0","0","0","0","","not-applicable-14-card-packs","","","","","","","45","45","0","0","0.1956827008999905","0","0","0","{""base"":45,""mana"":0,""color"":0,""synergy"":0.1956827008999905,""curve"":0,""creature"":0,""removal"":0,""duplicate"":0,""fixing"":1.8587039338584455}","{""カード情報からの推定単体評価"":234,""アーキタイプ・共通メカニズムと相性が良い"":49,""主色のマナ基盤を補強"":83}","[""カード情報からの推定単体評価"",""主色のマナ基盤を補強"",""アーキタイプ・共通メカニズムと相性が良い""]"
"34c572b2-dccf-43d9-a9c4-846653ad22da","Spirit Mascot","227","7.026431718061674","78","0","0","0.47435897435897434","0","","not-applicable-14-card-packs","","","","","","","49","49","0","-0.91327009489327","0","0.30208249899879847","0","0","{""base"":49,""mana"":-0.29176292585650987,""color"":-0.91327009489327,""synergy"":0,""curve"":0.30208249899879847,""creature"":0.30925110132158623,""removal"":0,""duplicate"":0,""fixing"":0}","{""カード情報からの推定単体評価"":227,""現在の主色に合う"":104,""2マナのクリーチャーを補強"":60,""クリーチャー不足を補う"":70,""主色外のマナ供給が不足"":86}","[""カード情報からの推定単体評価"",""現在の主色に合う"",""主色外のマナ供給が不足"",""クリーチャー不足を補う"",""2マナのクリーチャーを補強""]"
"35e2f82e-7ca3-4a92-9134-b7999eef5337","Mana Sculpt","56","8.214285714285714","16","0","0","0","0","","not-applicable-14-card-packs","","","","","","","45.82","45.82","0","0.6899501755513774","0","0","0.2998782467532468","0","{""base"":45.820000000000014,""mana"":0,""color"":0.6899501755513774,""synergy"":0,""curve"":0,""creature"":0,""removal"":0.2998782467532468,""duplicate"":0,""fixing"":0}","{""カード情報からの推定単体評価"":56,""主色外のマナ供給が不足"":14,""現在の主色に合う"":42,""バウンス・打ち消し"":42}","[""カード情報からの推定単体評価"",""現在の主色に合う"",""バウンス・打ち消し"",""主色外のマナ供給が不足""]"
"37731c49-1238-4e0e-8993-204e36c1f4ee","Melancholic Poet","259","4.474903474903475","83","1","0.012048192771084338","0.7710843373493976","0","","not-applicable-14-card-packs","","","","","","","49","49","0","1.5510068858329824","0","0.7003861003861007","0","0","{""base"":49,""mana"":0,""color"":1.5510068858329824,""synergy"":0,""curve"":0.7003861003861007,""creature"":0.45321165321165335,""removal"":0,""duplicate"":0,""fixing"":0}","{""カード情報からの推定単体評価"":259,""現在の主色に合う"":179,""2マナのクリーチャーを補強"":145,""クリーチャー不足を補う"":111,""主色外のマナ供給が不足"":16}","[""カード情報からの推定単体評価"",""現在の主色に合う"",""2マナのクリーチャーを補強"",""クリーチャー不足を補う"",""主色外のマナ供給が不足""]"
"3a97bc8d-bd81-468e-9277-eba4fac11ee0","Vastlands Scavenger // Bind to Life","53","1.849056603773585","15","11","0.7333333333333333","1","0","","not-applicable-14-card-packs","","","","","","","53","53","0","1.1114492576261596","0","0.43447684391080627","0","0","{""base"":53,""mana"":-0.3999999999999998,""color"":1.1114492576261596,""synergy"":0,""curve"":0.43447684391080627,""creature"":0.4425385934819897,""removal"":0,""duplicate"":0,""fixing"":0}","{""カード情報からの推定単体評価"":53,""現在の主色に合う"":34,""クリーチャー不足を補う"":18,""3マナのクリーチャーを補強"":17,""主色外のマナ供給が不足"":4}","[""カード情報からの推定単体評価"",""現在の主色に合う"",""クリーチャー不足を補う"",""3マナのクリーチャーを補強"",""主色外のマナ供給が不足""]"
"3b6fb13b-f126-4697-90a1-64b14ffcecd6","Snarl Song","98","10.96938775510204","27","0","0","0","0","","not-applicable-14-card-packs","","","","","","","43","43","0","0.21585768118629928","0","0","0","-0.11020408163265305","{""base"":43,""mana"":0,""color"":0.21585768118629928,""synergy"":0,""curve"":0,""creature"":0,""removal"":0,""duplicate"":-0.11020408163265305,""fixing"":0}","{""カード情報からの推定単体評価"":98,""現在の主色に合う"":68,""主色外のマナ供給が不足"":22,""スプラッシュ用のマナ供給あり"":8}","[""カード情報からの推定単体評価"",""現在の主色に合う"",""主色外のマナ供給が不足"",""スプラッシュ用のマナ供給あり""]"
"3b8240ad-71d3-4117-8531-6c8e79bffdb9","Scolding Administrator","104","4.788461538461538","35","10","0.2857142857142857","1","0","","not-applicable-14-card-packs","","","","","","","51","51","0","-0.2619265655739265","0","0.41761363636363635","0","0","{""base"":51,""mana"":-0.33683144198672593,""color"":-0.2619265655739265,""synergy"":0,""curve"":0.41761363636363635,""creature"":0.27534965034965037,""removal"":0,""duplicate"":0,""fixing"":0}","{""カード情報からの推定単体評価"":104,""主色外のマナ供給が不足"":20,""現在の主色に合う"":48,""2マナのクリーチャーを補強"":35,""クリーチャー不足を補う"":24}","[""カード情報からの推定単体評価"",""現在の主色に合う"",""2マナのクリーチャーを補強"",""クリーチャー不足を補う"",""主色外のマナ供給が不足""]"
"3bbad38b-7d88-4ff2-9fd3-5081536e7c56","Page, Loose Leaf","201","5.706467661691542","75","0","0","0.10666666666666667","0","","not-applicable-14-card-packs","","","","","","","47.4","47.4","0","0","0.09063803420751079","0.6690185436454091","0","-0.12437810945273632","{""base"":47.39999999999983,""mana"":0,""color"":0,""synergy"":0.09063803420751079,""curve"":0.6690185436454091,""creature"":0.4914518317503395,""removal"":0,""duplicate"":-0.12437810945273632,""fixing"":0}","{""カード情報からの推定単体評価"":201,""アーキタイプ・共通メカニズムと相性が良い"":22,""2マナのクリーチャーを補強"":108,""クリーチャー不足を補う"":101}","[""カード情報からの推定単体評価"",""2マナのクリーチャーを補強"",""クリーチャー不足を補う"",""アーキタイプ・共通メカニズムと相性が良い""]"
"3bcf54f8-fcd7-4ec0-b011-92b367411cdb","Stirring Honormancer","71","8.394366197183098","20","0","0","0.1","0","","not-applicable-14-card-packs","","","","","","","48.2","48.2","0","-2.0466371925012927","0","0","0","0","{""base"":48.199999999999946,""mana"":-0.2334867662271832,""color"":-2.0466371925012927,""synergy"":0,""curve"":0,""creature"":0.22586427656850191,""removal"":0,""duplicate"":0,""fixing"":0}","{""カード情報からの推定単体評価"":71,""主色外のマナ供給が不足"":32,""現在の主色に合う"":31,""クリーチャー不足を補う"":17,""スプラッシュ用のマナ供給あり"":6}","[""カード情報からの推定単体評価"",""主色外のマナ供給が不足"",""現在の主色に合う"",""クリーチャー不足を補う"",""スプラッシュ用のマナ供給あり""]"
"3bed0b60-5944-44bb-9ddd-c82f323e6d20","Wilt in the Heat","226","9.199115044247788","66","0","0","0.09090909090909091","0","","not-applicable-14-card-packs","","","","","","","47.4","47.4","0","-1.6156613058411184","0","0","0.051498390989541426","0","{""base"":47.39999999999981,""mana"":-0.2618437076392538,""color"":-1.6156613058411184,""synergy"":0,""curve"":0,""creature"":0,""removal"":0.051498390989541426,""duplicate"":0,""fixing"":0}","{""カード情報からの推定単体評価"":226,""主色外のマナ供給が不足"":91,""現在の主色に合う"":98,""火力・マイナス修整"":98,""スプラッシュ用のマナ供給あり"":31}","[""カード情報からの推定単体評価"",""現在の主色に合う"",""火力・マイナス修整"",""主色外のマナ供給が不足"",""スプラッシュ用のマナ供給あり""]"
"3debd5c7-da3c-4130-8ed9-e156e10034b6","Arnyn, Deathbloom Botanist","102","4.578431372549019","34","2","0.058823529411764705","0.7352941176470589","0","","not-applicable-14-card-packs","","","","","","","49.4","49.4","0","1.3286669216243603","0","0.3891711229946524","0","-0.07352941176470588","{""base"":49.399999999999984,""mana"":0,""color"":1.3286669216243603,""synergy"":0,""curve"":0.3891711229946524,""creature"":0.40374331550802156,""removal"":0,""duplicate"":-0.07352941176470588,""fixing"":0}","{""カード情報からの推定単体評価"":102,""現在の主色に合う"":67,""3マナのクリーチャーを補強"":43,""クリーチャー不足を補う"":43,""主色外のマナ供給が不足"":10}","[""カード情報からの推定単体評価"",""現在の主色に合う"",""3マナのクリーチャーを補強"",""クリーチャー不足を補う"",""主色外のマナ供給が不足""]"
"3f27988b-0863-4cc1-8eb9-83bd0cd8561c","Mage Tower Referee","225","5.022222222222222","85","0","0","0.3176470588235294","0","","not-applicable-14-card-packs","","","","","","","48.2","48.2","0","0","0","0.6002020202020196","0","0","{""base"":48.20000000000008,""mana"":0,""color"":0,""synergy"":0,""curve"":0.6002020202020196,""creature"":0.4603636363636368,""removal"":0,""duplicate"":0,""fixing"":0}","{""カード情報からの推定単体評価"":225,""2マナのクリーチャーを補強"":109,""クリーチャー不足を補う"":99}","[""カード情報からの推定単体評価"",""2マナのクリーチャーを補強"",""クリーチャー不足を補う""]"
"3f8a8650-0e38-4926-8f48-526351e6a863","Zaffai and the Tempests","45","11","13","0","0","0.07692307692307693","0","","not-applicable-14-card-packs","","","","","","","45.8","45.8","0","-4.059756682041177","0","-0.044848484848484846","0","-0.1111111111111111","{""base"":45.79999999999997,""mana"":-0.21184134579866531,""color"":-4.059756682041177,""synergy"":0,""curve"":-0.044848484848484846,""creature"":0.14666666666666667,""removal"":0,""duplicate"":-0.1111111111111111,""fixing"":0}","{""カード情報からの推定単体評価"":45,""現在の主色に合う"":12,""スプラッシュ用のマナ供給あり"":11,""主色外のマナ供給が不足"":21,""クリーチャー不足を補う"":7}","[""カード情報からの推定単体評価"",""主色外のマナ供給が不足"",""現在の主色に合う"",""スプラッシュ用のマナ供給あり"",""クリーチャー不足を補う""]"
"40e0665d-57b8-4c19-9fb8-b3155d7bbb94","Graduation Day","87","9.505747126436782","26","0","0","0","0","","not-applicable-14-card-packs","","","","","","","43","43","0","1.7053467596247693","0","0","0","0","{""base"":43,""mana"":0,""color"":1.7053467596247693,""synergy"":0,""curve"":0,""creature"":0,""removal"":0,""duplicate"":0,""fixing"":0}","{""カード情報からの推定単体評価"":87,""現在の主色に合う"":78,""主色外のマナ供給が不足"":9}","[""カード情報からの推定単体評価"",""現在の主色に合う"",""主色外のマナ供給が不足""]"
"416c70ab-f136-43e0-b5d5-9af8d4211c01","Deluge Virtuoso","202","5.173267326732673","70","0","0","0.4857142857142857","0","","not-applicable-14-card-packs","","","","","","","48.5","48.5","0","1.1117685360586422","0","0.45663816381638145","0.33679117911791173","0","{""base"":48.5,""mana"":0,""color"":1.1117685360586422,""synergy"":0,""curve"":0.45663816381638145,""creature"":0.40342034203420374,""removal"":0.33679117911791173,""duplicate"":0,""fixing"":0}","{""カード情報からの推定単体評価"":202,""現在の主色に合う"":133,""3マナのクリーチャーを補強"":84,""クリーチャー不足を補う"":75,""タップ"":147,""主色外のマナ供給が不足"":35}","[""カード情報からの推定単体評価"",""タップ"",""現在の主色に合う"",""3マナのクリーチャーを補強"",""クリーチャー不足を補う""]"
"4384996f-aeaa-41ac-aa0e-12d72c887731","Pursue the Past","225","10.604444444444445","82","0","0","0","0","","not-applicable-14-card-packs","","","","","","","45.5","45.5","0","-1.6653771540191615","0.13227093772480453","0","0","0","{""base"":45.5,""mana"":-0.25591236504166653,""color"":-1.6653771540191615,""synergy"":0.13227093772480453,""curve"":0,""creature"":0,""removal"":0,""duplicate"":0,""fixing"":0}","{""カード情報からの推定単体評価"":225,""主色外のマナ供給が不足"":117,""現在の主色に合う"":107,""アーキタイプ・共通メカニズムと相性が良い"":34}","[""カード情報からの推定単体評価"",""主色外のマナ供給が不足"",""現在の主色に合う"",""アーキタイプ・共通メカニズムと相性が良い""]"
"43b5794a-4ed6-471d-bc45-22fac486895d","Thunderdrum Soloist","93","4.612903225806452","28","1","0.03571428571428571","0.5714285714285714","0","","not-applicable-14-card-packs","","","","","","","49","49","0","0.8926606203903167","0","0.42473118279569894","0","0","{""base"":49,""mana"":0,""color"":0.8926606203903167,""synergy"":0,""curve"":0.42473118279569894,""creature"":0.38123167155425225,""removal"":0,""duplicate"":0,""fixing"":0}","{""カード情報からの推定単体評価"":93,""現在の主色に合う"":65,""クリーチャー不足を補う"":31,""2マナのクリーチャーを補強"":37,""主色外のマナ供給が不足"":12}","[""カード情報からの推定単体評価"",""現在の主色に合う"",""2マナのクリーチャーを補強"",""クリーチャー不足を補う"",""主色外のマナ供給が不足""]"
"44443716-8356-40cd-a879-35264b29108c","Scheming Silvertongue // Sign in Blood","52","2.326923076923077","21","7","0.3333333333333333","1","0","","not-applicable-14-card-packs","","","","","","","51.4","51.4","0","0.9154772271240131","0","0.5412587412587414","0","0","{""base"":51.40000000000005,""mana"":-0.3999999999999998,""color"":0.9154772271240131,""synergy"":0,""curve"":0.5412587412587414,""creature"":0.3377622377622377,""removal"":0,""duplicate"":0,""fixing"":0}","{""カード情報からの推定単体評価"":52,""現在の主色に合う"":28,""2マナのクリーチャーを補強"":21,""クリーチャー不足を補う"":12,""主色外のマナ供給が不足"":3}","[""カード情報からの推定単体評価"",""現在の主色に合う"",""2マナのクリーチャーを補強"",""クリーチャー不足を補う"",""主色外のマナ供給が不足""]"
"4469ff35-54ec-4ff5-bc19-3808ae0f711b","Wildgrowth Archaic","47","6.25531914893617","17","0","0","0.058823529411764705","0","","not-applicable-14-card-packs","","","","","","","47.4","47.4","0","1.2233315122412753","0","0.3978723404255319","0","0","{""base"":47.40000000000004,""mana"":0,""color"":1.2233315122412753,""synergy"":0,""curve"":0.3978723404255319,""creature"":0.4108317214700193,""removal"":0,""duplicate"":0,""fixing"":0}","{""カード情報からの推定単体評価"":47,""主色外のマナ供給が不足"":10,""現在の主色に合う"":36,""4マナのクリーチャーを補強"":17,""クリーチャー不足を補う"":17}","[""カード情報からの推定単体評価"",""現在の主色に合う"",""4マナのクリーチャーを補強"",""クリーチャー不足を補う"",""主色外のマナ供給が不足""]"
"46665089-aa3d-44c3-964d-6638dfbb5782","Essence Scatter","221","8.561085972850679","75","0","0","0.013333333333333334","0","","not-applicable-14-card-packs","","","","","","","45.42","45.42","0","0.3353459523955758","0","0","0.2636877828054299","0","{""base"":45.42000000000006,""mana"":0,""color"":0.3353459523955758,""synergy"":0,""curve"":0,""creature"":0,""removal"":0.2636877828054299,""duplicate"":0,""fixing"":0}","{""カード情報からの推定単体評価"":221,""現在の主色に合う"":151,""バウンス・打ち消し"":152,""主色外のマナ供給が不足"":69}","[""カード情報からの推定単体評価"",""バウンス・打ち消し"",""現在の主色に合う"",""主色外のマナ供給が不足""]"
"4722105b-0085-4bb8-bca1-9de0d3eb5600","Stormcarved Coast","47","7.595744680851064","20","0","0","0.05","0","","not-applicable-14-card-packs","","","","","","","45.4","45.4","0","0","0","0","0","0","{""base"":45.400000000000034,""mana"":0,""color"":0,""synergy"":0,""curve"":0,""creature"":0,""removal"":0,""duplicate"":0,""fixing"":0.9150365552720237}","{""カード情報からの推定単体評価"":47,""主色のマナ基盤を補強"":9}","[""カード情報からの推定単体評価"",""主色のマナ基盤を補強""]"
"47bbadcf-11c6-4a4d-9575-1eb8284a174c","Interjection","203","9.241379310344827","67","0","0","0","0","","not-applicable-14-card-packs","","","","","","","44","44","0","1.6164534618362354","0","0","0","0","{""base"":44,""mana"":0,""color"":1.6164534618362354,""synergy"":0,""curve"":0,""creature"":0,""removal"":0,""duplicate"":0,""fixing"":0}","{""カード情報からの推定単体評価"":203,""現在の主色に合う"":186,""主色外のマナ供給が不足"":17}","[""カード情報からの推定単体評価"",""現在の主色に合う"",""主色外のマナ供給が不足""]"
"47ee6837-2e2f-4344-ab9f-6b8887874f77","Colorstorm Stallion","46","8","11","0","0","0.8181818181818182","0","","not-applicable-14-card-packs","","","","","","","49.4","49.4","0","-2.6768444260499744","0","0.08379446640316206","0","0","{""base"":49.40000000000004,""mana"":-0.2679919084105163,""color"":-2.6768444260499744,""synergy"":0,""curve"":0.08379446640316206,""creature"":0.15533596837944663,""removal"":0,""duplicate"":0,""fixing"":0}","{""カード情報からの推定単体評価"":46,""現在の主色に合う"":14,""主色外のマナ供給が不足"":23,""3マナのクリーチャーを補強"":6,""クリーチャー不足を補う"":7}","[""カード情報からの推定単体評価"",""主色外のマナ供給が不足"",""現在の主色に合う"",""クリーチャー不足を補う"",""3マナのクリーチャーを補強""]"
"485233bf-dc4b-4f31-8dfb-5054aee70c08","Molten-Core Maestro","49","2.5714285714285716","12","10","0.8333333333333334","1","0","","not-applicable-14-card-packs","","","","","","","51.4","51.4","0","1.1650165344353263","0","0.5632653061224492","0","0","{""base"":51.40000000000004,""mana"":0,""color"":1.1650165344353263,""synergy"":0,""curve"":0.5632653061224492,""creature"":0.4797773654916511,""removal"":0,""duplicate"":0,""fixing"":0}","{""カード情報からの推定単体評価"":49,""現在の主色に合う"":31,""2マナのクリーチャーを補強"":21,""クリーチャー不足を補う"":18,""主色外のマナ供給が不足"":6}","[""カード情報からの推定単体評価"",""現在の主色に合う"",""2マナのクリーチャーを補強"",""クリーチャー不足を補う"",""主色外のマナ供給が不足""]"
"4993651f-f161-4007-b485-a0c66a02f91b","Inkshape Demonstrator","95","3.042105263157895","34","3","0.08823529411764706","0.9705882352941176","0","","not-applicable-14-card-packs","","","","","","","50.2","50.2","0","1.2086543617146146","0","0.4161244019138757","0","0","{""base"":50.19999999999991,""mana"":0,""color"":1.2086543617146146,""synergy"":0,""curve"":0.4161244019138757,""creature"":0.42717703349282315,""removal"":0,""duplicate"":0,""fixing"":0}","{""カード情報からの推定単体評価"":95,""現在の主色に合う"":58,""4マナのクリーチャーを補強"":40,""クリーチャー不足を補う"":33,""主色外のマナ供給が不足"":3,""スプラッシュ用のマナ供給あり"":1}","[""カード情報からの推定単体評価"",""現在の主色に合う"",""4マナのクリーチャーを補強"",""クリーチャー不足を補う"",""主色外のマナ供給が不足""]"
"4b0e5626-0282-42e5-abef-a079b26a8e5f","Poisoner's Apprentice","90","2.2333333333333334","23","15","0.6521739130434783","1","0","","not-applicable-14-card-packs","","","","","","","51.8","51.8","0","1.2262859175311844","0","0.36656565656565665","0.2206818181818181","0","{""base"":51.80000000000008,""mana"":0,""color"":1.2262859175311844,""synergy"":0,""curve"":0.36656565656565665,""creature"":0.52969696969697,""removal"":0.2206818181818181,""duplicate"":0,""fixing"":0}","{""カード情報からの推定単体評価"":90,""現在の主色に合う"":58,""クリーチャー不足を補う"":38,""火力・マイナス修整"":58,""3マナのクリーチャーを補強"":27,""主色外のマナ供給が不足"":9}","[""カード情報からの推定単体評価"",""現在の主色に合う"",""火力・マイナス修整"",""クリーチャー不足を補う"",""3マナのクリーチャーを補強""]"
"4b8736e2-fc41-4a25-bb6c-7351afc40981","Pensive Professor","46","5.260869565217392","18","0","0","0.6111111111111112","0","","not-applicable-14-card-packs","","","","","","","48.699999999999996","48.699999999999996","0","0.3794476767335938","0","0.3032608695652174","0","0","{""base"":48.70000000000002,""mana"":0,""color"":0.3794476767335938,""synergy"":0,""curve"":0.3032608695652174,""creature"":0.4197628458498023,""removal"":0,""duplicate"":0,""fixing"":0}","{""カード情報からの推定単体評価"":46,""現在の主色に合う"":28,""3マナのクリーチャーを補強"":14,""クリーチャー不足を補う"":16,""主色外のマナ供給が不足"":7}","[""カード情報からの推定単体評価"",""現在の主色に合う"",""クリーチャー不足を補う"",""3マナのクリーチャーを補強"",""主色外のマナ供給が不足""]"
"4cbbdebc-b807-4d7b-92dd-312637d2a5de","Infirmary Healer // Stream of Life","91","3.2967032967032965","25","2","0.08","0.96","0","","not-applicable-14-card-packs","","","","","","","49.8","49.8","0","1.6722408270893085","0","0.6548451548451547","0","0","{""base"":49.80000000000008,""mana"":0,""color"":1.6722408270893085,""synergy"":0,""curve"":0.6548451548451547,""creature"":0.471728271728272,""removal"":0,""duplicate"":0,""fixing"":0}","{""カード情報からの推定単体評価"":91,""現在の主色に合う"":63,""2マナのクリーチャーを補強"":50,""クリーチャー不足を補う"":34,""主色外のマナ供給が不足"":4}","[""カード情報からの推定単体評価"",""現在の主色に合う"",""2マナのクリーチャーを補強"",""クリーチャー不足を補う"",""主色外のマナ供給が不足""]"
"4db02b34-efec-437c-ab28-aa318b8879ad","Rabid Attack","77","8.324675324675324","27","0","0","0","0","","not-applicable-14-card-packs","","","","","","","45.5","45.5","0","0.7944834602806373","0","0","0","0","{""base"":45.5,""mana"":0,""color"":0.7944834602806373,""synergy"":0,""curve"":0,""creature"":0,""removal"":0,""duplicate"":0,""fixing"":0}","{""カード情報からの推定単体評価"":77,""主色外のマナ供給が不足"":18,""現在の主色に合う"":59}","[""カード情報からの推定単体評価"",""現在の主色に合う"",""主色外のマナ供給が不足""]"
"50c97054-77c9-4446-9a41-e4f8877b887d","Forum Necroscribe","84","9.19047619047619","29","0","0","0","0","","not-applicable-14-card-packs","","","","","","","44.6","44.6","0","0.9740388053635365","0.07838537880833132","0","0","-0.04285714285714285","{""base"":44.599999999999945,""mana"":0,""color"":0.9740388053635365,""synergy"":0.07838537880833132,""curve"":0,""creature"":0,""removal"":0,""duplicate"":-0.04285714285714285,""fixing"":0}","{""カード情報からの推定単体評価"":84,""現在の主色に合う"":67,""主色外のマナ供給が不足"":14,""アーキタイプ・共通メカニズムと相性が良い"":7,""スプラッシュ用のマナ供給あり"":3}","[""カード情報からの推定単体評価"",""現在の主色に合う"",""主色外のマナ供給が不足"",""アーキタイプ・共通メカニズムと相性が良い"",""スプラッシュ用のマナ供給あり""]"
"51af3da5-0970-436e-baa6-3171889a40e0","Primary Research","97","8.082474226804123","31","0","0","0","0","","not-applicable-14-card-packs","","","","","","","45.5","45.5","0","1.5254549331690825","0","0","0","0","{""base"":45.5,""mana"":0,""color"":1.5254549331690825,""synergy"":0,""curve"":0,""creature"":0,""removal"":0,""duplicate"":0,""fixing"":0}","{""カード情報からの推定単体評価"":97,""現在の主色に合う"":86,""主色外のマナ供給が不足"":8,""スプラッシュ用のマナ供給あり"":2}","[""カード情報からの推定単体評価"",""現在の主色に合う"",""主色外のマナ供給が不足"",""スプラッシュ用のマナ供給あり""]"
"52124954-b0b6-492c-8d03-fe54c220facc","Stress Dream","89","12.280898876404494","38","0","0","0","0","","not-applicable-14-card-packs","","","","","","","43","43","0","-4.742326045850033","0","0","0","0","{""base"":43,""mana"":-0.2596623537262798,""color"":-4.742326045850033,""synergy"":0,""curve"":0,""creature"":0,""removal"":0,""duplicate"":0,""fixing"":0}","{""カード情報からの推定単体評価"":89,""主色外のマナ供給が不足"":49,""現在の主色に合う"":21,""スプラッシュ用のマナ供給あり"":19}","[""カード情報からの推定単体評価"",""主色外のマナ供給が不足"",""現在の主色に合う"",""スプラッシュ用のマナ供給あり""]"
"55d1a788-fe9a-4e19-a524-6709f728ea28","Archaic's Agony","63","10.492063492063492","17","0","0","0","0","","not-applicable-14-card-packs","","","","","","","43","43","0","0.7143126539193178","0","0","0","0","{""base"":43,""mana"":0,""color"":0.7143126539193178,""synergy"":0,""curve"":0,""creature"":0,""removal"":0,""duplicate"":0,""fixing"":0}","{""カード情報からの推定単体評価"":63,""主色外のマナ供給が不足"":9,""現在の主色に合う"":48,""スプラッシュ用のマナ供給あり"":6}","[""カード情報からの推定単体評価"",""現在の主色に合う"",""主色外のマナ供給が不足"",""スプラッシュ用のマナ供給あり""]"
"56719f6a-1a6c-4c0a-8d21-18f7d7350b68","Swamp","473","14","154","0","0","0","1","","not-applicable-14-card-packs","","","","","","","12","12","0","0","0","0","0","0","{""base"":12,""mana"":0,""color"":0,""synergy"":0,""curve"":0,""creature"":0,""removal"":0,""duplicate"":0,""fixing"":0}","{""カード情報からの推定単体評価"":473}","[""カード情報からの推定単体評価""]"
"57f58d52-0014-4cac-94fc-668063cc147a","Shattered Acolyte","216","1.2453703703703705","74","74","1","1","0","","not-applicable-14-card-packs","","","","","","","57.6","57.6","0","0.5526157773807979","0.037841829329085225","0.47415824915824906","0.13948863636363637","0","{""base"":57.60000000000022,""mana"":0,""color"":0.5526157773807979,""synergy"":0.037841829329085225,""curve"":0.47415824915824906,""creature"":0.39141414141414177,""removal"":0.13948863636363637,""duplicate"":0,""fixing"":0}","{""カード情報からの推定単体評価"":216,""現在の主色に合う"":106,""2マナのクリーチャーを補強"":52,""クリーチャー不足を補う"":65,""確定除去"":106,""主色外のマナ供給が不足"":36,""アーキタイプ・共通メカニズムと相性が良い"":10}","[""カード情報からの推定単体評価"",""現在の主色に合う"",""確定除去"",""クリーチャー不足を補う"",""2マナのクリーチャーを補強""]"
"58b0c737-0a84-4f9a-b3b7-300c5de43874","Studious First-Year // Rampant Growth","200","5.07","68","1","0.014705882352941176","0.75","0","","not-applicable-14-card-packs","","","","","","","49","49","0","1.3086293890087035","0","0","0","0","{""base"":49,""mana"":0,""color"":1.3086293890087035,""synergy"":0,""curve"":0,""creature"":0.37309090909090936,""removal"":0,""duplicate"":0,""fixing"":0}","{""カード情報からの推定単体評価"":200,""現在の主色に合う"":129,""クリーチャー不足を補う"":73,""主色外のマナ供給が不足"":20}","[""カード情報からの推定単体評価"",""現在の主色に合う"",""クリーチャー不足を補う"",""主色外のマナ供給が不足""]"
"58f83528-9110-4895-b5ea-51b90af30a8d","Seize the Spoils","208","8.60576923076923","65","0","0","0.03076923076923077","0","","not-applicable-14-card-packs","","","","","","","45.5","45.5","0","0.8915109770821222","0.3434220303460751","0","0","0","{""base"":45.5,""mana"":0,""color"":0.8915109770821222,""synergy"":0.3434220303460751,""curve"":0,""creature"":0,""removal"":0,""duplicate"":0,""fixing"":0}","{""カード情報からの推定単体評価"":208,""現在の主色に合う"":164,""アーキタイプ・共通メカニズムと相性が良い"":69,""主色外のマナ供給が不足"":42}","[""カード情報からの推定単体評価"",""現在の主色に合う"",""アーキタイプ・共通メカニズムと相性が良い"",""主色外のマナ供給が不足""]"
"595f0eb5-f521-4174-9c48-b89e85ea907c","Titan's Grave","188","8.441489361702128","62","0","0","0","0","","not-applicable-14-card-packs","","","","","","","45","45","0","0","0.20742316483133594","0","0","0","{""base"":45,""mana"":0,""color"":0,""synergy"":0.20742316483133594,""curve"":0,""creature"":0,""removal"":0,""duplicate"":0,""fixing"":1.0330863405725892}","{""カード情報からの推定単体評価"":188,""アーキタイプ・共通メカニズムと相性が良い"":45,""主色のマナ基盤を補強"":41}","[""カード情報からの推定単体評価"",""アーキタイプ・共通メカニズムと相性が良い"",""主色のマナ基盤を補強""]"
"5963eef1-1022-42b1-8a0c-fc9850bfc2a3","Emeritus of Conflict // Lightning Bolt","18","1.7777777777777777","7","5","0.7142857142857143","1","0","","not-applicable-14-card-packs","","","","","","","54","54","0","-0.04298045782444759","0","0.0957070707070707","0.15454545454545457","0","{""base"":54,""mana"":0,""color"":-0.04298045782444759,""synergy"":0,""curve"":0.0957070707070707,""creature"":0.09999999999999999,""removal"":0.15454545454545457,""duplicate"":0,""fixing"":0}","{""カード情報からの推定単体評価"":18,""現在の主色に合う"":5,""火力・マイナス修整"":5,""2マナのクリーチャーを補強"":2,""主色外のマナ供給が不足"":6,""クリーチャー不足を補う"":1}","[""カード情報からの推定単体評価"",""主色外のマナ供給が不足"",""現在の主色に合う"",""火力・マイナス修整"",""2マナのクリーチャーを補強""]"
"5ad0b405-cca4-475e-985c-4d7e3599d87e","Sundown Pass","54","7.2407407407407405","16","0","0","0","0","","not-applicable-14-card-packs","","","","","","","45.4","45.4","0","0","0","0","0","0","{""base"":45.40000000000004,""mana"":0,""color"":0,""synergy"":0,""curve"":0,""creature"":0,""removal"":0,""duplicate"":0,""fixing"":1.8681106054911227}","{""カード情報からの推定単体評価"":54,""主色のマナ基盤を補強"":19}","[""カード情報からの推定単体評価"",""主色のマナ基盤を補強""]"
"5ba7abbc-f6e8-40c2-800b-11efd10cca5b","Landscape Painter // Vibrant Idea","214","2.9299065420560746","79","31","0.3924050632911392","1","0","","not-applicable-14-card-packs","","","","","","","50.7","50.7","0","1.0898266429626484","0","0.5538232795242141","0","0","{""base"":50.70000000000008,""mana"":0,""color"":1.0898266429626484,""synergy"":0,""curve"":0.5538232795242141,""creature"":0.3887000849617675,""removal"":0,""duplicate"":0,""fixing"":0}","{""カード情報からの推定単体評価"":214,""主色外のマナ供給が不足"":16,""現在の主色に合う"":119,""2マナのクリーチャーを補強"":92,""クリーチャー不足を補う"":74}","[""カード情報からの推定単体評価"",""現在の主色に合う"",""2マナのクリーチャーを補強"",""クリーチャー不足を補う"",""主色外のマナ供給が不足""]"
"5bb38d08-582e-43aa-9507-7c20759978ec","Follow the Lumarets","192","10.265625","69","0","0","0","0","","not-applicable-14-card-packs","","","","","","","43","43","0","0.9456281700804684","0","0","0","0","{""base"":43,""mana"":0,""color"":0.9456281700804684,""synergy"":0,""curve"":0,""creature"":0,""removal"":0,""duplicate"":0,""fixing"":0}","{""カード情報からの推定単体評価"":192,""現在の主色に合う"":149,""主色外のマナ供給が不足"":43}","[""カード情報からの推定単体評価"",""現在の主色に合う"",""主色外のマナ供給が不足""]"
"5d32dbf3-c157-4543-8813-da88f463de0e","Mind Roots","94","12.170212765957446","35","0","0","0","0","","not-applicable-14-card-packs","","","","","","","43","43","0","-5.533251299473397","0.01950175875085793","0","0","0","{""base"":43,""mana"":-0.22810711402516415,""color"":-5.533251299473397,""synergy"":0.01950175875085793,""curve"":0,""creature"":0,""removal"":0,""duplicate"":0,""fixing"":0}","{""カード情報からの推定単体評価"":94,""主色外のマナ供給が不足"":74,""現在の主色に合う"":20,""アーキタイプ・共通メカニズムと相性が良い"":2}","[""カード情報からの推定単体評価"",""主色外のマナ供給が不足"",""現在の主色に合う"",""アーキタイプ・共通メカニズムと相性が良い""]"
"5d46e85f-4a04-48b1-afe9-3a47678041d4","Startled Relic Sloth","88","4.306818181818182","40","5","0.125","1","0","","not-applicable-14-card-packs","","","","","","","51","51","0","-0.17068679215402838","0","0.2506714876033059","0","0","{""base"":51,""mana"":-0.38590149311995536,""color"":-0.17068679215402838,""synergy"":0,""curve"":0.2506714876033059,""creature"":0.25723140495867763,""removal"":0,""duplicate"":0,""fixing"":0}","{""カード情報からの推定単体評価"":88,""現在の主色に合う"":34,""4マナのクリーチャーを補強"":18,""クリーチャー不足を補う"":19,""主色外のマナ供給が不足"":12,""スプラッシュ用のマナ供給あり"":2}","[""カード情報からの推定単体評価"",""現在の主色に合う"",""クリーチャー不足を補う"",""4マナのクリーチャーを補強"",""主色外のマナ供給が不足""]"
"5d808e64-a648-4f1b-a3a9-fd09568db281","Garrison Excavator","95","3.389473684210526","26","4","0.15384615384615385","1","0","","not-applicable-14-card-packs","","","","","","","50.2","50.2","0","1.2550831830571316","0","0.566315789473684","0","0","{""base"":50.19999999999991,""mana"":0,""color"":1.2550831830571316,""synergy"":0,""curve"":0.566315789473684,""creature"":0.44382775119617246,""removal"":0,""duplicate"":0,""fixing"":0}","{""カード情報からの推定単体評価"":95,""現在の主色に合う"":63,""4マナのクリーチャーを補強"":47,""クリーチャー不足を補う"":38,""主色外のマナ供給が不足"":4,""スプラッシュ用のマナ供給あり"":2}","[""カード情報からの推定単体評価"",""現在の主色に合う"",""4マナのクリーチャーを補強"",""クリーチャー不足を補う"",""主色外のマナ供給が不足""]"
"5f56a303-b3da-41df-a959-7823a87ee60c","Mathemagics","20","10.2","6","0","0","0","0","","not-applicable-14-card-packs","","","","","","","43.6","43.6","0","-0.5414839541584481","0","0","0","0","{""base"":43.600000000000016,""mana"":0,""color"":-0.5414839541584481,""synergy"":0,""curve"":0,""creature"":0,""removal"":0,""duplicate"":0,""fixing"":0}","{""カード情報からの推定単体評価"":20,""主色外のマナ供給が不足"":9,""現在の主色に合う"":11}","[""カード情報からの推定単体評価"",""現在の主色に合う"",""主色外のマナ供給が不足""]"
"5f5fe039-4be4-42ae-9fa4-4392328aa665","Topiary Lecturer","87","6.908045977011494","30","0","0","0.1","0","","not-applicable-14-card-packs","","","","","","","46.6","46.6","0","1.0673189302908603","0","0.5136886102403343","0","0","{""base"":46.59999999999994,""mana"":0,""color"":1.0673189302908603,""synergy"":0,""curve"":0.5136886102403343,""creature"":0.4043887147335425,""removal"":0,""duplicate"":0,""fixing"":0}","{""カード情報からの推定単体評価"":87,""現在の主色に合う"":70,""クリーチャー不足を補う"":33,""3マナのクリーチャーを補強"":37,""主色外のマナ供給が不足"":14}","[""カード情報からの推定単体評価"",""現在の主色に合う"",""3マナのクリーチャーを補強"",""クリーチャー不足を補う"",""主色外のマナ供給が不足""]"
"5faa9e54-1cc4-48c0-bbfa-a495087c36d6","Zimone's Experiment","104","10.307692307692308","36","0","0","0","0","","not-applicable-14-card-packs","","","","","","","43","43","0","1.0086233464602958","0","0","0","0","{""base"":43,""mana"":0,""color"":1.0086233464602958,""synergy"":0,""curve"":0,""creature"":0,""removal"":0,""duplicate"":0,""fixing"":0}","{""カード情報からの推定単体評価"":104,""主色外のマナ供給が不足"":20,""現在の主色に合う"":79,""スプラッシュ用のマナ供給あり"":5}","[""カード情報からの推定単体評価"",""現在の主色に合う"",""主色外のマナ供給が不足"",""スプラッシュ用のマナ供給あり""]"
"5fd193c0-ed9f-4afb-b6cd-c1a20008fc0b","Comforting Counsel","50","9.72","14","0","0","0","0","","not-applicable-14-card-packs","","","","","","","43.4","43.4","0","0.42061458070698565","0","0","0","0","{""base"":43.400000000000034,""mana"":0,""color"":0.42061458070698565,""synergy"":0,""curve"":0,""creature"":0,""removal"":0,""duplicate"":0,""fixing"":0}","{""カード情報からの推定単体評価"":50,""現在の主色に合う"":40,""主色外のマナ供給が不足"":10}","[""カード情報からの推定単体評価"",""現在の主色に合う"",""主色外のマナ供給が不足""]"
"61495793-b0c7-40a5-ad3e-9df8e2b8096b","Choreographed Sparks","51","10.215686274509803","16","0","0","0","0","","not-applicable-14-card-packs","","","","","","","43.4","43.4","0","1.0002039117255312","0.07023189438134574","0","0","0","{""base"":43.400000000000034,""mana"":0,""color"":1.0002039117255312,""synergy"":0.07023189438134574,""curve"":0,""creature"":0,""removal"":0,""duplicate"":0,""fixing"":0}","{""カード情報からの推定単体評価"":51,""現在の主色に合う"":38,""主色外のマナ供給が不足"":13,""アーキタイプ・共通メカニズムと相性が良い"":4}","[""カード情報からの推定単体評価"",""現在の主色に合う"",""主色外のマナ供給が不足"",""アーキタイプ・共通メカニズムと相性が良い""]"
"61a41cf1-60cc-45ba-aa98-493c14e87d9d","Lorehold, the Historian","32","2.84375","13","11","0.8461538461538461","1","0","","not-applicable-14-card-packs","","","","","","","54.1","54.1","0","-0.10838379762562109","0.030852272727272718","0","0","0","{""base"":54.09999999999997,""mana"":-0.38429405643648457,""color"":-0.10838379762562109,""synergy"":0.030852272727272718,""curve"":0,""creature"":0.2965909090909091,""removal"":0,""duplicate"":0,""fixing"":0}","{""カード情報からの推定単体評価"":32,""現在の主色に合う"":12,""アーキタイプ・共通メカニズムと相性が良い"":1,""スプラッシュ用のマナ供給あり"":3,""クリーチャー不足を補う"":7,""主色外のマナ供給が不足"":4}","[""カード情報からの推定単体評価"",""現在の主色に合う"",""クリーチャー不足を補う"",""主色外のマナ供給が不足"",""スプラッシュ用のマナ供給あり""]"
"62421084-96e6-40dd-8d34-7c8c1091d4a4","Muse's Encouragement","210","10.5","72","0","0","0","0","","not-applicable-14-card-packs","","","","","","","43","43","0","-0.35014515551930103","0.22770591230235318","0","0","0","{""base"":43,""mana"":0,""color"":-0.35014515551930103,""synergy"":0.22770591230235318,""curve"":0,""creature"":0,""removal"":0,""duplicate"":0,""fixing"":0}","{""カード情報からの推定単体評価"":210,""主色外のマナ供給が不足"":56,""現在の主色に合う"":134,""アーキタイプ・共通メカニズムと相性が良い"":51,""スプラッシュ用のマナ供給あり"":20}","[""カード情報からの推定単体評価"",""現在の主色に合う"",""主色外のマナ供給が不足"",""アーキタイプ・共通メカニズムと相性が良い"",""スプラッシュ用のマナ供給あり""]"
"62d18d2b-fa68-49cd-b62d-803728ddfa8b","Soaring Stoneglider","99","1.97979797979798","33","18","0.5454545454545454","1","0","","not-applicable-14-card-packs","","","","","","","51.8","51.8","0","1.1996387830074806","0","0.4566574839302112","0","0","{""base"":51.80000000000009,""mana"":0,""color"":1.1996387830074806,""synergy"":0,""curve"":0.4566574839302112,""creature"":0.397245179063361,""removal"":0,""duplicate"":0,""fixing"":0}","{""カード情報からの推定単体評価"":99,""現在の主色に合う"":59,""3マナのクリーチャーを補強"":33,""主色外のマナ供給が不足"":7,""クリーチャー不足を補う"":27}","[""カード情報からの推定単体評価"",""現在の主色に合う"",""3マナのクリーチャーを補強"",""クリーチャー不足を補う"",""主色外のマナ供給が不足""]"
"638ff242-63d5-457d-a7a6-40ad51052e2e","Paradox Gardens","237","8.042194092827005","86","0","0","0","0","","not-applicable-14-card-packs","","","","","","","45","45","0","0","0.2361205731847512","0","0","0","{""base"":45,""mana"":0,""color"":0,""synergy"":0.2361205731847512,""curve"":0,""creature"":0,""removal"":0,""duplicate"":0,""fixing"":1.336206281615808}","{""カード情報からの推定単体評価"":237,""アーキタイプ・共通メカニズムと相性が良い"":63,""主色のマナ基盤を補強"":61}","[""カード情報からの推定単体評価"",""アーキタイプ・共通メカニズムと相性が良い"",""主色のマナ基盤を補強""]"
"644379e7-782e-48e1-9b47-c4dc62e62d85","Fractal Anomaly","109","10.79816513761468","37","0","0","0","0","","not-applicable-14-card-packs","","","","","","","43","43","0","-0.37663434555702","0","0","0","0","{""base"":43,""mana"":0,""color"":-0.37663434555702,""synergy"":0,""curve"":0,""creature"":0,""removal"":0,""duplicate"":0,""fixing"":0}","{""カード情報からの推定単体評価"":109,""現在の主色に合う"":66,""主色外のマナ供給が不足"":42}","[""カード情報からの推定単体評価"",""現在の主色に合う"",""主色外のマナ供給が不足""]"
"66deb3f3-0314-427e-9cb8-6befa365ae94","Silverquill, the Disputant","23","4.739130434782608","8","2","0.25","1","0","","not-applicable-14-card-packs","","","","","","","51.6","51.6","0","-0.14145740948153002","0.07818629178117587","0.37588932806324105","0","-0.10869565217391304","{""base"":51.6,""mana"":-0.30816190532851984,""color"":-0.14145740948153002,""synergy"":0.07818629178117587,""curve"":0.37588932806324105,""creature"":0.2181818181818182,""removal"":0,""duplicate"":-0.10869565217391304,""fixing"":0}","{""カード情報からの推定単体評価"":23,""現在の主色に合う"":10,""4マナのクリーチャーを補強"":8,""クリーチャー不足を補う"":5,""主色外のマナ供給が不足"":4,""アーキタイプ・共通メカニズムと相性が良い"":2,""スプラッシュ用のマナ供給あり"":1}","[""カード情報からの推定単体評価"",""現在の主色に合う"",""4マナのクリーチャーを補強"",""クリーチャー不足を補う"",""主色外のマナ供給が不足""]"
"66ee56b9-aca8-4efa-b9b5-50717e0784a7","Honorbound Page // Forum's Favor","225","2.76","74","11","0.14864864864864866","1","0","","not-applicable-14-card-packs","","","","","","","50.4","50.4","0","1.4035893354410538","0","0.4923232323232322","0","-0.006666666666666667","{""base"":50.39999999999979,""mana"":0,""color"":1.4035893354410538,""synergy"":0,""curve"":0.4923232323232322,""creature"":0.4540606060606063,""removal"":0,""duplicate"":-0.006666666666666667,""fixing"":0}","{""カード情報からの推定単体評価"":225,""現在の主色に合う"":147,""4マナのクリーチャーを補強"":98,""クリーチャー不足を補う"":80,""主色外のマナ供給が不足"":4}","[""カード情報からの推定単体評価"",""現在の主色に合う"",""4マナのクリーチャーを補強"",""クリーチャー不足を補う"",""主色外のマナ供給が不足""]"
"697b14c6-fe6a-4880-9cf2-b6602a52ca0b","Summoned Dromedary","110","2.6545454545454548","39","7","0.1794871794871795","1","0","","not-applicable-14-card-packs","","","","","","","50.7","50.7","0","1.1864578865467366","0","0.36404958677685967","0","0","{""base"":50.6999999999999,""mana"":0,""color"":1.1864578865467366,""synergy"":0,""curve"":0.36404958677685967,""creature"":0.41851239669421514,""removal"":0,""duplicate"":0,""fixing"":0}","{""カード情報からの推定単体評価"":110,""現在の主色に合う"":64,""4マナのクリーチャーを補強"":35,""クリーチャー不足を補う"":37,""スプラッシュ用のマナ供給あり"":2,""主色外のマナ供給が不足"":5}","[""カード情報からの推定単体評価"",""現在の主色に合う"",""クリーチャー不足を補う"",""4マナのクリーチャーを補強"",""主色外のマナ供給が不足""]"
"6a68fcaf-b1e8-451d-8e1c-b47db55c83cc","Rancorous Archaic","192","6.932291666666667","72","0","0","0.1111111111111111","0","","not-applicable-14-card-packs","","","","","","","47","47","0","0","0","0","0","0","{""base"":47,""mana"":0,""color"":0,""synergy"":0,""curve"":0,""creature"":0.41250000000000026,""removal"":0,""duplicate"":0,""fixing"":0}","{""カード情報からの推定単体評価"":192,""クリーチャー不足を補う"":87}","[""カード情報からの推定単体評価"",""クリーチャー不足を補う""]"
"6a6b19db-cdeb-4922-8642-5d872f90e7a1","Spectacular Skywhale","72","8.708333333333334","19","1","0.05263157894736842","0.3157894736842105","0","","not-applicable-14-card-packs","","","","","","","48.6","48.6","0","-4.141833132713767","0","0.10479797979797979","0","0","{""base"":48.59999999999994,""mana"":-0.2549587940429457,""color"":-4.141833132713767,""synergy"":0,""curve"":0.10479797979797979,""creature"":0.14924242424242423,""removal"":0,""duplicate"":0,""fixing"":0}","{""カード情報からの推定単体評価"":72,""現在の主色に合う"":17,""4マナのクリーチャーを補強"":8,""クリーチャー不足を補う"":12,""主色外のマナ供給が不足"":38,""スプラッシュ用のマナ供給あり"":11}","[""カード情報からの推定単体評価"",""主色外のマナ供給が不足"",""現在の主色に合う"",""クリーチャー不足を補う"",""スプラッシュ用のマナ供給あり""]"
"6b633e58-ea1b-4ed0-addb-6dfd93645ae4","Banishing Betrayal","220","8.463636363636363","67","0","0","0","0","","not-applicable-14-card-packs","","","","","","","45.42","45.42","0","0.6385848647249269","0.20275883176522252","0","0.28329545454545474","0","{""base"":45.42000000000006,""mana"":0,""color"":0.6385848647249269,""synergy"":0.20275883176522252,""curve"":0,""creature"":0,""removal"":0.28329545454545474,""duplicate"":0,""fixing"":0}","{""カード情報からの推定単体評価"":220,""主色外のマナ供給が不足"":53,""現在の主色に合う"":167,""バウンス・打ち消し"":167,""アーキタイプ・共通メカニズムと相性が良い"":50}","[""カード情報からの推定単体評価"",""現在の主色に合う"",""バウンス・打ち消し"",""主色外のマナ供給が不足"",""アーキタイプ・共通メカニズムと相性が良い""]"
"6cb8b8c4-0674-4f14-9d89-010969fbb80e","Grave Researcher // Reanimate","52","4.019230769230769","19","1","0.05263157894736842","0.8421052631578947","0","","not-applicable-14-card-packs","","","","","","","49.4","49.4","0","1.13467787490077","0.09597666880049134","0.33505244755244756","0","0","{""base"":49.40000000000005,""mana"":0,""color"":1.13467787490077,""synergy"":0.09597666880049134,""curve"":0.33505244755244756,""creature"":0.38916083916083904,""removal"":0,""duplicate"":0,""fixing"":0}","{""カード情報からの推定単体評価"":52,""主色外のマナ供給が不足"":6,""現在の主色に合う"":30,""クリーチャー不足を補う"":18,""3マナのクリーチャーを補強"":17,""アーキタイプ・共通メカニズムと相性が良い"":5}","[""カード情報からの推定単体評価"",""現在の主色に合う"",""クリーチャー不足を補う"",""3マナのクリーチャーを補強"",""主色外のマナ供給が不足""]"
"6f8fa68e-e961-4ae1-b27d-22d87e90f26b","Procrastinate","198","10.070707070707071","65","0","0","0","0","","not-applicable-14-card-packs","","","","","","","44.1","44.1","0","-0.1475578146132672","0","0","0","0","{""base"":44.100000000000165,""mana"":0,""color"":-0.1475578146132672,""synergy"":0,""curve"":0,""creature"":0,""removal"":0,""duplicate"":0,""fixing"":0}","{""カード情報からの推定単体評価"":198,""現在の主色に合う"":127,""主色外のマナ供給が不足"":71}","[""カード情報からの推定単体評価"",""現在の主色に合う"",""主色外のマナ供給が不足""]"
"6fdddab4-fcc9-4622-9c17-c69f9d4bca08","Render Speechless","225","11.6","69","0","0","0","0","","not-applicable-14-card-packs","","","","","","","43","43","0","-2.4590451886810105","0.07569541059782542","0","0","0","{""base"":43,""mana"":-0.21544083917801082,""color"":-2.4590451886810105,""synergy"":0.07569541059782542,""curve"":0,""creature"":0,""removal"":0,""duplicate"":0,""fixing"":0}","{""カード情報からの推定単体評価"":225,""主色外のマナ供給が不足"":85,""スプラッシュ用のマナ供給あり"":34,""現在の主色に合う"":106,""アーキタイプ・共通メカニズムと相性が良い"":19}","[""カード情報からの推定単体評価"",""現在の主色に合う"",""主色外のマナ供給が不足"",""スプラッシュ用のマナ供給あり"",""アーキタイプ・共通メカニズムと相性が良い""]"
"702e871d-90d8-4468-8f69-5ae42af2c9d3","Tam, Observant Sequencer // Deep Sight","107","6.429906542056075","42","2","0.047619047619047616","0.8809523809523809","0","","not-applicable-14-card-packs","","","","","","","50.7","50.7","0","-1.8757513419428284","0","0.14910790144435007","0","-0.2336448598130841","{""base"":50.6999999999999,""mana"":-1.1361463097713749,""color"":-1.8757513419428284,""synergy"":0,""curve"":0.14910790144435007,""creature"":0.13406966864910788,""removal"":0,""duplicate"":-0.2336448598130841,""fixing"":0}","{""カード情報からの推定単体評価"":107,""主色外のマナ供給が不足"":33,""現在の主色に合う"":37,""4マナのクリーチャーを補強"":17,""クリーチャー不足を補う"":16}","[""カード情報からの推定単体評価"",""現在の主色に合う"",""主色外のマナ供給が不足"",""4マナのクリーチャーを補強"",""クリーチャー不足を補う""]"
"70e10cb9-ae27-4dba-9a0d-34a78f924774","Aziza, Mage Tower Captain","50","5.58","17","0","0","0.8823529411764706","0","","not-applicable-14-card-packs","","","","","","","49.4","49.4","0","0.2870744172343659","0","0.2614545454545455","0","0","{""base"":49.40000000000005,""mana"":-0.342581201694929,""color"":0.2870744172343659,""synergy"":0,""curve"":0.2614545454545455,""creature"":0.33163636363636356,""removal"":0,""duplicate"":0,""fixing"":0}","{""カード情報からの推定単体評価"":50,""現在の主色に合う"":26,""2マナのクリーチャーを補強"":15,""クリーチャー不足を補う"":17,""主色外のマナ供給が不足"":9}","[""カード情報からの推定単体評価"",""現在の主色に合う"",""クリーチャー不足を補う"",""2マナのクリーチャーを補強"",""主色外のマナ供給が不足""]"
"715f0832-696c-4111-b418-d9b6da403159","Berta, Wise Extrapolator","38","9.447368421052632","18","0","0","0.16666666666666666","0","","not-applicable-14-card-packs","","","","","","","47","47","0","-3.4306211599272043","0","0.04688995215311006","0","0","{""base"":47,""mana"":-0.31344655719896347,""color"":-3.4306211599272043,""synergy"":0,""curve"":0.04688995215311006,""creature"":0.04880382775119617,""removal"":0,""duplicate"":0,""fixing"":0}","{""カード情報からの推定単体評価"":38,""スプラッシュ用のマナ供給あり"":7,""現在の主色に合う"":10,""主色外のマナ供給が不足"":18,""4マナのクリーチャーを補強"":3,""クリーチャー不足を補う"":2}","[""カード情報からの推定単体評価"",""主色外のマナ供給が不足"",""現在の主色に合う"",""スプラッシュ用のマナ供給あり"",""4マナのクリーチャーを補強""]"
"7244d04a-bb9c-4fbe-a346-4a3f45709da7","Stirring Hopesinger","49","3.183673469387755","13","1","0.07692307692307693","1","0","","not-applicable-14-card-packs","","","","","","","49.8","49.8","0","1.6372663205674103","0","0.833209647495362","0","0","{""base"":49.800000000000004,""mana"":0,""color"":1.6372663205674103,""synergy"":0,""curve"":0.833209647495362,""creature"":0.557699443413729,""removal"":0,""duplicate"":0,""fixing"":0}","{""カード情報からの推定単体評価"":49,""現在の主色に合う"":36,""3マナのクリーチャーを補強"":32,""クリーチャー不足を補う"":22}","[""カード情報からの推定単体評価"",""現在の主色に合う"",""3マナのクリーチャーを補強"",""クリーチャー不足を補う""]"
"73905f94-9665-4d82-8927-725d2c4fc4bd","Dissection Practice","99","6.393939393939394","40","0","0","0.475","0","","not-applicable-14-card-packs","","","","","","","48.4","48.4","0","0.8129760716356971","0","0","0.16012396694214873","0","{""base"":48.400000000000006,""mana"":0,""color"":0.8129760716356971,""synergy"":0,""curve"":0,""creature"":0,""removal"":0.16012396694214873,""duplicate"":0,""fixing"":0}","{""カード情報からの推定単体評価"":99,""現在の主色に合う"":62,""火力・マイナス修整"":69,""主色外のマナ供給が不足"":18}","[""カード情報からの推定単体評価"",""火力・マイナス修整"",""現在の主色に合う"",""主色外のマナ供給が不足""]"
"74b8182e-54be-444a-97b1-84fc5fd3c290","End of the Hunt","91","10.406593406593407","24","0","0","0","0","","not-applicable-14-card-packs","","","","","","","43","43","0","0.6933716294409479","0","0","0","0","{""base"":43,""mana"":0,""color"":0.6933716294409479,""synergy"":0,""curve"":0,""creature"":0,""removal"":0,""duplicate"":0,""fixing"":0}","{""カード情報からの推定単体評価"":91,""主色外のマナ供給が不足"":26,""現在の主色に合う"":65}","[""カード情報からの推定単体評価"",""現在の主色に合う"",""主色外のマナ供給が不足""]"
"7578a192-82e5-43ff-8dee-225f313c484a","Run Behind","186","10.833333333333334","60","0","0","0","0","","not-applicable-14-card-packs","","","","","","","43","43","0","-0.42571495637510304","0","0","0","0","{""base"":43,""mana"":0,""color"":-0.42571495637510304,""synergy"":0,""curve"":0,""creature"":0,""removal"":0,""duplicate"":0,""fixing"":0}","{""カード情報からの推定単体評価"":186,""現在の主色に合う"":117,""主色外のマナ供給が不足"":53,""スプラッシュ用のマナ供給あり"":16}","[""カード情報からの推定単体評価"",""現在の主色に合う"",""主色外のマナ供給が不足"",""スプラッシュ用のマナ供給あり""]"
"788d3cfa-7706-4728-9c48-cf7bc963d002","Skycoach Conductor // All Aboard","49","1.7755102040816326","13","11","0.8461538461538461","1","0","","not-applicable-14-card-packs","","","","","","","57.2","57.2","0","-0.05284320232246491","0","0.18478664192949906","0.2187384044526902","0","{""base"":57.199999999999974,""mana"":0,""color"":-0.05284320232246491,""synergy"":0,""curve"":0.18478664192949906,""creature"":0.36289424860853425,""removal"":0.2187384044526902,""duplicate"":0,""fixing"":0}","{""カード情報からの推定単体評価"":49,""主色外のマナ供給が不足"":14,""現在の主色に合う"":22,""3マナのクリーチャーを補強"":8,""クリーチャー不足を補う"":14,""確定除去"":24}","[""カード情報からの推定単体評価"",""確定除去"",""現在の主色に合う"",""主色外のマナ供給が不足"",""クリーチャー不足を補う""]"
"78a2972c-14f4-41f3-99f9-167948bdd73a","Petrified Hamlet","58","8.810344827586206","23","0","0","0","0","","not-applicable-14-card-packs","","","","","","","45.4","45.4","0","0","0","0","0","0","{""base"":45.40000000000004,""mana"":0,""color"":0,""synergy"":0,""curve"":0,""creature"":0,""removal"":0,""duplicate"":0,""fixing"":0}","{""カード情報からの推定単体評価"":58}","[""カード情報からの推定単体評価""]"
"7bff8d4a-1c7d-48b8-b3e3-737dd6f01823","Quick Study","242","8.946280991735538","84","0","0","0.023809523809523808","0","","not-applicable-14-card-packs","","","","","","","45.5","45.5","0","-0.2729763898528721","0","0","0","0","{""base"":45.5,""mana"":0,""color"":-0.2729763898528721,""synergy"":0,""curve"":0,""creature"":0,""removal"":0,""duplicate"":0,""fixing"":0}","{""カード情報からの推定単体評価"":242,""主色外のマナ供給が不足"":82,""現在の主色に合う"":158}","[""カード情報からの推定単体評価"",""現在の主色に合う"",""主色外のマナ供給が不足""]"
"7f577b46-c69d-4c75-9db5-7e10206b6b59","Geometer's Arthropod","43","7.674418604651163","8","1","0.125","0.875","0","","not-applicable-14-card-packs","","","","","","","50.199999999999996","50.199999999999996","0","-2.420665141349923","0","0.37040169133192397","0","0","{""base"":50.20000000000002,""mana"":-0.21885352015732484,""color"":-2.420665141349923,""synergy"":0,""curve"":0.37040169133192397,""creature"":0.199154334038055,""removal"":0,""duplicate"":0,""fixing"":0}","{""カード情報からの推定単体評価"":43,""現在の主色に合う"":17,""2マナのクリーチャーを補強"":12,""クリーチャー不足を補う"":8,""主色外のマナ供給が不足"":19}","[""カード情報からの推定単体評価"",""主色外のマナ供給が不足"",""現在の主色に合う"",""2マナのクリーチャーを補強"",""クリーチャー不足を補う""]"
"7f8f46c0-889a-4c9a-9bfa-2b43db608d55","Fix What's Broken","54","11.055555555555555","14","0","0","0","0","","not-applicable-14-card-packs","","","","","","","43.4","43.4","0","-2.9006653846994177","0","0","0","0","{""base"":43.40000000000004,""mana"":-0.18962311466940202,""color"":-2.9006653846994177,""synergy"":0,""curve"":0,""creature"":0,""removal"":0,""duplicate"":0,""fixing"":0}","{""カード情報からの推定単体評価"":54,""スプラッシュ用のマナ供給あり"":11,""主色外のマナ供給が不足"":20,""現在の主色に合う"":23}","[""カード情報からの推定単体評価"",""現在の主色に合う"",""主色外のマナ供給が不足"",""スプラッシュ用のマナ供給あり""]"
"84681f12-2978-4f62-ab89-b579033c5192","Divergent Equation","93","8.817204301075268","25","0","0","0","0","","not-applicable-14-card-packs","","","","","","","45.5","45.5","0","0.00022024978236792107","0","0","0","0","{""base"":45.5,""mana"":0,""color"":0.00022024978236792107,""synergy"":0,""curve"":0,""creature"":0,""removal"":0,""duplicate"":0,""fixing"":0}","{""カード情報からの推定単体評価"":93,""現在の主色に合う"":63,""主色外のマナ供給が不足"":30}","[""カード情報からの推定単体評価"",""現在の主色に合う"",""主色外のマナ供給が不足""]"
"84bb960c-c34e-4979-8c0f-893c85cee27d","Leech Collector // Bloodletting","94","4.5638297872340425","30","0","0","0.6666666666666666","0","","not-applicable-14-card-packs","","","","","","","49","49","0","1.441186125181006","0","0.6446808510638296","0","0","{""base"":49,""mana"":0,""color"":1.441186125181006,""synergy"":0,""curve"":0.6446808510638296,""creature"":0.4769825918762093,""removal"":0,""duplicate"":0,""fixing"":0}","{""カード情報からの推定単体評価"":94,""現在の主色に合う"":64,""2マナのクリーチャーを補強"":48,""クリーチャー不足を補う"":43,""主色外のマナ供給が不足"":10}","[""カード情報からの推定単体評価"",""現在の主色に合う"",""2マナのクリーチャーを補強"",""クリーチャー不足を補う"",""主色外のマナ供給が不足""]"
"863cbd12-da20-456e-8698-06fba4d9bd5c","Arcane Omens","92","10.26086956521739","32","0","0","0","0","","not-applicable-14-card-packs","","","","","","","43","43","0","1.346627818864668","0.16609097738322368","0","0","0","{""base"":43,""mana"":0,""color"":1.346627818864668,""synergy"":0.16609097738322368,""curve"":0,""creature"":0,""removal"":0,""duplicate"":0,""fixing"":0}","{""カード情報からの推定単体評価"":92,""現在の主色に合う"":74,""アーキタイプ・共通メカニズムと相性が良い"":16,""主色外のマナ供給が不足"":13,""スプラッシュ用のマナ供給あり"":5}","[""カード情報からの推定単体評価"",""現在の主色に合う"",""アーキタイプ・共通メカニズムと相性が良い"",""主色外のマナ供給が不足"",""スプラッシュ用のマナ供給あり""]"
"873694c0-c100-4d24-a74f-1ab26442dd18","Brush Off","104","8.182692307692308","29","0","0","0.034482758620689655","0","","not-applicable-14-card-packs","","","","","","","45.42","45.42","0","1.2373927580857493","0","0","0.4116477272727272","0","{""base"":45.420000000000044,""mana"":0,""color"":1.2373927580857493,""synergy"":0,""curve"":0,""creature"":0,""removal"":0.4116477272727272,""duplicate"":0,""fixing"":0}","{""カード情報からの推定単体評価"":104,""現在の主色に合う"":82,""バウンス・打ち消し"":82,""主色外のマナ供給が不足"":21}","[""カード情報からの推定単体評価"",""現在の主色に合う"",""バウンス・打ち消し"",""主色外のマナ供給が不足""]"
"882f30e4-4ce1-4581-8d2d-d763aa13befe","Elemental Mascot","201","6.796019900497512","67","2","0.029850746268656716","0.8955223880597015","0","","not-applicable-14-card-packs","","","","","","","50.2","50.2","0","-3.1684028192421057","0","0.06119402985074628","0","0","{""base"":50.20000000000003,""mana"":-0.296053437715396,""color"":-3.1684028192421057,""synergy"":0,""curve"":0.06119402985074628,""creature"":0.10637720488466756,""removal"":0,""duplicate"":0,""fixing"":0}","{""カード情報からの推定単体評価"":201,""主色外のマナ供給が不足"":96,""現在の主色に合う"":45,""クリーチャー不足を補う"":22,""3マナのクリーチャーを補強"":20}","[""カード情報からの推定単体評価"",""主色外のマナ供給が不足"",""現在の主色に合う"",""クリーチャー不足を補う"",""3マナのクリーチャーを補強""]"
"883267f0-be7e-43c3-b7f8-82981f6d8c23","Suspend Aggression","51","6.431372549019608","21","1","0.047619047619047616","0.8571428571428571","0","","not-applicable-14-card-packs","","","","","","","50","50","0","-1.8842047258450936","0","0","0.042112299465240643","0","{""base"":50,""mana"":-0.36798404052110134,""color"":-1.8842047258450936,""synergy"":0,""curve"":0,""creature"":0,""removal"":0.042112299465240643,""duplicate"":0,""fixing"":0}","{""カード情報からの推定単体評価"":51,""現在の主色に合う"":12,""確定除去"":14,""主色外のマナ供給が不足"":21}","[""カード情報からの推定単体評価"",""主色外のマナ供給が不足"",""確定除去"",""現在の主色に合う""]"
"88fc179c-055b-47c2-b830-1fd2b1377147","Applied Geometry","45","11.955555555555556","16","0","0","0","0","","not-applicable-14-card-packs","","","","","","","43.4","43.4","0","-4.870444028465709","0","0","0","0","{""base"":43.400000000000034,""mana"":-0.24877099867687752,""color"":-4.870444028465709,""synergy"":0,""curve"":0,""creature"":0,""removal"":0,""duplicate"":0,""fixing"":0}","{""カード情報からの推定単体評価"":45,""現在の主色に合う"":12,""主色外のマナ供給が不足"":29,""スプラッシュ用のマナ供給あり"":4}","[""カード情報からの推定単体評価"",""主色外のマナ供給が不足"",""現在の主色に合う"",""スプラッシュ用のマナ供給あり""]"
"8c179b8f-3a83-49d6-9e7f-9e17c293ccbb","Molten Note","104","11.548076923076923","31","0","0","0","0","","not-applicable-14-card-packs","","","","","","","43","43","0","-2.928217701116809","0","0","0","0","{""base"":43,""mana"":-0.211658970119626,""color"":-2.928217701116809,""synergy"":0,""curve"":0,""creature"":0,""removal"":0,""duplicate"":0,""fixing"":0}","{""カード情報からの推定単体評価"":104,""主色外のマナ供給が不足"":57,""現在の主色に合う"":47}","[""カード情報からの推定単体評価"",""主色外のマナ供給が不足"",""現在の主色に合う""]"
"8c1c519a-6edd-4204-b825-b0feca5afa42","Chelonian Tackle","85","7.905882352941177","41","0","0","0.024390243902439025","0","","not-applicable-14-card-packs","","","","","","","46.3","46.3","0","0.6248225248430702","0","0","0.17927807486631014","0","{""base"":46.30000000000007,""mana"":0,""color"":0.6248225248430702,""synergy"":0,""curve"":0,""creature"":0,""removal"":0.17927807486631014,""duplicate"":0,""fixing"":0}","{""カード情報からの推定単体評価"":85,""現在の主色に合う"":66,""条件付き除去"":67,""主色外のマナ供給が不足"":18}","[""カード情報からの推定単体評価"",""条件付き除去"",""現在の主色に合う"",""主色外のマナ供給が不足""]"
"8c5fe985-69e1-4a03-99fc-a6fd2314a9a7","Professor Dellian Fel","17","7.9411764705882355","5","0","0","1","0","","not-applicable-14-card-packs","","","","","","","49.4","49.4","0","-2.0535667504299857","0","0","0.13836898395721928","0","{""base"":49.399999999999984,""mana"":-0.27570311827340455,""color"":-2.0535667504299857,""synergy"":0,""curve"":0,""creature"":0,""removal"":0.13836898395721928,""duplicate"":0,""fixing"":0}","{""カード情報からの推定単体評価"":17,""スプラッシュ用のマナ供給あり"":4,""現在の主色に合う"":5,""条件付き除去"":6,""主色外のマナ供給が不足"":3}","[""カード情報からの推定単体評価"",""条件付き除去"",""現在の主色に合う"",""スプラッシュ用のマナ供給あり"",""主色外のマナ供給が不足""]"
"8e9576c1-b0c2-4be5-9005-35b51164f78e","Moment of Reckoning","40","7.625","11","0","0","0.45454545454545453","0","","not-applicable-14-card-packs","","","","","","","50","50","0","-1.3322501670469893","0","0","0.08539772727272729","-0.03","{""base"":50,""mana"":-1.0785485188262698,""color"":-1.3322501670469893,""synergy"":0,""curve"":0,""creature"":0,""removal"":0.08539772727272729,""duplicate"":-0.03,""fixing"":0}","{""カード情報からの推定単体評価"":40,""現在の主色に合う"":17,""確定除去"":17,""主色外のマナ供給が不足"":18}","[""カード情報からの推定単体評価"",""主色外のマナ供給が不足"",""現在の主色に合う"",""確定除去""]"
"90898c76-21f9-4597-88fe-dc9179911cde","Vicious Rivalry","47","12.042553191489361","14","0","0","0","0","","not-applicable-14-card-packs","","","","","","","43.4","43.4","0","-6.306293139213478","0","0","0","0","{""base"":43.40000000000004,""mana"":-0.1732639898566201,""color"":-6.306293139213478,""synergy"":0,""curve"":0,""creature"":0,""removal"":0,""duplicate"":0,""fixing"":0}","{""カード情報からの推定単体評価"":47,""スプラッシュ用のマナ供給あり"":10,""主色外のマナ供給が不足"":28,""現在の主色に合う"":9}","[""カード情報からの推定単体評価"",""主色外のマナ供給が不足"",""スプラッシュ用のマナ供給あり"",""現在の主色に合う""]"
"921252df-6679-4f70-ae26-d4956c90b7df","Hardened Academic","38","5.578947368421052","11","0","0","1","0","","not-applicable-14-card-packs","","","","","","","50.6","50.6","0","-0.607150057758177","0.10838167197751054","0.4162679425837321","0","0","{""base"":50.599999999999966,""mana"":-0.29325231440159727,""color"":-0.607150057758177,""synergy"":0.10838167197751054,""curve"":0.4162679425837321,""creature"":0.33014354066985635,""removal"":0,""duplicate"":0,""fixing"":0}","{""カード情報からの推定単体評価"":38,""現在の主色に合う"":18,""2マナのクリーチャーを補強"":15,""クリーチャー不足を補う"":14,""主色外のマナ供給が不足"":9,""アーキタイプ・共通メカニズムと相性が良い"":4}","[""カード情報からの推定単体評価"",""現在の主色に合う"",""2マナのクリーチャーを補強"",""クリーチャー不足を補う"",""主色外のマナ供給が不足""]"
"9263287d-f782-4318-9ab8-e2e5f8107f5e","Resonating Lute","49","11.244897959183673","16","0","0","0","0","","not-applicable-14-card-packs","","","","","","","45.9","45.9","0","-6.312705402239879","0","0","0","0","{""base"":45.900000000000034,""mana"":-0.22189227990120364,""color"":-6.312705402239879,""synergy"":0,""curve"":0,""creature"":0,""removal"":0,""duplicate"":0,""fixing"":0}","{""カード情報からの推定単体評価"":49,""主色外のマナ供給が不足"":31,""現在の主色に合う"":10,""スプラッシュ用のマナ供給あり"":8}","[""カード情報からの推定単体評価"",""主色外のマナ供給が不足"",""現在の主色に合う"",""スプラッシュ用のマナ供給あり""]"
"93056597-b964-421f-be2f-e92abef1c2a4","Emeritus of Woe // Demonic Tutor","18","3.388888888888889","7","1","0.14285714285714285","1","0","","not-applicable-14-card-packs","","","","","","","50.4","50.4","0","0.8409870066339862","0","0.24141414141414141","0","0","{""base"":50.399999999999984,""mana"":0,""color"":0.8409870066339862,""synergy"":0,""curve"":0.24141414141414141,""creature"":0.3090909090909091,""removal"":0,""duplicate"":0,""fixing"":0}","{""カード情報からの推定単体評価"":18,""現在の主色に合う"":9,""4マナのクリーチャーを補強"":5,""主色外のマナ供給が不足"":2,""クリーチャー不足を補う"":4}","[""カード情報からの推定単体評価"",""現在の主色に合う"",""4マナのクリーチャーを補強"",""クリーチャー不足を補う"",""主色外のマナ供給が不足""]"
"94688e25-28cb-45aa-95ea-0d6f547cae57","Matterbending Mage","97","6.628865979381444","38","0","0","0.18421052631578946","0","","not-applicable-14-card-packs","","","","","","","47.4","47.4","0","0.6932945177252303","0","0.22403936269915653","0","0","{""base"":47.40000000000002,""mana"":0,""color"":0.6932945177252303,""synergy"":0,""curve"":0.22403936269915653,""creature"":0.3430178069353326,""removal"":0,""duplicate"":0,""fixing"":0}","{""カード情報からの推定単体評価"":97,""現在の主色に合う"":65,""クリーチャー不足を補う"":36,""3マナのクリーチャーを補強"":27,""主色外のマナ供給が不足"":25}","[""カード情報からの推定単体評価"",""現在の主色に合う"",""クリーチャー不足を補う"",""3マナのクリーチャーを補強"",""主色外のマナ供給が不足""]"
"9494c499-6ead-491f-aeb0-6dbfac4d960c","Hungry Graffalon","216","5.550925925925926","72","0","0","0.3194444444444444","0","","not-applicable-14-card-packs","","","","","","","48.2","48.2","0","1.4165364770275457","0","0.47047558922558913","0","0","{""base"":48.20000000000005,""mana"":0,""color"":1.4165364770275457,""synergy"":0,""curve"":0.47047558922558913,""creature"":0.42954545454545495,""removal"":0,""duplicate"":0,""fixing"":0}","{""カード情報からの推定単体評価"":216,""主色外のマナ供給が不足"":27,""現在の主色に合う"":161,""4マナのクリーチャーを補強"":95,""クリーチャー不足を補う"":91,""スプラッシュ用のマナ供給あり"":4}","[""カード情報からの推定単体評価"",""現在の主色に合う"",""4マナのクリーチャーを補強"",""クリーチャー不足を補う"",""主色外のマナ供給が不足""]"
"955bfcb8-6477-4ed0-b6e7-8940874ae5e4","Send in the Pest","230","10.317391304347826","85","0","0","0","0","","not-applicable-14-card-packs","","","","","","","43","43","0","0.8884043416903519","0.14242883260555214","0","0","0","{""base"":43,""mana"":0,""color"":0.8884043416903519,""synergy"":0.14242883260555214,""curve"":0,""creature"":0,""removal"":0,""duplicate"":0,""fixing"":0}","{""カード情報からの推定単体評価"":230,""主色外のマナ供給が不足"":50,""現在の主色に合う"":180,""アーキタイプ・共通メカニズムと相性が良い"":38}","[""カード情報からの推定単体評価"",""現在の主色に合う"",""主色外のマナ供給が不足"",""アーキタイプ・共通メカニズムと相性が良い""]"
"95630a83-3699-4340-b3e5-17e81db1b82f","Hydro-Channeler","231","4.3982683982683985","72","1","0.013888888888888888","0.7361111111111112","0","","not-applicable-14-card-packs","","","","","","","49","49","0","1.1887180866368263","0","0.5477961432506886","0","0","{""base"":49,""mana"":0,""color"":1.1887180866368263,""synergy"":0,""curve"":0.5477961432506886,""creature"":0.4075560802833532,""removal"":0,""duplicate"":0,""fixing"":0}","{""カード情報からの推定単体評価"":231,""現在の主色に合う"":151,""2マナのクリーチャーを補強"":105,""クリーチャー不足を補う"":82,""主色外のマナ供給が不足"":27}","[""カード情報からの推定単体評価"",""現在の主色に合う"",""2マナのクリーチャーを補強"",""クリーチャー不足を補う"",""主色外のマナ供給が不足""]"
"95f20067-4471-4bfa-952d-dbbfbb2c2178","Rearing Embermare","203","5.798029556650246","75","0","0","0.37333333333333335","0","","not-applicable-14-card-packs","","","","","","","48.2","48.2","0","1.0895944025282096","0","0","0","0","{""base"":48.20000000000001,""mana"":0,""color"":1.0895944025282096,""synergy"":0,""curve"":0,""creature"":0.39256605463502064,""removal"":0,""duplicate"":0,""fixing"":0}","{""カード情報からの推定単体評価"":203,""現在の主色に合う"":139,""クリーチャー不足を補う"":78,""スプラッシュ用のマナ供給あり"":8,""主色外のマナ供給が不足"":28}","[""カード情報からの推定単体評価"",""現在の主色に合う"",""クリーチャー不足を補う"",""主色外のマナ供給が不足"",""スプラッシュ用のマナ供給あり""]"
"96742ebc-10a6-49e6-812a-631e5a60847d","Dig Site Inventory","202","10.331683168316832","71","0","0","0","0","","not-applicable-14-card-packs","","","","","","","43","43","0","1.2499510776586162","0","0","0","0","{""base"":43,""mana"":0,""color"":1.2499510776586162,""synergy"":0,""curve"":0,""creature"":0,""removal"":0,""duplicate"":0,""fixing"":0}","{""カード情報からの推定単体評価"":202,""現在の主色に合う"":174,""主色外のマナ供給が不足"":28}","[""カード情報からの推定単体評価"",""現在の主色に合う"",""主色外のマナ供給が不足""]"
"97e1fcdf-04e8-40cf-b04a-8505d9b7cecc","Ennis, Debate Moderator","89","6.280898876404494","44","0","0","0.20454545454545456","0","","not-applicable-14-card-packs","","","","","","","47.4","47.4","0","1.101568741096802","0","0.42124616956077626","0","-0.028089887640449437","{""base"":47.400000000000055,""mana"":0,""color"":1.101568741096802,""synergy"":0,""curve"":0.42124616956077626,""creature"":0.32482124616956076,""removal"":0,""duplicate"":-0.028089887640449437,""fixing"":0}","{""カード情報からの推定単体評価"":89,""現在の主色に合う"":67,""クリーチャー不足を補う"":29,""2マナのクリーチャーを補強"":34,""主色外のマナ供給が不足"":13}","[""カード情報からの推定単体評価"",""現在の主色に合う"",""2マナのクリーチャーを補強"",""クリーチャー不足を補う"",""主色外のマナ供給が不足""]"
"98b43c61-4563-4a29-8cf0-fb8b34f337ce","Diary of Dreams","98","8.581632653061224","41","0","0","0","0","","not-applicable-14-card-packs","","","","","","","45.5","45.5","0","0","0","0","0","0","{""base"":45.5,""mana"":0,""color"":0,""synergy"":0,""curve"":0,""creature"":0,""removal"":0,""duplicate"":0,""fixing"":0}","{""カード情報からの推定単体評価"":98}","[""カード情報からの推定単体評価""]"
"99678cc9-59c8-4358-b847-8c38ffb4a050","Practiced Offense","57","8.333333333333334","17","0","0","0.058823529411764705","0","","not-applicable-14-card-packs","","","","","","","44.4","44.4","0","1.5729747787138704","0","0","0","0","{""base"":44.40000000000004,""mana"":0,""color"":1.5729747787138704,""synergy"":0,""curve"":0,""creature"":0,""removal"":0,""duplicate"":0,""fixing"":0}","{""カード情報からの推定単体評価"":57,""現在の主色に合う"":50,""主色外のマナ供給が不足"":6}","[""カード情報からの推定単体評価"",""現在の主色に合う"",""主色外のマナ供給が不足""]"
"9b3155c1-c662-4ff1-80e2-4064e6233dc5","Campus Composer // Aqueous Aria","93","3.935483870967742","30","3","0.1","1","0","","not-applicable-14-card-packs","","","","","","","50.2","50.2","0","1.0635399040589073","0","0.4700391006842618","0","0","{""base"":50.19999999999992,""mana"":0,""color"":1.0635399040589073,""synergy"":0,""curve"":0.4700391006842618,""creature"":0.438709677419355,""removal"":0,""duplicate"":0,""fixing"":0}","{""カード情報からの推定単体評価"":93,""現在の主色に合う"":55,""クリーチャー不足を補う"":38,""主色外のマナ供給が不足"":8,""4マナのクリーチャーを補強"":32}","[""カード情報からの推定単体評価"",""現在の主色に合う"",""クリーチャー不足を補う"",""4マナのクリーチャーを補強"",""主色外のマナ供給が不足""]"
"9c055ef0-1164-4a9f-80de-23405423aed5","Chase Inspiration","230","10.778260869565218","72","0","0","0","0","","not-applicable-14-card-packs","","","","","","","43","43","0","-0.1539044304104249","0","0","0","0","{""base"":43,""mana"":0,""color"":-0.1539044304104249,""synergy"":0,""curve"":0,""creature"":0,""removal"":0,""duplicate"":0,""fixing"":0}","{""カード情報からの推定単体評価"":230,""現在の主色に合う"":149,""主色外のマナ供給が不足"":81}","[""カード情報からの推定単体評価"",""現在の主色に合う"",""主色外のマナ供給が不足""]"
"9c45682f-48b5-4e58-9277-ff4211f389ae","Antiquities on the Loose","60","8.9","14","0","0","0","0","","not-applicable-14-card-packs","","","","","","","43.4","43.4","0","2.0454764037415583","0","0","0","0","{""base"":43.40000000000005,""mana"":0,""color"":2.0454764037415583,""synergy"":0,""curve"":0,""creature"":0,""removal"":0,""duplicate"":0,""fixing"":0}","{""カード情報からの推定単体評価"":60,""現在の主色に合う"":56,""主色外のマナ供給が不足"":4}","[""カード情報からの推定単体評価"",""現在の主色に合う"",""主色外のマナ供給が不足""]"
"9c51893f-9118-4d95-b88a-e264f4cbd7a8","Foolish Fate","85","7.8","24","0","0","0.16666666666666666","0","","not-applicable-14-card-packs","","","","","","","46.3","46.3","0","1.0469979836061223","0","0","0.1706149732620321","0","{""base"":46.30000000000007,""mana"":0,""color"":1.0469979836061223,""synergy"":0,""curve"":0,""creature"":0,""removal"":0.1706149732620321,""duplicate"":0,""fixing"":0}","{""カード情報からの推定単体評価"":85,""現在の主色に合う"":67,""条件付き除去"":69,""主色外のマナ供給が不足"":14}","[""カード情報からの推定単体評価"",""条件付き除去"",""現在の主色に合う"",""主色外のマナ供給が不足""]"
"9d059345-1a2f-4ecb-b419-3873ebadf318","Unsubtle Mockery","201","6.711442786069652","58","0","0","0.10344827586206896","0","","not-applicable-14-card-packs","","","","","","","47.4","47.4","0","0.8655067907255019","0.12149740397995269","0","0.13381953867028495","0","{""base"":47.39999999999983,""mana"":0,""color"":0.8655067907255019,""synergy"":0.12149740397995269,""curve"":0,""creature"":0,""removal"":0.13381953867028495,""duplicate"":0,""fixing"":0}","{""カード情報からの推定単体評価"":201,""現在の主色に合う"":145,""アーキタイプ・共通メカニズムと相性が良い"":28,""火力・マイナス修整"":148,""主色外のマナ供給が不足"":50}","[""カード情報からの推定単体評価"",""火力・マイナス修整"",""現在の主色に合う"",""主色外のマナ供給が不足"",""アーキタイプ・共通メカニズムと相性が良い""]"
"9da7f9ec-872a-471d-8d60-5f4213f0204f","Ulna Alley Shopkeep","220","3.5681818181818183","71","11","0.15492957746478872","0.971830985915493","0","","not-applicable-14-card-packs","","","","","","","50.2","50.2","0","0.9559878680376722","0","0.37043388429752055","0","0","{""base"":50.20000000000009,""mana"":0,""color"":0.9559878680376722,""synergy"":0,""curve"":0.37043388429752055,""creature"":0.4266942148760333,""removal"":0,""duplicate"":0,""fixing"":0}","{""カード情報からの推定単体評価"":220,""主色外のマナ供給が不足"":21,""現在の主色に合う"":130,""クリーチャー不足を補う"":83,""3マナのクリーチャーを補強"":76}","[""カード情報からの推定単体評価"",""現在の主色に合う"",""クリーチャー不足を補う"",""3マナのクリーチャーを補強"",""主色外のマナ供給が不足""]"
"9e7bd032-8946-4d72-9910-b224823bc940","Fractalize","98","11","31","0","0","0","0","","not-applicable-14-card-packs","","","","","","","43","43","0","-0.5179576303405043","0","0","0","0","{""base"":43,""mana"":0,""color"":-0.5179576303405043,""synergy"":0,""curve"":0,""creature"":0,""removal"":0,""duplicate"":0,""fixing"":0}","{""カード情報からの推定単体評価"":98,""現在の主色に合う"":61,""主色外のマナ供給が不足"":37}","[""カード情報からの推定単体評価"",""現在の主色に合う"",""主色外のマナ供給が不足""]"
"9f800ebc-d6e4-4bfc-bebe-8baad51efa19","Emil, Vastlands Roamer","91","2.8131868131868134","31","10","0.3225806451612903","1","0","","not-applicable-14-card-packs","","","","","","","51","51","0","1.3767089384917373","0","0.5443556443556441","0","-0.027472527472527472","{""base"":51,""mana"":0,""color"":1.3767089384917373,""synergy"":0,""curve"":0.5443556443556441,""creature"":0.3980019980019981,""removal"":0,""duplicate"":-0.027472527472527472,""fixing"":0}","{""カード情報からの推定単体評価"":91,""現在の主色に合う"":53,""クリーチャー不足を補う"":29,""3マナのクリーチャーを補強"":37,""主色外のマナ供給が不足"":7}","[""カード情報からの推定単体評価"",""現在の主色に合う"",""3マナのクリーチャーを補強"",""クリーチャー不足を補う"",""主色外のマナ供給が不足""]"
"9f9e4be0-814a-4cab-948b-114769035a4a","Mind into Matter","55","12.218181818181819","19","0","0","0","0","","not-applicable-14-card-packs","","","","","","","43.4","43.4","0","-6.131025375500422","0","0","0","0","{""base"":43.40000000000004,""mana"":-0.22215214157140548,""color"":-6.131025375500422,""synergy"":0,""curve"":0,""creature"":0,""removal"":0,""duplicate"":0,""fixing"":0}","{""カード情報からの推定単体評価"":55,""主色外のマナ供給が不足"":45,""現在の主色に合う"":10}","[""カード情報からの推定単体評価"",""主色外のマナ供給が不足"",""現在の主色に合う""]"
"a02f9f42-4c3a-4a97-8667-68ba4617f193","Practiced Scrollsmith","88","2.625","28","25","0.8928571428571429","1","0","","not-applicable-14-card-packs","","","","","","","54.800000000000004","54.800000000000004","0","-0.5551426162897324","0","0.25650826446281005","0.09390495867768593","0","{""base"":54.80000000000009,""mana"":-0.40060705960738957,""color"":-0.5551426162897324,""synergy"":0,""curve"":0.25650826446281005,""creature"":0.20764462809917353,""removal"":0.09390495867768593,""duplicate"":0,""fixing"":0}","{""カード情報からの推定単体評価"":88,""現在の主色に合う"":30,""確定除去"":31,""主色外のマナ供給が不足"":30,""3マナのクリーチャーを補強"":17,""クリーチャー不足を補う"":15}","[""カード情報からの推定単体評価"",""確定除去"",""現在の主色に合う"",""主色外のマナ供給が不足"",""3マナのクリーチャーを補強""]"
"a0657586-0404-4bb0-a92d-25f040d560c1","Aberrant Manawurm","107","3.2336448598130842","39","7","0.1794871794871795","1","0","","not-applicable-14-card-packs","","","","","","","50.2","50.2","0","1.2963425289819313","0","0.522090059473237","0","0","{""base"":50.1999999999999,""mana"":0,""color"":1.2963425289819313,""synergy"":0,""curve"":0.522090059473237,""creature"":0.32064570943075626,""removal"":0,""duplicate"":0,""fixing"":0}","{""カード情報からの推定単体評価"":107,""現在の主色に合う"":65,""4マナのクリーチャーを補強"":48,""クリーチャー不足を補う"":25,""スプラッシュ用のマナ供給あり"":1,""主色外のマナ供給が不足"":2}","[""カード情報からの推定単体評価"",""現在の主色に合う"",""4マナのクリーチャーを補強"",""クリーチャー不足を補う"",""主色外のマナ供給が不足""]"
"a0cbb1ba-73b1-4418-bbe3-5d1a02007c08","Vibrant Outburst","98","9.724489795918368","29","0","0","0.06896551724137931","0","","not-applicable-14-card-packs","","","","","","","47.4","47.4","0","-3.9920344903417417","0","0","0.12210111317254173","0","{""base"":47.40000000000002,""mana"":-0.2551571551644917,""color"":-3.9920344903417417,""synergy"":0,""curve"":0,""creature"":0,""removal"":0.12210111317254173,""duplicate"":0,""fixing"":0}","{""カード情報からの推定単体評価"":98,""主色外のマナ供給が不足"":71,""現在の主色に合う"":25,""火力・マイナス修整"":26}","[""カード情報からの推定単体評価"",""主色外のマナ供給が不足"",""火力・マイナス修整"",""現在の主色に合う""]"
"a2f8cde8-bf7b-4234-89f0-a95f9dc937e3","Cauldron of Essence","42","11.833333333333334","14","0","0","0","0","","not-applicable-14-card-packs","","","","","","","43.4","43.4","0","-5.223723499323216","0","0","0","0","{""base"":43.400000000000034,""mana"":-0.21551230899006937,""color"":-5.223723499323216,""synergy"":0,""curve"":0,""creature"":0,""removal"":0,""duplicate"":0,""fixing"":0}","{""カード情報からの推定単体評価"":42,""主色外のマナ供給が不足"":32,""現在の主色に合う"":10}","[""カード情報からの推定単体評価"",""主色外のマナ供給が不足"",""現在の主色に合う""]"
"a30a2b96-4a8c-4d18-b276-5005b8aff7ed","Tester of the Tangential","89","6.550561797752809","29","0","0","0.13793103448275862","0","","not-applicable-14-card-packs","","","","","","","47.4","47.4","0","0.5285707274339693","0","0.5600612870275792","0","0","{""base"":47.400000000000055,""mana"":0,""color"":0.5285707274339693,""synergy"":0,""curve"":0.5600612870275792,""creature"":0.3640449438202247,""removal"":0,""duplicate"":0,""fixing"":0}","{""カード情報からの推定単体評価"":89,""現在の主色に合う"":60,""2マナのクリーチャーを補強"":41,""主色外のマナ供給が不足"":25,""クリーチャー不足を補う"":34}","[""カード情報からの推定単体評価"",""現在の主色に合う"",""2マナのクリーチャーを補強"",""クリーチャー不足を補う"",""主色外のマナ供給が不足""]"
"a32e08fa-bea4-4ba9-a126-9bf0a91f67e2","Fields of Strife","205","8.229268292682926","76","0","0","0","0","","not-applicable-14-card-packs","","","","","","","45","45","0","0","0.15807391386481767","0","0","0","{""base"":45,""mana"":0,""color"":0,""synergy"":0.15807391386481767,""curve"":0,""creature"":0,""removal"":0,""duplicate"":0,""fixing"":1.8962582570776012}","{""カード情報からの推定単体評価"":205,""主色のマナ基盤を補強"":74,""アーキタイプ・共通メカニズムと相性が良い"":37}","[""カード情報からの推定単体評価"",""主色のマナ基盤を補強"",""アーキタイプ・共通メカニズムと相性が良い""]"
"a3e10b9b-9349-4b44-a46c-c825293dbd05","The Dawning Archaic","17","11.117647058823529","7","0","0","0","0","","not-applicable-14-card-packs","","","","","","","43.6","43.6","0","0","0","0","0","0","{""base"":43.600000000000016,""mana"":0,""color"":0,""synergy"":0,""curve"":0,""creature"":0,""removal"":0,""duplicate"":0,""fixing"":0}","{""カード情報からの推定単体評価"":17}","[""カード情報からの推定単体評価""]"
"a3fb7228-e76b-4e96-a40e-20b5fed75685","Mountain","461","14","146","0","0","0","1","","not-applicable-14-card-packs","","","","","","","12","12","0","0","0","0","0","0","{""base"":12,""mana"":0,""color"":0,""synergy"":0,""curve"":0,""creature"":0,""removal"":0,""duplicate"":0,""fixing"":0}","{""カード情報からの推定単体評価"":461}","[""カード情報からの推定単体評価""]"
"a5729f11-6cde-4830-b882-ab4c5251c1a9","Lorehold Charm","69","11.81159420289855","22","0","0","0","0","","not-applicable-14-card-packs","","","","","","","43","43","0","-3.7336398947655853","0.037550050701939126","0","0","0","{""base"":43,""mana"":-0.21695273842542312,""color"":-3.7336398947655853,""synergy"":0.037550050701939126,""curve"":0,""creature"":0,""removal"":0,""duplicate"":0,""fixing"":0}","{""カード情報からの推定単体評価"":69,""現在の主色に合う"":26,""主色外のマナ供給が不足"":43,""アーキタイプ・共通メカニズムと相性が良い"":3}","[""カード情報からの推定単体評価"",""主色外のマナ供給が不足"",""現在の主色に合う"",""アーキタイプ・共通メカニズムと相性が良い""]"
"a76adc88-e7db-43e2-8fbf-bae95c0838ef","Living History","97","10.639175257731958","33","0","0","0","0","","not-applicable-14-card-packs","","","","","","","43","43","0","0.4778891703302155","0","0","0","0","{""base"":43,""mana"":0,""color"":0.4778891703302155,""synergy"":0,""curve"":0,""creature"":0,""removal"":0,""duplicate"":0,""fixing"":0}","{""カード情報からの推定単体評価"":97,""現在の主色に合う"":71,""主色外のマナ供給が不足"":26}","[""カード情報からの推定単体評価"",""現在の主色に合う"",""主色外のマナ供給が不足""]"
"a7fe7621-9bb1-4d0d-8b50-c179c685d79d","Proctor's Gaze","103","12.54368932038835","42","0","0","0","0","","not-applicable-14-card-packs","","","","","","","43","43","0","-5.637864012628943","0","0","0","0","{""base"":43,""mana"":-0.23407932041489332,""color"":-5.637864012628943,""synergy"":0,""curve"":0,""creature"":0,""removal"":0,""duplicate"":0,""fixing"":0}","{""カード情報からの推定単体評価"":103,""主色外のマナ供給が不足"":67,""スプラッシュ用のマナ供給あり"":14,""現在の主色に合う"":22}","[""カード情報からの推定単体評価"",""主色外のマナ供給が不足"",""現在の主色に合う"",""スプラッシュ用のマナ供給あり""]"
"a82c3860-4dd6-4ffd-aa8f-ab8df687db6c","Last Gasp","208","7.076923076923077","63","0","0","0.14285714285714285","0","","not-applicable-14-card-packs","","","","","","","47.4","47.4","0","0.744045131910542","0","0","0.16127622377622375","0","{""base"":47.39999999999982,""mana"":0,""color"":0.744045131910542,""synergy"":0,""curve"":0,""creature"":0,""removal"":0.16127622377622375,""duplicate"":0,""fixing"":0}","{""カード情報からの推定単体評価"":208,""主色外のマナ供給が不足"":49,""現在の主色に合う"":150,""火力・マイナス修整"":153}","[""カード情報からの推定単体評価"",""火力・マイナス修整"",""現在の主色に合う"",""主色外のマナ供給が不足""]"
"a8c44bd9-6470-47d7-934f-77c76a44a984","Sanar, Unfinished Genius // Wild Idea","88","8.943181818181818","29","0","0","0.27586206896551724","0","","not-applicable-14-card-packs","","","","","","","49","49","0","-3.5034129258628224","0","0.19163223140495866","0","-0.2556818181818182","{""base"":49,""mana"":-1.0709184414656974,""color"":-3.5034129258628224,""synergy"":0,""curve"":0.19163223140495866,""creature"":0.13016528925619833,""removal"":0,""duplicate"":-0.2556818181818182,""fixing"":0}","{""カード情報からの推定単体評価"":88,""現在の主色に合う"":23,""2マナのクリーチャーを補強"":14,""クリーチャー不足を補う"":11,""主色外のマナ供給が不足"":57}","[""カード情報からの推定単体評価"",""主色外のマナ供給が不足"",""現在の主色に合う"",""2マナのクリーチャーを補強"",""クリーチャー不足を補う""]"
"a8c70dab-1e27-4a9c-bd2d-910d5720d02d","Great Hall of the Biblioplex","55","6.090909090909091","25","0","0","0","0","","not-applicable-14-card-packs","","","","","","","45.4","45.4","0","0","0","0","0","0","{""base"":45.40000000000004,""mana"":0,""color"":0,""synergy"":0,""curve"":0,""creature"":0,""removal"":0,""duplicate"":0,""fixing"":3.508275591507198}","{""カード情報からの推定単体評価"":55,""主色のマナ基盤を補強"":55}","[""カード情報からの推定単体評価"",""主色のマナ基盤を補強""]"
"a9abed25-9256-4fc7-8afb-edb4286e18f4","Dina's Guidance","59","11.745762711864407","22","0","0","0","0","","not-applicable-14-card-packs","","","","","","","43.4","43.4","0","-4.266294813331147","0","0","0","0","{""base"":43.40000000000004,""mana"":-0.25137868933883617,""color"":-4.266294813331147,""synergy"":0,""curve"":0,""creature"":0,""removal"":0,""duplicate"":0,""fixing"":0}","{""カード情報からの推定単体評価"":59,""主色外のマナ供給が不足"":42,""現在の主色に合う"":17}","[""カード情報からの推定単体評価"",""主色外のマナ供給が不足"",""現在の主色に合う""]"
"ac4277d7-d78a-4d6e-8d6d-11f9e56f8ae7","Glorious Decay","223","5.37219730941704","84","1","0.011904761904761904","0.5833333333333334","0","","not-applicable-14-card-packs","","","","","","","48.8","48.8","0","1.2374576459688802","0","0","0.2289441500203832","0","{""base"":48.79999999999992,""mana"":0,""color"":1.2374576459688802,""synergy"":0,""curve"":0,""creature"":0,""removal"":0.2289441500203832,""duplicate"":0,""fixing"":0}","{""カード情報からの推定単体評価"":223,""現在の主色に合う"":152,""条件付き除去"":165,""主色外のマナ供給が不足"":22}","[""カード情報からの推定単体評価"",""条件付き除去"",""現在の主色に合う"",""主色外のマナ供給が不足""]"
"b095526e-94a4-416b-83de-d6271804ccf3","Sundering Archaic","85","7.0588235294117645","32","0","0","0.09375","0","","not-applicable-14-card-packs","","","","","","","46.3","46.3","0","0","0","0","0.22716577540106953","-0.05647058823529411","{""base"":46.30000000000007,""mana"":0,""color"":0,""synergy"":0,""curve"":0,""creature"":0.48577540106951905,""removal"":0.22716577540106953,""duplicate"":-0.05647058823529411,""fixing"":0}","{""カード情報からの推定単体評価"":85,""条件付き除去"":85,""クリーチャー不足を補う"":40}","[""カード情報からの推定単体評価"",""条件付き除去"",""クリーチャー不足を補う""]"
"b0b9a7c1-f515-4627-a050-b595d6641611","Charging Strifeknight","76","2.3157894736842106","24","16","0.6666666666666666","1","0","","not-applicable-14-card-packs","","","","","","","51.5","51.5","0","1.3518710636252695","0.12257468353440629","0.45077751196172255","0","0","{""base"":51.5,""mana"":0,""color"":1.3518710636252695,""synergy"":0.12257468353440629,""curve"":0.45077751196172255,""creature"":0.44354066985645946,""removal"":0,""duplicate"":0,""fixing"":0}","{""カード情報からの推定単体評価"":76,""現在の主色に合う"":50,""3マナのクリーチャーを補強"":26,""クリーチャー不足を補う"":27,""アーキタイプ・共通メカニズムと相性が良い"":11,""主色外のマナ供給が不足"":2}","[""カード情報からの推定単体評価"",""現在の主色に合う"",""クリーチャー不足を補う"",""3マナのクリーチャーを補強"",""アーキタイプ・共通メカニズムと相性が良い""]"
"b14d3226-adc2-4bdd-9e69-fefdc946ac04","Wander Off","228","4.842105263157895","71","4","0.056338028169014086","0.9014084507042254","0","","not-applicable-14-card-packs","","","","","","","49.6","49.6","0","0.9834217685861345","0","0","0.16973684210526313","0","{""base"":49.60000000000021,""mana"":0,""color"":0.9834217685861345,""synergy"":0,""curve"":0,""creature"":0,""removal"":0.16973684210526313,""duplicate"":0,""fixing"":0}","{""カード情報からの推定単体評価"":228,""確定除去"":167,""主色外のマナ供給が不足"":17,""現在の主色に合う"":139,""スプラッシュ用のマナ供給あり"":8}","[""カード情報からの推定単体評価"",""確定除去"",""現在の主色に合う"",""主色外のマナ供給が不足"",""スプラッシュ用のマナ供給あり""]"
"b284913e-3530-4a7e-8c75-efb18788dad0","Social Snub","81","11.802469135802468","34","0","0","0","0","","not-applicable-14-card-packs","","","","","","","43","43","0","-2.5720644134270225","0.05293020941796847","0","0","0","{""base"":43,""mana"":-0.2516643478171912,""color"":-2.5720644134270225,""synergy"":0.05293020941796847,""curve"":0,""creature"":0,""removal"":0,""duplicate"":0,""fixing"":0}","{""カード情報からの推定単体評価"":81,""主色外のマナ供給が不足"":47,""現在の主色に合う"":34,""アーキタイプ・共通メカニズムと相性が良い"":5}","[""カード情報からの推定単体評価"",""主色外のマナ供給が不足"",""現在の主色に合う"",""アーキタイプ・共通メカニズムと相性が良い""]"
"b2c6aa39-2d2a-459c-a555-fb48ba993373","Island","500","14","159","0","0","0","1","","not-applicable-14-card-packs","","","","","","","12","12","0","0","0","0","0","0","{""base"":12,""mana"":0,""color"":0,""synergy"":0,""curve"":0,""creature"":0,""removal"":0,""duplicate"":0,""fixing"":0}","{""カード情報からの推定単体評価"":500}","[""カード情報からの推定単体評価""]"
"b34bb2dc-c1af-4d77-b0b3-a0fb342a5fc6","Forest","468","14","167","0","0","0","1","","not-applicable-14-card-packs","","","","","","","12","12","0","0","0","0","0","0","{""base"":12,""mana"":0,""color"":0,""synergy"":0,""curve"":0,""creature"":0,""removal"":0,""duplicate"":0,""fixing"":0}","{""カード情報からの推定単体評価"":468}","[""カード情報からの推定単体評価""]"
"b45afde2-eaaf-4174-8082-d344efa54c44","Cost of Brilliance","204","10.264705882352942","71","0","0","0","0","","not-applicable-14-card-packs","","","","","","","43","43","0","0.7039173926817874","0","0","0","0","{""base"":43,""mana"":0,""color"":0.7039173926817874,""synergy"":0,""curve"":0,""creature"":0,""removal"":0,""duplicate"":0,""fixing"":0}","{""カード情報からの推定単体評価"":204,""主色外のマナ供給が不足"":50,""現在の主色に合う"":154}","[""カード情報からの推定単体評価"",""現在の主色に合う"",""主色外のマナ供給が不足""]"
"b8ecddf7-ba89-40dd-9f63-5bad27dd850d","Pest Mascot","238","5.974789915966387","76","5","0.06578947368421052","0.8947368421052632","0","","not-applicable-14-card-packs","","","","","","","50.2","50.2","0","-1.3983047171379022","0","0.15057295645530935","0","0","{""base"":50.20000000000014,""mana"":-0.30635336388575835,""color"":-1.3983047171379022,""synergy"":0,""curve"":0.15057295645530935,""creature"":0.2209320091673035,""removal"":0,""duplicate"":0,""fixing"":0}","{""カード情報からの推定単体評価"":238,""現在の主色に合う"":84,""3マナのクリーチャーを補強"":47,""クリーチャー不足を補う"":52,""主色外のマナ供給が不足"":86}","[""カード情報からの推定単体評価"",""主色外のマナ供給が不足"",""現在の主色に合う"",""クリーチャー不足を補う"",""3マナのクリーチャーを補強""]"
"b9110be0-3f0c-449b-8baf-689e92fdb8f0","Embrace the Paradox","232","11.25","81","0","0","0","0","","not-applicable-14-card-packs","","","","","","","45.5","45.5","0","-4.1276867582112615","0","0","0","0","{""base"":45.5,""mana"":-0.23977355483830495,""color"":-4.1276867582112615,""synergy"":0,""curve"":0,""creature"":0,""removal"":0,""duplicate"":0,""fixing"":0}","{""カード情報からの推定単体評価"":232,""主色外のマナ供給が不足"":123,""現在の主色に合う"":68,""スプラッシュ用のマナ供給あり"":41}","[""カード情報からの推定単体評価"",""主色外のマナ供給が不足"",""現在の主色に合う"",""スプラッシュ用のマナ供給あり""]"
"bc71ebf6-2056-41f7-be35-b2e5c34afa99","Plains","498","14","174","0","0","0","1","","not-applicable-14-card-packs","","","","","","","12","12","0","0","0","0","0","0","{""base"":12,""mana"":0,""color"":0,""synergy"":0,""curve"":0,""creature"":0,""removal"":0,""duplicate"":0,""fixing"":0}","{""カード情報からの推定単体評価"":498}","[""カード情報からの推定単体評価""]"
"bc899d5c-0a91-4f19-a3e4-3078ae966110","Abstract Paintmage","91","9.857142857142858","34","0","0","0.08823529411764706","0","","not-applicable-14-card-packs","","","","","","","47.4","47.4","0","-4.0981534425093695","0","0.010289710289710291","0","0","{""base"":47.40000000000005,""mana"":-0.2903195927975242,""color"":-4.0981534425093695,""synergy"":0,""curve"":0.010289710289710291,""creature"":0.07012987012987013,""removal"":0,""duplicate"":0,""fixing"":0}","{""カード情報からの推定単体評価"":91,""現在の主色に合う"":16,""クリーチャー不足を補う"":7,""主色外のマナ供給が不足"":72,""3マナのクリーチャーを補強"":3}","[""カード情報からの推定単体評価"",""主色外のマナ供給が不足"",""現在の主色に合う"",""クリーチャー不足を補う"",""3マナのクリーチャーを補強""]"
"bd9d3a70-faed-4bc6-97d8-1601b36cdb21","Quill-Blade Laureate // Twofold Intent","83","4.9156626506024095","27","0","0","0.4074074074074074","0","","not-applicable-14-card-packs","","","","","","","48.4","48.4","0","1.4148502722400127","0","0.7074479737130338","0","0","{""base"":48.40000000000006,""mana"":0,""color"":1.4148502722400127,""synergy"":0,""curve"":0.7074479737130338,""creature"":0.42453450164293544,""removal"":0,""duplicate"":0,""fixing"":0}","{""カード情報からの推定単体評価"":83,""現在の主色に合う"":65,""2マナのクリーチャーを補強"":46,""クリーチャー不足を補う"":32,""主色外のマナ供給が不足"":7}","[""カード情報からの推定単体評価"",""現在の主色に合う"",""2マナのクリーチャーを補強"",""クリーチャー不足を補う"",""主色外のマナ供給が不足""]"
"bf7ec320-64bb-46ca-aac0-ca3d4224b69e","Ajani's Response","225","7.48","72","0","0","0.013888888888888888","0","","not-applicable-14-card-packs","","","","","","","46.3","46.3","0","1.5028420105509364","0","0","0.16545454545454547","0","{""base"":46.29999999999994,""mana"":0,""color"":1.5028420105509364,""synergy"":0,""curve"":0,""creature"":0,""removal"":0.16545454545454547,""duplicate"":0,""fixing"":0}","{""カード情報からの推定単体評価"":225,""現在の主色に合う"":192,""条件付き除去"":192,""主色外のマナ供給が不足"":24,""スプラッシュ用のマナ供給あり"":8}","[""カード情報からの推定単体評価"",""現在の主色に合う"",""条件付き除去"",""主色外のマナ供給が不足"",""スプラッシュ用のマナ供給あり""]"
"c008d60a-ee06-4411-b8e7-c2df13616105","Pigment Wrangler // Striking Palette","89","4.348314606741573","29","2","0.06896551724137931","0.896551724137931","0","","not-applicable-14-card-packs","","","","","","","49.4","49.4","0","0.9766408694106142","0","0","0","0","{""base"":49.400000000000034,""mana"":0,""color"":0.9766408694106142,""synergy"":0,""curve"":0,""creature"":0.31501532175689473,""removal"":0,""duplicate"":0,""fixing"":0}","{""カード情報からの推定単体評価"":89,""現在の主色に合う"":53,""クリーチャー不足を補う"":27,""主色外のマナ供給が不足"":10}","[""カード情報からの推定単体評価"",""現在の主色に合う"",""クリーチャー不足を補う"",""主色外のマナ供給が不足""]"
"c17f0e65-e5a3-4113-b782-0b192ab52046","Killian's Confidence","80","9.65","21","0","0","0","0","","not-applicable-14-card-packs","","","","","","","46.5","46.5","0","-1.4055266427918371","0","0","0","0","{""base"":46.5,""mana"":-0.22711590229687123,""color"":-1.4055266427918371,""synergy"":0,""curve"":0,""creature"":0,""removal"":0,""duplicate"":0,""fixing"":0}","{""カード情報からの推定単体評価"":80,""現在の主色に合う"":44,""主色外のマナ供給が不足"":36}","[""カード情報からの推定単体評価"",""現在の主色に合う"",""主色外のマナ供給が不足""]"
"c1bdd361-c7f2-4aa2-8d07-b582775551ff","Blech, Loafing Pest","53","6.150943396226415","19","0","0","0.9473684210526315","0","","not-applicable-14-card-packs","","","","","","","50.199999999999996","50.199999999999996","0","-2.342983685617281","0","-0.001715265866209265","0","0","{""base"":50.19999999999998,""mana"":-0.33453822488720913,""color"":-2.342983685617281,""synergy"":0,""curve"":-0.001715265866209265,""creature"":0.14408233276157806,""removal"":0,""duplicate"":0,""fixing"":0}","{""カード情報からの推定単体評価"":53,""現在の主色に合う"":14,""クリーチャー不足を補う"":6,""主色外のマナ供給が不足"":21,""3マナのクリーチャーを補強"":6}","[""カード情報からの推定単体評価"",""主色外のマナ供給が不足"",""現在の主色に合う"",""クリーチャー不足を補う"",""3マナのクリーチャーを補強""]"
"c2e2f21a-0338-44d7-96a5-5a277f0ec419","Moseo, Vein's New Dean","50","5.04","21","0","0","0.5238095238095238","0","","not-applicable-14-card-packs","","","","","","","49","49","0","1.282028844244962","0","0.2040909090909091","0","-0.2","{""base"":49,""mana"":0,""color"":1.282028844244962,""synergy"":0,""curve"":0.2040909090909091,""creature"":0.38836363636363624,""removal"":0,""duplicate"":-0.2,""fixing"":0}","{""カード情報からの推定単体評価"":50,""現在の主色に合う"":32,""クリーチャー不足を補う"":16,""3マナのクリーチャーを補強"":15,""主色外のマナ供給が不足"":7}","[""カード情報からの推定単体評価"",""現在の主色に合う"",""クリーチャー不足を補う"",""3マナのクリーチャーを補強"",""主色外のマナ供給が不足""]"
"c3c25a2c-f71c-4cb7-9117-0bcda9248bfd","Prismari Charm","92","9.304347826086957","27","0","0","0.18518518518518517","0","","not-applicable-14-card-packs","","","","","","","47.92","47.92","0","-2.894264519504672","0.11202365574318598","0","0.13895750988142294","0","{""base"":47.92000000000005,""mana"":-0.2567313815585795,""color"":-2.894264519504672,""synergy"":0.11202365574318598,""curve"":0,""creature"":0,""removal"":0.13895750988142294,""duplicate"":0,""fixing"":0}","{""カード情報からの推定単体評価"":92,""バウンス・打ち消し"":31,""現在の主色に合う"":30,""アーキタイプ・共通メカニズムと相性が良い"":12,""主色外のマナ供給が不足"":57}","[""カード情報からの推定単体評価"",""主色外のマナ供給が不足"",""バウンス・打ち消し"",""現在の主色に合う"",""アーキタイプ・共通メカニズムと相性が良い""]"
"c47caa45-e7fc-414a-8a5d-59b58f1751f3","Burrog Barrage","236","7.385593220338983","91","0","0","0.08791208791208792","0","","not-applicable-14-card-packs","","","","","","","46.3","46.3","0","0.9175008322693173","0","0","0.20064522342064714","0","{""base"":46.29999999999991,""mana"":0,""color"":0.9175008322693173,""synergy"":0,""curve"":0,""creature"":0,""removal"":0.20064522342064714,""duplicate"":0,""fixing"":0}","{""カード情報からの推定単体評価"":236,""現在の主色に合う"":177,""条件付き除去"":180,""主色外のマナ供給が不足"":51}","[""カード情報からの推定単体評価"",""条件付き除去"",""現在の主色に合う"",""主色外のマナ供給が不足""]"
"c505d304-9428-4532-87a2-167c69f16969","Pox Plague","45","11.066666666666666","19","0","0","0","0","","not-applicable-14-card-packs","","","","","","","43.4","43.4","0","0.5207310897351789","0.23285274652096802","0","0","0","{""base"":43.400000000000034,""mana"":-1.2000000000000008,""color"":0.5207310897351789,""synergy"":0.23285274652096802,""curve"":0,""creature"":0,""removal"":0,""duplicate"":0,""fixing"":0}","{""カード情報からの推定単体評価"":45,""主色外のマナ供給が不足"":11,""現在の主色に合う"":34,""アーキタイプ・共通メカニズムと相性が良い"":10}","[""カード情報からの推定単体評価"",""現在の主色に合う"",""主色外のマナ供給が不足"",""アーキタイプ・共通メカニズムと相性が良い""]"
"c531801c-acf0-45ae-a112-054cc5ccb6ed","Burrog Banemaker","218","2.6192660550458715","79","30","0.379746835443038","1","0","","not-applicable-14-card-packs","","","","","","","51","51","0","1.1629271190551607","0","0","0","0","{""base"":51,""mana"":0,""color"":1.1629271190551607,""synergy"":0,""curve"":0,""creature"":0.3853211009174315,""removal"":0,""duplicate"":0,""fixing"":0}","{""カード情報からの推定単体評価"":218,""現在の主色に合う"":125,""クリーチャー不足を補う"":66,""主色外のマナ供給が不足"":14}","[""カード情報からの推定単体評価"",""現在の主色に合う"",""クリーチャー不足を補う"",""主色外のマナ供給が不足""]"
"c5373026-8b43-42a7-aa69-a1b0f1619795","Pull from the Grave","194","8.474226804123711","65","0","0","0.03076923076923077","0","","not-applicable-14-card-packs","","","","","","","45.5","45.5","0","1.088267804627225","0","0","0","0","{""base"":45.5,""mana"":0,""color"":1.088267804627225,""synergy"":0,""curve"":0,""creature"":0,""removal"":0,""duplicate"":0,""fixing"":0}","{""カード情報からの推定単体評価"":194,""主色外のマナ供給が不足"":35,""現在の主色に合う"":157}","[""カード情報からの推定単体評価"",""現在の主色に合う"",""主色外のマナ供給が不足""]"
"c63b3511-d597-4c6e-9094-eabdeaa8a394","Jadzi, Steward of Fate // Oracle's Gift","46","2.652173913043478","16","11","0.6875","1","0","","not-applicable-14-card-packs","","","","","","","51.9","51.9","0","0.7555808173237414","0.10386907183110158","0.374505928853755","0","0","{""base"":51.90000000000004,""mana"":0,""color"":0.7555808173237414,""synergy"":0.10386907183110158,""curve"":0.374505928853755,""creature"":0.4067193675889327,""removal"":0,""duplicate"":0,""fixing"":0}","{""カード情報からの推定単体評価"":46,""現在の主色に合う"":25,""クリーチャー不足を補う"":13,""主色外のマナ供給が不足"":5,""3マナのクリーチャーを補強"":14,""アーキタイプ・共通メカニズムと相性が良い"":4}","[""カード情報からの推定単体評価"",""現在の主色に合う"",""3マナのクリーチャーを補強"",""クリーチャー不足を補う"",""主色外のマナ供給が不足""]"
"c6a5adc8-ee57-421e-8235-0b3160f44568","Magmablood Archaic","60","8.633333333333333","23","0","0","0","0","","not-applicable-14-card-packs","","","","","","","45.4","45.4","0","1.2784770121432025","0","-0.012727272727272726","0","-0.04","{""base"":45.40000000000005,""mana"":0,""color"":1.2784770121432025,""synergy"":0,""curve"":-0.012727272727272726,""creature"":0.4472727272727272,""removal"":0,""duplicate"":-0.04,""fixing"":0}","{""カード情報からの推定単体評価"":60,""主色外のマナ供給が不足"":10,""現在の主色に合う"":50,""クリーチャー不足を補う"":27}","[""カード情報からの推定単体評価"",""現在の主色に合う"",""クリーチャー不足を補う"",""主色外のマナ供給が不足""]"
"c77ddcac-ce54-4348-bde2-5d9caf3d5b04","Spiritcall Enthusiast // Scrollboost","99","3.98989898989899","25","0","0","0.84","0","","not-applicable-14-card-packs","","","","","","","49","49","0","1.6291445809384877","0","0.6298898071625343","0","0","{""base"":49,""mana"":0,""color"":1.6291445809384877,""synergy"":0,""curve"":0.6298898071625343,""creature"":0.4986225895316809,""removal"":0,""duplicate"":0,""fixing"":0}","{""カード情報からの推定単体評価"":99,""現在の主色に合う"":75,""3マナのクリーチャーを補強"":57,""クリーチャー不足を補う"":48,""主色外のマナ供給が不足"":2}","[""カード情報からの推定単体評価"",""現在の主色に合う"",""3マナのクリーチャーを補強"",""クリーチャー不足を補う"",""主色外のマナ供給が不足""]"
"c854ecb0-cc60-4c48-a9aa-7f2348a7a8c6","Shattered Sanctum","54","7.833333333333333","19","0","0","0","0","","not-applicable-14-card-packs","","","","","","","45.4","45.4","0","0","0","0","0","0","{""base"":45.40000000000004,""mana"":0,""color"":0,""synergy"":0,""curve"":0,""creature"":0,""removal"":0,""duplicate"":0,""fixing"":2.2051519740933565}","{""カード情報からの推定単体評価"":54,""主色のマナ基盤を補強"":21}","[""カード情報からの推定単体評価"",""主色のマナ基盤を補強""]"
"c8d22139-7b25-4bb1-b0d9-d4c622401edf","Germination Practicum","21","9.761904761904763","10","0","0","0","0","","not-applicable-14-card-packs","","","","","","","43.6","43.6","0","0.14734777452961986","0","0","0","0","{""base"":43.600000000000016,""mana"":0,""color"":0.14734777452961986,""synergy"":0,""curve"":0,""creature"":0,""removal"":0,""duplicate"":0,""fixing"":0}","{""カード情報からの推定単体評価"":21,""現在の主色に合う"":17,""主色外のマナ供給が不足"":4}","[""カード情報からの推定単体評価"",""現在の主色に合う"",""主色外のマナ供給が不足""]"
"c8da73ed-2834-4094-8723-a4ad75660290","Impractical Joke","97","10.45360824742268","34","0","0","0","0","","not-applicable-14-card-packs","","","","","","","43","43","0","0.4122272999516907","0","0","0","0","{""base"":43,""mana"":0,""color"":0.4122272999516907,""synergy"":0,""curve"":0,""creature"":0,""removal"":0,""duplicate"":0,""fixing"":0}","{""カード情報からの推定単体評価"":97,""現在の主色に合う"":68,""主色外のマナ供給が不足"":29}","[""カード情報からの推定単体評価"",""現在の主色に合う"",""主色外のマナ供給が不足""]"
"c997afb7-82cb-4579-885e-3628cb1b51e4","Rapturous Moment","97","11.391752577319588","38","0","0","0","0","","not-applicable-14-card-packs","","","","","","","45.5","45.5","0","-4.919670824682829","0.05726802743766866","-0.061855670103092786","0","-0.14845360824742265","{""base"":45.5,""mana"":-0.2630774322198401,""color"":-4.919670824682829,""synergy"":0.05726802743766866,""curve"":-0.061855670103092786,""creature"":0,""removal"":0,""duplicate"":-0.14845360824742265,""fixing"":0}","{""カード情報からの推定単体評価"":97,""現在の主色に合う"":23,""主色外のマナ供給が不足"":49,""スプラッシュ用のマナ供給あり"":25,""アーキタイプ・共通メカニズムと相性が良い"":6}","[""カード情報からの推定単体評価"",""主色外のマナ供給が不足"",""スプラッシュ用のマナ供給あり"",""現在の主色に合う"",""アーキタイプ・共通メカニズムと相性が良い""]"
"c9f35490-462a-4c8f-9d8b-d8abca6596f7","Visionary's Dance","215","12.353488372093024","65","0","0","0","0","","not-applicable-14-card-packs","","","","","","","43","43","0","-6.632710423512996","0.08188639284682774","0","0","-0.1562790697674418","{""base"":43,""mana"":-0.20647477662485667,""color"":-6.632710423512996,""synergy"":0.08188639284682774,""curve"":0,""creature"":0,""removal"":0,""duplicate"":-0.1562790697674418,""fixing"":0}","{""カード情報からの推定単体評価"":215,""現在の主色に合う"":38,""主色外のマナ供給が不足"":131,""アーキタイプ・共通メカニズムと相性が良い"":19,""スプラッシュ用のマナ供給あり"":46}","[""カード情報からの推定単体評価"",""主色外のマナ供給が不足"",""スプラッシュ用のマナ供給あり"",""現在の主色に合う"",""アーキタイプ・共通メカニズムと相性が良い""]"
"cb125cd4-c7c2-415d-b802-bdcfc2454403","Lluwen, Exchange Student // Pest Friend","88","8.465909090909092","32","0","0","0.28125","0","","not-applicable-14-card-packs","","","","","","","48.2","48.2","0","-2.6639023377811033","0","0.26441115702479345","0","-0.08522727272727272","{""base"":48.199999999999925,""mana"":-0.28746690769504885,""color"":-2.6639023377811033,""synergy"":0,""curve"":0.26441115702479345,""creature"":0.1599173553719008,""removal"":0,""duplicate"":-0.08522727272727272,""fixing"":0}","{""カード情報からの推定単体評価"":88,""主色外のマナ供給が不足"":34,""現在の主色に合う"":28,""4マナのクリーチャーを補強"":17,""クリーチャー不足を補う"":14,""スプラッシュ用のマナ供給あり"":17}","[""カード情報からの推定単体評価"",""主色外のマナ供給が不足"",""現在の主色に合う"",""4マナのクリーチャーを補強"",""スプラッシュ用のマナ供給あり""]"
"cb45860a-1937-4803-b6d8-331a35be39fd","Fractal Tender","87","10.850574712643677","31","0","0","0","0","","not-applicable-14-card-packs","","","","","","","45.8","45.8","0","-2.82773375603362","0","0","0","0","{""base"":45.800000000000075,""mana"":-0.24654923010293722,""color"":-2.82773375603362,""synergy"":0,""curve"":0,""creature"":0.16238244514106584,""removal"":0,""duplicate"":0,""fixing"":0}","{""カード情報からの推定単体評価"":87,""主色外のマナ供給が不足"":46,""スプラッシュ用のマナ供給あり"":10,""現在の主色に合う"":31,""クリーチャー不足を補う"":14}","[""カード情報からの推定単体評価"",""主色外のマナ供給が不足"",""現在の主色に合う"",""クリーチャー不足を補う"",""スプラッシュ用のマナ供給あり""]"
"cca03b76-dd3c-4228-b97a-f7fa20819b2e","Pterafractyl","220","8.25909090909091","76","0","0","0.32894736842105265","0","","not-applicable-14-card-packs","","","","","","","48.6","48.6","0","-2.133603882819261","0","0.2475413223140496","0","0","{""base"":48.6000000000002,""mana"":-0.28732014948934864,""color"":-2.133603882819261,""synergy"":0,""curve"":0.2475413223140496,""creature"":0.18644628099173563,""removal"":0,""duplicate"":0,""fixing"":0}","{""カード情報からの推定単体評価"":220,""主色外のマナ供給が不足"":116,""現在の主色に合う"":79,""2マナのクリーチャーを補強"":48,""クリーチャー不足を補う"":43}","[""カード情報からの推定単体評価"",""主色外のマナ供給が不足"",""現在の主色に合う"",""2マナのクリーチャーを補強"",""クリーチャー不足を補う""]"
"cca3f3e8-15a7-4ad8-893a-d3570178a800","Fractal Mascot","219","6.954337899543379","69","2","0.028985507246376812","0.9130434782608695","0","","not-applicable-14-card-packs","","","","","","","50.1","50.1","0","-2.2153461406946513","0","-0.02216687422166874","0.16363636363636366","-0.25753424657534263","{""base"":50.10000000000021,""mana"":-0.3037976657738028,""color"":-2.2153461406946513,""synergy"":0,""curve"":-0.02216687422166874,""creature"":0.11855541718555421,""removal"":0.16363636363636366,""duplicate"":-0.25753424657534263,""fixing"":0}","{""カード情報からの推定単体評価"":219,""主色外のマナ供給が不足"":58,""スプラッシュ用のマナ供給あり"":32,""現在の主色に合う"":66,""タップ"":70,""クリーチャー不足を補う"":30}","[""カード情報からの推定単体評価"",""タップ"",""現在の主色に合う"",""主色外のマナ供給が不足"",""スプラッシュ用のマナ供給あり""]"
"ce1a6c1f-6b4e-4d19-b256-48d073b359b7","Additive Evolution","95","10.378947368421052","34","0","0","0","0","","not-applicable-14-card-packs","","","","","","","43","43","0","0.8163598739471514","0","0","0","0","{""base"":43,""mana"":0,""color"":0.8163598739471514,""synergy"":0,""curve"":0,""creature"":0,""removal"":0,""duplicate"":0,""fixing"":0}","{""カード情報からの推定単体評価"":95,""現在の主色に合う"":73,""主色外のマナ供給が不足"":22}","[""カード情報からの推定単体評価"",""現在の主色に合う"",""主色外のマナ供給が不足""]"
"cf43518b-bfec-443d-a6c0-f2d848dc5fa8","Rapier Wit","204","6.813725490196078","61","0","0","0.13114754098360656","0","","not-applicable-14-card-packs","","","","","","","46.6","46.6","0","1.6733684794695314","0","0","0.19010695187165771","0","{""base"":46.60000000000018,""mana"":0,""color"":1.6733684794695314,""synergy"":0,""curve"":0,""creature"":0,""removal"":0.19010695187165771,""duplicate"":0,""fixing"":0}","{""カード情報からの推定単体評価"":204,""現在の主色に合う"":176,""タップ"":180,""主色外のマナ供給が不足"":20}","[""カード情報からの推定単体評価"",""タップ"",""現在の主色に合う"",""主色外のマナ供給が不足""]"
"cf56a5b4-48fa-4d53-a4b9-14afe079c1d3","Orysa, Tide Choreographer","90","6.344444444444444","27","0","0","0.25925925925925924","0","","not-applicable-14-card-packs","","","","","","","47.5","47.5","0","1.3406971213825325","0","0","0","-0.16666666666666666","{""base"":47.5,""mana"":0,""color"":1.3406971213825325,""synergy"":0,""curve"":0,""creature"":0.4266666666666668,""removal"":0,""duplicate"":-0.16666666666666666,""fixing"":0}","{""カード情報からの推定単体評価"":90,""現在の主色に合う"":66,""クリーチャー不足を補う"":41,""主色外のマナ供給が不足"":13,""スプラッシュ用のマナ供給あり"":4}","[""カード情報からの推定単体評価"",""現在の主色に合う"",""クリーチャー不足を補う"",""主色外のマナ供給が不足"",""スプラッシュ用のマナ供給あり""]"
"d04bce9a-822b-4a52-8826-b503ef5f5b2e","Slumbering Trudge","46","1.7826086956521738","13","11","0.8461538461538461","1","0","","not-applicable-14-card-packs","","","","","","","53.4","53.4","0","1.126378478305434","0","0","0","0","{""base"":53.40000000000004,""mana"":0,""color"":1.126378478305434,""synergy"":0,""curve"":0,""creature"":0.4245059288537549,""removal"":0,""duplicate"":0,""fixing"":0}","{""カード情報からの推定単体評価"":46,""現在の主色に合う"":28,""クリーチャー不足を補う"":15,""主色外のマナ供給が不足"":5}","[""カード情報からの推定単体評価"",""現在の主色に合う"",""クリーチャー不足を補う"",""主色外のマナ供給が不足""]"
"d0d13d5d-677d-4e1a-9e58-2f9840581f6d","Thornfist Striker","97","2.4948453608247423","32","12","0.375","1","0","","not-applicable-14-card-packs","","","","","","","51","51","0","1.312386624274731","0","0.5462043111527648","0","0","{""base"":51,""mana"":0,""color"":1.312386624274731,""synergy"":0,""curve"":0.5462043111527648,""creature"":0.4256794751640114,""removal"":0,""duplicate"":0,""fixing"":0}","{""カード情報からの推定単体評価"":97,""現在の主色に合う"":60,""クリーチャー不足を補う"":32,""主色外のマナ供給が不足"":5,""3マナのクリーチャーを補強"":42}","[""カード情報からの推定単体評価"",""現在の主色に合う"",""3マナのクリーチャーを補強"",""クリーチャー不足を補う"",""主色外のマナ供給が不足""]"
"d2a372d8-3eb2-4ba4-a75f-7951654de383","Informed Inkwright","62","1.7741935483870968","20","14","0.7","1","0","","not-applicable-14-card-packs","","","","","","","51.4","51.4","0","1.4283537037513094","0","0.6264662756598239","0","0","{""base"":51.400000000000055,""mana"":0,""color"":1.4283537037513094,""synergy"":0,""curve"":0.6264662756598239,""creature"":0.5199413489736069,""removal"":0,""duplicate"":0,""fixing"":0}","{""カード情報からの推定単体評価"":62,""現在の主色に合う"":40,""2マナのクリーチャーを補強"":27,""主色外のマナ供給が不足"":2,""クリーチャー不足を補う"":24}","[""カード情報からの推定単体評価"",""現在の主色に合う"",""2マナのクリーチャーを補強"",""クリーチャー不足を補う"",""主色外のマナ供給が不足""]"
"d32c9439-4c97-412b-83cc-6d9acb48be3c","Exhibition Tidecaller","46","5.326086956521739","11","0","0","0.7272727272727273","0","","not-applicable-14-card-packs","","","","","","","49.4","49.4","0","1.3284612951918962","0","0","0","0","{""base"":49.40000000000004,""mana"":0,""color"":1.3284612951918962,""synergy"":0,""curve"":0,""creature"":0.43636363636363623,""removal"":0,""duplicate"":0,""fixing"":0}","{""カード情報からの推定単体評価"":46,""現在の主色に合う"":32,""クリーチャー不足を補う"":19,""主色外のマナ供給が不足"":6}","[""カード情報からの推定単体評価"",""現在の主色に合う"",""クリーチャー不足を補う"",""主色外のマナ供給が不足""]"
"d514704b-4055-48ed-9da3-e4397fca7576","Lumaret's Favor","72","9.25","19","0","0","0","0","","not-applicable-14-card-packs","","","","","","","44","44","0","1.09701432440433","0","0","0","0","{""base"":44,""mana"":0,""color"":1.09701432440433,""synergy"":0,""curve"":0,""creature"":0,""removal"":0,""duplicate"":0,""fixing"":0}","{""カード情報からの推定単体評価"":72,""主色外のマナ供給が不足"":13,""現在の主色に合う"":59}","[""カード情報からの推定単体評価"",""現在の主色に合う"",""主色外のマナ供給が不足""]"
"d604c75e-9d81-49de-80bc-08f4ef3ee975","Potioner's Trove","246","10.231707317073171","69","0","0","0","0","","not-applicable-14-card-packs","","","","","","","43","43","0","0","0","0","0","0","{""base"":43,""mana"":0,""color"":0,""synergy"":0,""curve"":0,""creature"":0,""removal"":0,""duplicate"":0,""fixing"":0}","{""カード情報からの推定単体評価"":246}","[""カード情報からの推定単体評価""]"
"d6accaed-ff35-4324-b31b-35e6837bc079","Encouraging Aviator // Jump","77","2.8051948051948052","23","8","0.34782608695652173","1","0","","not-applicable-14-card-packs","","","","","","","51.2","51.2","0","0.9071200227920043","0","0.45643447461629294","0","0","{""base"":51.199999999999925,""mana"":0,""color"":0.9071200227920043,""synergy"":0,""curve"":0.45643447461629294,""creature"":0.3938606847697757,""removal"":0,""duplicate"":0,""fixing"":0}","{""カード情報からの推定単体評価"":77,""現在の主色に合う"":44,""3マナのクリーチャーを補強"":30,""クリーチャー不足を補う"":26,""主色外のマナ供給が不足"":10}","[""カード情報からの推定単体評価"",""現在の主色に合う"",""3マナのクリーチャーを補強"",""クリーチャー不足を補う"",""主色外のマナ供給が不足""]"
"d6ea0e58-7b14-425b-9135-57e149c0e47e","Conciliator's Duelist","50","4.96","18","2","0.1111111111111111","1","0","","not-applicable-14-card-packs","","","","","","","51.1","51.1","0","0.1936621664723446","0","0.36800000000000005","0","0","{""base"":51.09999999999995,""mana"":-1.1412985906623057,""color"":0.1936621664723446,""synergy"":0,""curve"":0.36800000000000005,""creature"":0.3065454545454545,""removal"":0,""duplicate"":0,""fixing"":0}","{""カード情報からの推定単体評価"":50,""主色外のマナ供給が不足"":9,""現在の主色に合う"":23,""4マナのクリーチャーを補強"":16,""クリーチャー不足を補う"":13}","[""カード情報からの推定単体評価"",""現在の主色に合う"",""4マナのクリーチャーを補強"",""クリーチャー不足を補う"",""主色外のマナ供給が不足""]"
"d870948e-721a-46fd-86b6-ecd42e3aa9bd","Root Manipulation","71","12.19718309859155","25","0","0","0","0","","not-applicable-14-card-packs","","","","","","","43","43","0","-4.8782111774102646","0","0","0","0","{""base"":43,""mana"":-0.22893788150015296,""color"":-4.8782111774102646,""synergy"":0,""curve"":0,""creature"":0,""removal"":0,""duplicate"":0,""fixing"":0}","{""カード情報からの推定単体評価"":71,""主色外のマナ供給が不足"":46,""スプラッシュ用のマナ供給あり"":9,""現在の主色に合う"":16}","[""カード情報からの推定単体評価"",""主色外のマナ供給が不足"",""現在の主色に合う"",""スプラッシュ用のマナ供給あり""]"
"d87f0e52-486e-49b4-9cf1-12e238857340","Ambitious Augmenter","52","4.25","18","0","0","0.7777777777777778","0","","not-applicable-14-card-packs","","","","","","","49.4","49.4","0","1.344928668203838","0","0","0","0","{""base"":49.40000000000005,""mana"":0,""color"":1.344928668203838,""synergy"":0,""curve"":0,""creature"":0.4342657342657342,""removal"":0,""duplicate"":0,""fixing"":0}","{""カード情報からの推定単体評価"":52,""現在の主色に合う"":31,""クリーチャー不足を補う"":21,""主色外のマナ供給が不足"":7}","[""カード情報からの推定単体評価"",""現在の主色に合う"",""クリーチャー不足を補う"",""主色外のマナ供給が不足""]"
"d88c3554-18db-4e5e-a979-2402990a0311","Echocasting Symposium","21","10.761904761904763","7","0","0","0","0","","not-applicable-14-card-packs","","","","","","","43.6","43.6","0","-0.3144024131895749","0","0","0","-0.05714285714285714","{""base"":43.600000000000016,""mana"":0,""color"":-0.3144024131895749,""synergy"":0,""curve"":0,""creature"":0,""removal"":0,""duplicate"":-0.05714285714285714,""fixing"":0}","{""カード情報からの推定単体評価"":21,""主色外のマナ供給が不足"":9,""現在の主色に合う"":12}","[""カード情報からの推定単体評価"",""現在の主色に合う"",""主色外のマナ供給が不足""]"
"d9722ec3-aa5e-4c69-8ff0-cef1b1839fa4","Wisdom of Ages","48","8.375","16","0","0","0","0","","not-applicable-14-card-packs","","","","","","","45.9","45.9","0","-0.04471673896404901","0","-0.024999999999999998","0","0","{""base"":45.900000000000034,""mana"":-0.3999999999999999,""color"":-0.04471673896404901,""synergy"":0,""curve"":-0.024999999999999998,""creature"":0,""removal"":0,""duplicate"":0,""fixing"":0}","{""カード情報からの推定単体評価"":48,""主色外のマナ供給が不足"":17,""現在の主色に合う"":31}","[""カード情報からの推定単体評価"",""現在の主色に合う"",""主色外のマナ供給が不足""]"
"d97de156-5a6d-4dc6-953e-d4bad63cbad2","Elite Interceptor // Rejoinder","204","1.5686274509803921","75","61","0.8133333333333334","1","0","","not-applicable-14-card-packs","","","","","","","53.4","53.4","0","1.1175774116045385","0","0","0.17125668449197864","0","{""base"":53.3999999999998,""mana"":0,""color"":1.1175774116045385,""synergy"":0,""curve"":0,""creature"":0.41096256684492005,""removal"":0.17125668449197864,""duplicate"":0,""fixing"":0}","{""カード情報からの推定単体評価"":204,""現在の主色に合う"":117,""タップ"":118,""クリーチャー不足を補う"":63,""主色外のマナ供給が不足"":12}","[""カード情報からの推定単体評価"",""タップ"",""現在の主色に合う"",""クリーチャー不足を補う"",""主色外のマナ供給が不足""]"
"d985b12e-2731-4ccf-9f51-90218b20b42a","Silverquill Charm","91","9.351648351648352","28","0","0","0.07142857142857142","0","","not-applicable-14-card-packs","","","","","","","46.3","46.3","0","-1.470416004984755","0","0","0.06136363636363637","0","{""base"":46.300000000000075,""mana"":-0.26799406241219925,""color"":-1.470416004984755,""synergy"":0,""curve"":0,""creature"":0,""removal"":0.06136363636363637,""duplicate"":0,""fixing"":0}","{""カード情報からの推定単体評価"":91,""主色外のマナ供給が不足"":49,""現在の主色に合う"":40,""条件付き除去"":40}","[""カード情報からの推定単体評価"",""主色外のマナ供給が不足"",""現在の主色に合う"",""条件付き除去""]"
"dbb1690a-f6f5-459c-9d7f-cb6541fb6688","Stone Docent","197","4.116751269035533","73","3","0.0410958904109589","0.7397260273972602","0","","not-applicable-14-card-packs","","","","","","","49","49","0","1.4711342232858284","0.19213537647431797","0.49575449930779847","0","0","{""base"":49,""mana"":0,""color"":1.4711342232858284,""synergy"":0.19213537647431797,""curve"":0.49575449930779847,""creature"":0.4263959390862949,""removal"":0,""duplicate"":0,""fixing"":0}","{""カード情報からの推定単体評価"":197,""現在の主色に合う"":133,""クリーチャー不足を補う"":72,""アーキタイプ・共通メカニズムと相性が良い"":40,""2マナのクリーチャーを補強"":80,""主色外のマナ供給が不足"":10}","[""カード情報からの推定単体評価"",""現在の主色に合う"",""2マナのクリーチャーを補強"",""クリーチャー不足を補う"",""アーキタイプ・共通メカニズムと相性が良い""]"
"dc48079a-b1c4-4c43-a989-418c78a264ec","Planar Engineering","55","9.345454545454546","12","0","0","0","0","","not-applicable-14-card-packs","","","","","","","43.4","43.4","0","1.1366095176209727","0.011983581962114093","0","0","0","{""base"":43.40000000000004,""mana"":0,""color"":1.1366095176209727,""synergy"":0.011983581962114093,""curve"":0,""creature"":0,""removal"":0,""duplicate"":0,""fixing"":0}","{""カード情報からの推定単体評価"":55,""スプラッシュ用のマナ供給あり"":3,""現在の主色に合う"":45,""主色外のマナ供給が不足"":7,""アーキタイプ・共通メカニズムと相性が良い"":1}","[""カード情報からの推定単体評価"",""現在の主色に合う"",""主色外のマナ供給が不足"",""スプラッシュ用のマナ供給あり"",""アーキタイプ・共通メカニズムと相性が良い""]"
"dced5cab-1438-4264-b44c-54dc37ec73d3","Grapple with Death","202","7.371287128712871","62","0","0","0.6612903225806451","0","","not-applicable-14-card-packs","","","","","","","49.6","49.6","0","-1.2836621312770062","0","0","0.0882988298829883","0","{""base"":49.600000000000186,""mana"":-0.29094461530875293,""color"":-1.2836621312770062,""synergy"":0,""curve"":0,""creature"":0,""removal"":0.0882988298829883,""duplicate"":0,""fixing"":0}","{""カード情報からの推定単体評価"":202,""主色外のマナ供給が不足"":79,""現在の主色に合う"":82,""確定除去"":87}","[""カード情報からの推定単体評価"",""確定除去"",""現在の主色に合う"",""主色外のマナ供給が不足""]"
"dd757328-0593-4fc7-a099-e82f5c0677ff","Essenceknit Scholar","93","6.118279569892473","39","1","0.02564102564102564","0.7948717948717948","0","","not-applicable-14-card-packs","","","","","","","49.9","49.9","0","-1.1123042407132688","0","0.15009775171065495","0","0","{""base"":49.90000000000002,""mana"":-0.35872988168665343,""color"":-1.1123042407132688,""synergy"":0,""curve"":0.15009775171065495,""creature"":0.1917888563049853,""removal"":0,""duplicate"":0,""fixing"":0}","{""カード情報からの推定単体評価"":93,""現在の主色に合う"":34,""クリーチャー不足を補う"":17,""主色外のマナ供給が不足"":28,""3マナのクリーチャーを補強"":19}","[""カード情報からの推定単体評価"",""現在の主色に合う"",""主色外のマナ供給が不足"",""3マナのクリーチャーを補強"",""クリーチャー不足を補う""]"
"dd8538e6-cd5f-4a88-aff5-eb5e76ce8ddb","Dreamroot Cascade","41","7.902439024390244","20","0","0","0","0","","not-applicable-14-card-packs","","","","","","","45.4","45.4","0","0","0","0","0","0","{""base"":45.40000000000003,""mana"":0,""color"":0,""synergy"":0,""curve"":0,""creature"":0,""removal"":0,""duplicate"":0,""fixing"":1.0959063670636138}","{""カード情報からの推定単体評価"":41,""主色のマナ基盤を補強"":8}","[""カード情報からの推定単体評価"",""主色のマナ基盤を補強""]"
"de403543-e61a-44fc-85e1-1e621d90ca8b","Steal the Show","40","9.8","12","0","0","0","0","","not-applicable-14-card-packs","","","","","","","43.4","43.4","0","0.6349186255587133","0.10383435343051273","0","0","0","{""base"":43.40000000000003,""mana"":0,""color"":0.6349186255587133,""synergy"":0.10383435343051273,""curve"":0,""creature"":0,""removal"":0,""duplicate"":0,""fixing"":0}","{""カード情報からの推定単体評価"":40,""現在の主色に合う"":31,""主色外のマナ供給が不足"":9,""アーキタイプ・共通メカニズムと相性が良い"":6}","[""カード情報からの推定単体評価"",""現在の主色に合う"",""主色外のマナ供給が不足"",""アーキタイプ・共通メカニズムと相性が良い""]"
"df1c0d06-2109-4297-9271-8a003fc892bc","Kirol, History Buff // Pack a Punch","92","5.271739130434782","26","3","0.11538461538461539","0.9615384615384616","0","","not-applicable-14-card-packs","","","","","","","51.8","51.8","0","-1.2302550575362472","0","0.34619565217391307","0","-0.19021739130434784","{""base"":51.80000000000008,""mana"":-1.1310153565555061,""color"":-1.2302550575362472,""synergy"":0,""curve"":0.34619565217391307,""creature"":0.22648221343873515,""removal"":0,""duplicate"":-0.19021739130434784,""fixing"":0}","{""カード情報からの推定単体評価"":92,""主色外のマナ供給が不足"":32,""現在の主色に合う"":35,""2マナのクリーチャーを補強"":28,""クリーチャー不足を補う"":20}","[""カード情報からの推定単体評価"",""現在の主色に合う"",""主色外のマナ供給が不足"",""2マナのクリーチャーを補強"",""クリーチャー不足を補う""]"
"df5e4100-8c83-42d6-af96-1a1ec84a9210","Spellbook Seeker // Careful Study","240","2.3","79","59","0.7468354430379747","1","0","","not-applicable-14-card-packs","","","","","","","51.9","51.9","0","0.9176114669475831","0.09245197129396196","0.4075946969696967","0","0","{""base"":51.89999999999978,""mana"":0,""color"":0.9176114669475831,""synergy"":0.09245197129396196,""curve"":0.4075946969696967,""creature"":0.3868181818181821,""removal"":0,""duplicate"":0,""fixing"":0}","{""カード情報からの推定単体評価"":240,""現在の主色に合う"":140,""4マナのクリーチャーを補強"":76,""アーキタイプ・共通メカニズムと相性が良い"":25,""クリーチャー不足を補う"":70,""主色外のマナ供給が不足"":21}","[""カード情報からの推定単体評価"",""現在の主色に合う"",""4マナのクリーチャーを補強"",""クリーチャー不足を補う"",""アーキタイプ・共通メカニズムと相性が良い""]"
"e0828e8d-f01f-4088-9123-6d923ddb3242","Ancestral Anger","223","7.757847533632287","59","0","0","0.05084745762711865","0","","not-applicable-14-card-packs","","","","","","","46.5","46.5","0","0.8851121794661019","0","0","0","-0.04035874439461883","{""base"":46.5,""mana"":0,""color"":0.8851121794661019,""synergy"":0,""curve"":0,""creature"":0,""removal"":0,""duplicate"":-0.04035874439461883,""fixing"":0}","{""カード情報からの推定単体評価"":223,""現在の主色に合う"":167,""主色外のマナ供給が不足"":53}","[""カード情報からの推定単体評価"",""現在の主色に合う"",""主色外のマナ供給が不足""]"
"e1ce210e-2d1d-4ab4-bfb7-8e36884797fc","Group Project","81","10.296296296296296","38","0","0","0","0","","not-applicable-14-card-packs","","","","","","","43","43","0","1.4286938653928059","0","0","0","0","{""base"":43,""mana"":0,""color"":1.4286938653928059,""synergy"":0,""curve"":0,""creature"":0,""removal"":0,""duplicate"":0,""fixing"":0}","{""カード情報からの推定単体評価"":81,""現在の主色に合う"":70,""主色外のマナ供給が不足"":11}","[""カード情報からの推定単体評価"",""現在の主色に合う"",""主色外のマナ供給が不足""]"
"e1ebb60e-fbf3-4f8f-a76f-d637ec59ffb0","Owlin Historian","212","2.8207547169811322","76","11","0.14473684210526316","0.9868421052631579","0","","not-applicable-14-card-packs","","","","","","","50.2","50.2","0","1.448185576109004","0.12786191021621524","0.5967624356775298","0","0","{""base"":50.20000000000007,""mana"":0,""color"":1.448185576109004,""synergy"":0.12786191021621524,""curve"":0.5967624356775298,""creature"":0.4803602058319041,""removal"":0,""duplicate"":0,""fixing"":0}","{""カード情報からの推定単体評価"":212,""現在の主色に合う"":134,""3マナのクリーチャーを補強"":101,""クリーチャー不足を補う"":88,""アーキタイプ・共通メカニズムと相性が良い"":27,""主色外のマナ供給が不足"":2}","[""カード情報からの推定単体評価"",""現在の主色に合う"",""3マナのクリーチャーを補強"",""クリーチャー不足を補う"",""アーキタイプ・共通メカニズムと相性が良い""]"
"e286a191-39d4-4073-b844-11d2aba911b4","Strixhaven Skycoach","97","10.515463917525773","28","0","0","0","0","","not-applicable-14-card-packs","","","","","","","43","43","0","0","0","0","0","0","{""base"":43,""mana"":0,""color"":0,""synergy"":0,""curve"":0,""creature"":0,""removal"":0,""duplicate"":0,""fixing"":0}","{""カード情報からの推定単体評価"":97}","[""カード情報からの推定単体評価""]"
"e30ccf07-0969-4e81-ba43-c50a2ff9c040","Rehearsed Debater","190","4.3","63","0","0","0.6984126984126984","0","","not-applicable-14-card-packs","","","","","","","49","49","0","1.4988148538875667","0","0.552177033492823","0","0","{""base"":49,""mana"":0,""color"":1.4988148538875667,""synergy"":0,""curve"":0.552177033492823,""creature"":0.4231578947368423,""removal"":0,""duplicate"":0,""fixing"":0}","{""カード情報からの推定単体評価"":190,""現在の主色に合う"":138,""3マナのクリーチャーを補強"":90,""クリーチャー不足を補う"":72,""主色外のマナ供給が不足"":7}","[""カード情報からの推定単体評価"",""現在の主色に合う"",""3マナのクリーチャーを補強"",""クリーチャー不足を補う"",""主色外のマナ供給が不足""]"
"e5152e8d-9f55-493d-a0fc-753cc72ee299","Emeritus of Abundance // Regrowth","21","1.9523809523809523","6","5","0.8333333333333334","1","0","","not-applicable-14-card-packs","","","","","","","52.9","52.9","0","1.7708782146054094","0","0.5506493506493507","0","0","{""base"":52.89999999999999,""mana"":0,""color"":1.7708782146054094,""synergy"":0,""curve"":0.5506493506493507,""creature"":0.561038961038961,""removal"":0,""duplicate"":0,""fixing"":0}","{""カード情報からの推定単体評価"":21,""現在の主色に合う"":14,""3マナのクリーチャーを補強"":7,""クリーチャー不足を補う"":9,""主色外のマナ供給が不足"":1}","[""カード情報からの推定単体評価"",""現在の主色に合う"",""クリーチャー不足を補う"",""3マナのクリーチャーを補強"",""主色外のマナ供給が不足""]"
"e6c41473-2398-4888-9f0c-467dce7c39a4","Emeritus of Truce // Swords to Plowshares","18","1.3333333333333333","5","5","1","1","0","","not-applicable-14-card-packs","","","","","","","54.9","54.9","0","0.760510844200802","0","0.3363636363636363","0.16022727272727272","0","{""base"":54.899999999999984,""mana"":-0.40000000000000013,""color"":0.760510844200802,""synergy"":0,""curve"":0.3363636363636363,""creature"":0.32727272727272727,""removal"":0.16022727272727272,""duplicate"":0,""fixing"":0}","{""カード情報からの推定単体評価"":18,""現在の主色に合う"":10,""クリーチャー不足を補う"":4,""条件付き除去"":10,""3マナのクリーチャーを補強"":5,""主色外のマナ供給が不足"":3}","[""カード情報からの推定単体評価"",""現在の主色に合う"",""条件付き除去"",""3マナのクリーチャーを補強"",""クリーチャー不足を補う""]"
"e7194bca-0cf4-4a86-8b84-d2f9219a08b3","Flow State","95","10.715789473684211","34","0","0","0","0","","not-applicable-14-card-packs","","","","","","","43","43","0","-0.336889639739271","0","0","0","0","{""base"":43,""mana"":0,""color"":-0.336889639739271,""synergy"":0,""curve"":0,""creature"":0,""removal"":0,""duplicate"":0,""fixing"":0}","{""カード情報からの推定単体評価"":95,""現在の主色に合う"":56,""主色外のマナ供給が不足"":39}","[""カード情報からの推定単体評価"",""現在の主色に合う"",""主色外のマナ供給が不足""]"
"e7572317-6bec-4fb0-81ac-76aec04f14ad","Shopkeeper's Bane","205","2.4","74","33","0.44594594594594594","1","0","","not-applicable-14-card-packs","","","","","","","51","51","0","1.2088046811643747","0","0.5846784922394677","0","0","{""base"":51,""mana"":0,""color"":1.2088046811643747,""synergy"":0,""curve"":0.5846784922394677,""creature"":0.4110864745011089,""removal"":0,""duplicate"":0,""fixing"":0}","{""カード情報からの推定単体評価"":205,""現在の主色に合う"":120,""3マナのクリーチャーを補強"":89,""クリーチャー不足を補う"":64,""主色外のマナ供給が不足"":11}","[""カード情報からの推定単体評価"",""現在の主色に合う"",""3マナのクリーチャーを補強"",""クリーチャー不足を補う"",""主色外のマナ供給が不足""]"
"e85c6bd2-db15-4052-88c0-3ae25414f0ca","Strife Scholar // Awaken the Ages","217","5.534562211981567","61","0","0","0.32786885245901637","0","","not-applicable-14-card-packs","","","","","","","48.2","48.2","0","1.413351796013021","0","0.5330540427314617","0","0","{""base"":48.20000000000006,""mana"":0,""color"":1.413351796013021,""synergy"":0,""curve"":0.5330540427314617,""creature"":0.4760787599497281,""removal"":0,""duplicate"":0,""fixing"":0}","{""カード情報からの推定単体評価"":217,""現在の主色に合う"":164,""3マナのクリーチャーを補強"":99,""クリーチャー不足を補う"":97,""主色外のマナ供給が不足"":33}","[""カード情報からの推定単体評価"",""現在の主色に合う"",""3マナのクリーチャーを補強"",""クリーチャー不足を補う"",""主色外のマナ供給が不足""]"
"ebb40a50-cfbc-4ec1-9c54-26a1bc2e7a6e","Textbook Tabulator","236","7.241525423728813","75","0","0","0.09333333333333334","0","","not-applicable-14-card-packs","","","","","","","46.6","46.6","0","0.8029348407460886","0.192294249420697","0.37145608628659454","0","0","{""base"":46.6000000000002,""mana"":0,""color"":0.8029348407460886,""synergy"":0.192294249420697,""curve"":0.37145608628659454,""creature"":0.4083975346687214,""removal"":0,""duplicate"":0,""fixing"":0}","{""カード情報からの推定単体評価"":236,""主色外のマナ供給が不足"":59,""現在の主色に合う"":170,""アーキタイプ・共通メカニズムと相性が良い"":52,""クリーチャー不足を補う"":97,""3マナのクリーチャーを補強"":89}","[""カード情報からの推定単体評価"",""現在の主色に合う"",""クリーチャー不足を補う"",""3マナのクリーチャーを補強"",""主色外のマナ供給が不足""]"
"ec744a2d-4a33-4807-bce0-d95cd5277b1f","Joined Researchers // Secret Rendezvous","47","2.106382978723404","13","6","0.46153846153846156","1","0","","not-applicable-14-card-packs","","","","","","","51.9","51.9","0","1.3980560587190998","0","0.6150870406189558","0","0","{""base"":51.90000000000004,""mana"":-0.39999999999999997,""color"":1.3980560587190998,""synergy"":0,""curve"":0.6150870406189558,""creature"":0.5013539651837524,""removal"":0,""duplicate"":0,""fixing"":0}","{""カード情報からの推定単体評価"":47,""現在の主色に合う"":31,""クリーチャー不足を補う"":19,""2マナのクリーチャーを補強"":21,""主色外のマナ供給が不足"":3}","[""カード情報からの推定単体評価"",""現在の主色に合う"",""2マナのクリーチャーを補強"",""クリーチャー不足を補う"",""主色外のマナ供給が不足""]"
"ee1db746-f5c1-4dce-82eb-24b273cc9507","Witherbloom Charm","79","9.025316455696203","22","0","0","0.5454545454545454","0","","not-applicable-14-card-packs","","","","","","","48.8","48.8","0","-3.4371363393750003","0","0","0.06939010356731877","0","{""base"":48.800000000000075,""mana"":-0.26708450469961137,""color"":-3.4371363393750003,""synergy"":0,""curve"":0,""creature"":0,""removal"":0.06939010356731877,""duplicate"":0,""fixing"":0}","{""カード情報からの推定単体評価"":79,""主色外のマナ供給が不足"":47,""現在の主色に合う"":20,""条件付き除去"":22}","[""カード情報からの推定単体評価"",""主色外のマナ供給が不足"",""条件付き除去"",""現在の主色に合う""]"
"ee57fba8-e68b-4c52-8de7-9b9873d84506","Homesickness","93","11.161290322580646","25","0","0","0","0","","not-applicable-14-card-packs","","","","","","","43","43","0","-0.895071904867038","0","0","0","-0.06451612903225806","{""base"":43,""mana"":0,""color"":-0.895071904867038,""synergy"":0,""curve"":0,""creature"":0,""removal"":0,""duplicate"":-0.06451612903225806,""fixing"":0}","{""カード情報からの推定単体評価"":93,""現在の主色に合う"":53,""主色外のマナ供給が不足"":40}","[""カード情報からの推定単体評価"",""現在の主色に合う"",""主色外のマナ供給が不足""]"
"f0163420-2f91-493c-bad4-2cd33e9856bf","Tome Blast","231","7.147186147186147","86","0","0","0.11627906976744186","0","","not-applicable-14-card-packs","","","","","","","47.4","47.4","0","0.40342783631230494","0","0","0.14034828807556077","0","{""base"":47.3999999999998,""mana"":0,""color"":0.40342783631230494,""synergy"":0,""curve"":0,""creature"":0,""removal"":0.14034828807556077,""duplicate"":0,""fixing"":0}","{""カード情報からの推定単体評価"":231,""現在の主色に合う"":154,""火力・マイナス修整"":156,""主色外のマナ供給が不足"":67}","[""カード情報からの推定単体評価"",""火力・マイナス修整"",""現在の主色に合う"",""主色外のマナ供給が不足""]"
"f07c07d7-00f1-44a5-b51f-0a22cc51fd2b","Snooping Page","105","4.6","37","4","0.10810810810810811","0.9459459459459459","0","","not-applicable-14-card-packs","","","","","","","50.7","50.7","0","0.043754504076287684","0","0.13896103896103898","0","0","{""base"":50.6999999999999,""mana"":-0.3574740724672846,""color"":0.043754504076287684,""synergy"":0,""curve"":0.13896103896103898,""creature"":0.2831168831168831,""removal"":0,""duplicate"":0,""fixing"":0}","{""カード情報からの推定単体評価"":105,""現在の主色に合う"":45,""3マナのクリーチャーを補強"":23,""クリーチャー不足を補う"":28,""主色外のマナ供給が不足"":25}","[""カード情報からの推定単体評価"",""現在の主色に合う"",""クリーチャー不足を補う"",""主色外のマナ供給が不足"",""3マナのクリーチャーを補強""]"
"f1812d69-c016-4bc3-b899-ed47f5e893e5","Expressive Firedancer","229","4.148471615720524","73","0","0","0.7397260273972602","0","","not-applicable-14-card-packs","","","","","","","49","49","0","1.4216056116225455","0","0.6044065105200475","0","0","{""base"":49,""mana"":0,""color"":1.4216056116225455,""synergy"":0,""curve"":0.6044065105200475,""creature"":0.4177848352520845,""removal"":0,""duplicate"":0,""fixing"":0}","{""カード情報からの推定単体評価"":229,""現在の主色に合う"":152,""2マナのクリーチャーを補強"":110,""クリーチャー不足を補う"":82,""主色外のマナ供給が不足"":23}","[""カード情報からの推定単体評価"",""現在の主色に合う"",""2マナのクリーチャーを補強"",""クリーチャー不足を補う"",""主色外のマナ供給が不足""]"
"f30aa897-7027-47e7-ae58-73cbc448c1f0","Environmental Scientist","89","4.651685393258427","29","0","0","0.7586206896551724","0","","not-applicable-14-card-packs","","","","","","","49","49","0","1.3666407655124002","0","0.5540347293156282","0","0","{""base"":49,""mana"":0,""color"":1.3666407655124002,""synergy"":0,""curve"":0.5540347293156282,""creature"":0.4308478038815119,""removal"":0,""duplicate"":0,""fixing"":0}","{""カード情報からの推定単体評価"":89,""現在の主色に合う"":60,""2マナのクリーチャーを補強"":43,""クリーチャー不足を補う"":35,""主色外のマナ供給が不足"":7}","[""カード情報からの推定単体評価"",""現在の主色に合う"",""2マナのクリーチャーを補強"",""クリーチャー不足を補う"",""主色外のマナ供給が不足""]"
"f35aa497-bd0f-4642-8713-820b9f014da5","Rubble Rouser","207","2.4782608695652173","70","20","0.2857142857142857","1","0","","not-applicable-14-card-packs","","","","","","","50.7","50.7","0","1.341510656962539","0.16338407084742435","0.4881203337725076","0","0","{""base"":50.70000000000006,""mana"":0,""color"":1.341510656962539,""synergy"":0.16338407084742435,""curve"":0.4881203337725076,""creature"":0.4374176548089592,""removal"":0,""duplicate"":0,""fixing"":0}","{""カード情報からの推定単体評価"":207,""現在の主色に合う"":129,""アーキタイプ・共通メカニズムと相性が良い"":35,""クリーチャー不足を補う"":71,""3マナのクリーチャーを補強"":78,""主色外のマナ供給が不足"":8}","[""カード情報からの推定単体評価"",""現在の主色に合う"",""3マナのクリーチャーを補強"",""クリーチャー不足を補う"",""アーキタイプ・共通メカニズムと相性が良い""]"
"f43e36ea-6bf5-45bd-a4ad-cc507ae45641","Quandrix Charm","70","10.571428571428571","23","0","0","0","0","","not-applicable-14-card-packs","","","","","","","46.3","46.3","0","-3.4732698413899135","0","0","0.14785714285714285","0","{""base"":46.30000000000005,""mana"":-0.2397389788384185,""color"":-3.4732698413899135,""synergy"":0,""curve"":0,""creature"":0,""removal"":0.14785714285714285,""duplicate"":0,""fixing"":0}","{""カード情報からの推定単体評価"":70,""主色外のマナ供給が不足"":46,""現在の主色に合う"":24,""条件付き除去"":24}","[""カード情報からの推定単体評価"",""主色外のマナ供給が不足"",""現在の主色に合う"",""条件付き除去""]"
"f4c57454-d36f-4f38-b7ac-76477a516c3e","Decorum Dissertation","27","10.074074074074074","9","0","0","0","0","","not-applicable-14-card-packs","","","","","","","43.6","43.6","0","0.9144254934391179","0","0","0","0","{""base"":43.6,""mana"":0,""color"":0.9144254934391179,""synergy"":0,""curve"":0,""creature"":0,""removal"":0,""duplicate"":0,""fixing"":0}","{""カード情報からの推定単体評価"":27,""現在の主色に合う"":21,""主色外のマナ供給が不足"":6}","[""カード情報からの推定単体評価"",""現在の主色に合う"",""主色外のマナ供給が不足""]"
"f589e5ee-399c-4613-b7a2-9ab2866cc830","Nita, Forum Conciliator","51","7.764705882352941","13","0","0","0.23076923076923078","0","","not-applicable-14-card-packs","","","","","","","48.6","48.6","0","-1.2118522296396477","0.05079902456098639","0.07914438502673797","0","-0.09803921568627451","{""base"":48.59999999999995,""mana"":-0.258768386744107,""color"":-1.2118522296396477,""synergy"":0.05079902456098639,""curve"":0.07914438502673797,""creature"":0.20641711229946524,""removal"":0,""duplicate"":-0.09803921568627451,""fixing"":0}","{""カード情報からの推定単体評価"":51,""主色外のマナ供給が不足"":21,""現在の主色に合う"":27,""3マナのクリーチャーを補強"":10,""クリーチャー不足を補う"":10,""アーキタイプ・共通メカニズムと相性が良い"":3}","[""カード情報からの推定単体評価"",""現在の主色に合う"",""主色外のマナ供給が不足"",""3マナのクリーチャーを補強"",""クリーチャー不足を補う""]"
"f6036065-7196-44d4-8a27-2199f0e1a03c","Harmonized Trio // Brainstorm","49","2.7755102040816326","18","12","0.6666666666666666","1","0","","not-applicable-14-card-packs","","","","","","","51.9","51.9","0","0.9088234730397866","0","0","0","0","{""base"":51.90000000000004,""mana"":0,""color"":0.9088234730397866,""synergy"":0,""curve"":0,""creature"":0.3584415584415584,""removal"":0,""duplicate"":0,""fixing"":0}","{""カード情報からの推定単体評価"":49,""現在の主色に合う"":28,""クリーチャー不足を補う"":14,""主色外のマナ供給が不足"":3}","[""カード情報からの推定単体評価"",""現在の主色に合う"",""クリーチャー不足を補う"",""主色外のマナ供給が不足""]"
"f6d24565-5b32-4eff-b2e0-6e2c25516ff0","Deathcap Glade","36","8.055555555555555","12","0","0","0","0","","not-applicable-14-card-packs","","","","","","","45.4","45.4","0","0","0","0","0","0","{""base"":45.40000000000002,""mana"":0,""color"":0,""synergy"":0,""curve"":0,""creature"":0,""removal"":0,""duplicate"":0,""fixing"":0.9119697929151965}","{""カード情報からの推定単体評価"":36,""主色のマナ基盤を補強"":9}","[""カード情報からの推定単体評価"",""主色のマナ基盤を補強""]"
"f82265fd-e772-4347-a27f-37b00ccd416b","Zealous Lorecaster","229","8.179039301310043","70","0","0","0.05714285714285714","0","","not-applicable-14-card-packs","","","","","","","46.3","46.3","0","1.0502801091743168","0","-0.07050416832076219","0","-0.2620087336244543","{""base"":46.29999999999993,""mana"":0,""color"":1.0502801091743168,""synergy"":0,""curve"":-0.07050416832076219,""creature"":0.378245335450576,""removal"":0,""duplicate"":-0.2620087336244543,""fixing"":0}","{""カード情報からの推定単体評価"":229,""現在の主色に合う"":169,""クリーチャー不足を補う"":93,""主色外のマナ供給が不足"":47,""スプラッシュ用のマナ供給あり"":9}","[""カード情報からの推定単体評価"",""現在の主色に合う"",""クリーチャー不足を補う"",""主色外のマナ供給が不足"",""スプラッシュ用のマナ供給あり""]"
"fbb04a21-e513-4317-aac8-fa6df91c3438","Witherbloom, the Balancer","17","11.235294117647058","5","0","0","0","0","","not-applicable-14-card-packs","","","","","","","45.6","45.6","0","-3.487356853860611","0","0","0","0","{""base"":45.600000000000016,""mana"":-0.23282017143992317,""color"":-3.487356853860611,""synergy"":0,""curve"":0,""creature"":0.19572192513368983,""removal"":0,""duplicate"":0,""fixing"":0}","{""カード情報からの推定単体評価"":17,""現在の主色に合う"":7,""主色外のマナ供給が不足"":8,""クリーチャー不足を補う"":3,""スプラッシュ用のマナ供給あり"":2}","[""カード情報からの推定単体評価"",""主色外のマナ供給が不足"",""現在の主色に合う"",""クリーチャー不足を補う"",""スプラッシュ用のマナ供給あり""]"
"fc90f74d-11f3-4bd4-b8a1-1cf2ffcd5b73","Mica, Reader of Ruins","81","5.185185185185185","29","0","0","0.6206896551724138","0","","not-applicable-14-card-packs","","","","","","","49","49","0","0.992991507190617","0.10880025920682392","0.344500561167228","0","-0.12345679012345678","{""base"":49,""mana"":0,""color"":0.992991507190617,""synergy"":0.10880025920682392,""curve"":0.344500561167228,""creature"":0.39461279461279464,""removal"":0,""duplicate"":-0.12345679012345678,""fixing"":0}","{""カード情報からの推定単体評価"":81,""主色外のマナ供給が不足"":8,""現在の主色に合う"":54,""クリーチャー不足を補う"":29,""4マナのクリーチャーを補強"":25,""アーキタイプ・共通メカニズムと相性が良い"":10,""スプラッシュ用のマナ供給あり"":1}","[""カード情報からの推定単体評価"",""現在の主色に合う"",""クリーチャー不足を補う"",""4マナのクリーチャーを補強"",""アーキタイプ・共通メカニズムと相性が良い""]"
"fcd31653-4964-46a6-820c-f17e8cbaa1fa","Imperious Inkmage","231","6.640692640692641","76","1","0.013157894736842105","0.5263157894736842","0","","not-applicable-14-card-packs","","","","","","","49","49","0","-0.31926051687689905","0.2046918079725","0.18888232979142067","0","0","{""base"":49,""mana"":-0.30687195899353137,""color"":-0.31926051687689905,""synergy"":0.2046918079725,""curve"":0.18888232979142067,""creature"":0.28099173553719037,""removal"":0,""duplicate"":0,""fixing"":0}","{""カード情報からの推定単体評価"":231,""現在の主色に合う"":118,""クリーチャー不足を補う"":68,""3マナのクリーチャーを補強"":55,""アーキタイプ・共通メカニズムと相性が良い"":54,""主色外のマナ供給が不足"":73}","[""カード情報からの推定単体評価"",""現在の主色に合う"",""主色外のマナ供給が不足"",""クリーチャー不足を補う"",""3マナのクリーチャーを補強""]"
"fd01229f-1c4c-4ad1-bc6f-4023f24d8c71","Cheerful Osteomancer // Raise Dead","213","3.4413145539906105","60","4","0.06666666666666667","0.9166666666666666","0","","not-applicable-14-card-packs","","","","","","","49.9","49.9","0","1.378536382265472","0","0.658813486982501","0","0","{""base"":49.89999999999981,""mana"":0,""color"":1.378536382265472,""synergy"":0,""curve"":0.658813486982501,""creature"":0.497311139564661,""removal"":0,""duplicate"":0,""fixing"":0}","{""カード情報からの推定単体評価"":213,""現在の主色に合う"":145,""4マナのクリーチャーを補強"":108,""クリーチャー不足を補う"":88,""主色外のマナ供給が不足"":13}","[""カード情報からの推定単体評価"",""現在の主色に合う"",""4マナのクリーチャーを補強"",""クリーチャー不足を補う"",""主色外のマナ供給が不足""]"
"fd0a27a9-7d7e-4a16-9dd0-0715e6c97b36","Restoration Seminar","26","9.076923076923077","11","0","0","0","0","","not-applicable-14-card-packs","","","","","","","43.6","43.6","0","1.33383529460599","0","0","0","0","{""base"":43.60000000000001,""mana"":0,""color"":1.33383529460599,""synergy"":0,""curve"":0,""creature"":0,""removal"":0,""duplicate"":0,""fixing"":0}","{""カード情報からの推定単体評価"":26,""現在の主色に合う"":23,""主色外のマナ供給が不足"":3}","[""カード情報からの推定単体評価"",""現在の主色に合う"",""主色外のマナ供給が不足""]"
"fd4f0315-567a-4cc5-bc7e-88a9d2cee910","Improvisation Capstone","19","11.105263157894736","9","0","0","0","0","","not-applicable-14-card-packs","","","","","","","43.6","43.6","0","-0.20931128936096177","0","0","0","0","{""base"":43.600000000000016,""mana"":0,""color"":-0.20931128936096177,""synergy"":0,""curve"":0,""creature"":0,""removal"":0,""duplicate"":0,""fixing"":0}","{""カード情報からの推定単体評価"":19,""主色外のマナ供給が不足"":8,""現在の主色に合う"":11}","[""カード情報からの推定単体評価"",""現在の主色に合う"",""主色外のマナ供給が不足""]"
"fdd4b3a9-83ce-41bf-82e2-7808657e2c09","Transcendent Archaic","81","7.9753086419753085","32","0","0","0","0","","not-applicable-14-card-packs","","","","","","","45.4","45.4","0","0","0.13470361551895205","-0.014814814814814814","0","-0.08888888888888889","{""base"":45.400000000000055,""mana"":0,""color"":0,""synergy"":0.13470361551895205,""curve"":-0.014814814814814814,""creature"":0.40875420875420865,""removal"":0,""duplicate"":-0.08888888888888889,""fixing"":0}","{""カード情報からの推定単体評価"":81,""クリーチャー不足を補う"":35,""アーキタイプ・共通メカニズムと相性が良い"":14}","[""カード情報からの推定単体評価"",""クリーチャー不足を補う"",""アーキタイプ・共通メカニズムと相性が良い""]"
"fddd1c39-bdf8-4aee-897c-666498cc4dd3","Withering Curse","21","5.904761904761905","7","0","0","0.42857142857142855","0","","not-applicable-14-card-packs","","","","","","","48","48","0","1.9760390359297386","0","0","0.19090909090909094","0","{""base"":48,""mana"":0,""color"":1.9760390359297386,""synergy"":0,""curve"":0,""creature"":0,""removal"":0.19090909090909094,""duplicate"":0,""fixing"":0}","{""カード情報からの推定単体評価"":21,""現在の主色に合う"":16,""火力・マイナス修整"":18,""主色外のマナ供給が不足"":2}","[""カード情報からの推定単体評価"",""火力・マイナス修整"",""現在の主色に合う"",""主色外のマナ供給が不足""]"
