"key","name","appearances","averagePick","p1Appearances","p1p1Count","p1p1Rate","p1p5Rate","lastPickRate","survivesTo15Rate","survivesTo15Status","wr","gihWR","ohWR","ata","alsa","ataDifference","baseValue","heuristicValue","wrContribution","meanColorAdjustment","meanSynergyAdjustment","meanCurveAdjustment","meanRemovalAdjustment","meanDuplicateAdjustment","meanComponents","reasonCounts","reasons"
"0089acfe-da66-4dd7-b1e5-4d7407f58257","Theorist's Proxy","43","3.4186046511627906","12","0","0","0.8333333333333334","0","","not-applicable-14-card-packs","57.032967","57.032967","","3.5126582","2.9477054","-0.09405354883720962","56.49899997","51.1","51.89999997","1.6394331561963336","0.34779283589660126","0.6811839323467231","0","0","{""base"":56.498999970000064,""mana"":0,""color"":1.6394331561963336,""synergy"":0.34779283589660126,""curve"":0.6811839323467231,""creature"":0.5073995771670191,""removal"":0,""duplicate"":0,""fixing"":0}","{""保存WRを参考にした単体評価"":43,""現在の主色に合う"":33,""アーキタイプ・共通メカニズムと相性が良い"":16,""2マナのクリーチャーを補強"":23,""クリーチャー不足を補う"":21}","[""保存WRを参考にした単体評価"",""現在の主色に合う"",""2マナのクリーチャーを補強"",""クリーチャー不足を補う"",""アーキタイプ・共通メカニズムと相性が良い""]"
"00ad5200-5179-4d1b-8bb3-a09e1b31be58","Theorix Annex","209","4.08133971291866","79","3","0.0379746835443038","0.8987341772151899","0","","not-applicable-14-card-packs","56.60702","56.60702","56.442831000000005","8.2189015","5.9562415","-4.1375617870813395","56.60702","45","56.60702","0","0","0","0","0","{""base"":56.60701999999994,""mana"":0,""color"":0,""synergy"":0,""curve"":0,""creature"":0,""removal"":0,""duplicate"":0,""fixing"":1.3831131214231238}","{""保存WRを参考にした単体評価"":209,""主色のマナ基盤を補強"":68}","[""保存WRを参考にした単体評価"",""主色のマナ基盤を補強""]"
"014d0bcd-b80f-4c43-8f00-f4c31e8f3370","Yargle, Goliath of Otaria","76","8.855263157894736","25","0","0","0","0","","not-applicable-14-card-packs","","","","11.540958","7.818816","-2.6856948421052635","50.6","50.6","0","2.191129351121286","0","0","0","-0.13157894736842105","{""base"":50.59999999999994,""mana"":0,""color"":2.191129351121286,""synergy"":0,""curve"":0,""creature"":0.4047846889952152,""removal"":0,""duplicate"":-0.13157894736842105,""fixing"":0}","{""カード情報からの推定単体評価"":76,""現在の主色に合う"":73,""クリーチャー不足を補う"":33,""主色外のマナ供給が不足"":2,""スプラッシュ用のマナ供給あり"":1}","[""カード情報からの推定単体評価"",""現在の主色に合う"",""クリーチャー不足を補う"",""主色外のマナ供給が不足"",""スプラッシュ用のマナ供給あり""]"
"020d561b-2e5d-439e-9e6a-318d23e73542","Uldaros Theorix","14","2.0714285714285716","5","5","1","1","0","","not-applicable-14-card-packs","72.041166","72.041166","","","1.5833333","","62.01599977800001","48","41.999999778","-1.2251292861854244","-0.07712214496721324","0","0","0","{""base"":62.01599977800003,""mana"":-0.858025776859652,""color"":-1.2251292861854244,""synergy"":-0.07712214496721324,""curve"":0,""creature"":0.1831168831168831,""removal"":0,""duplicate"":0,""fixing"":0}","{""保存WRを参考にした単体評価"":14,""現在の主色に合う"":5,""クリーチャー不足を補う"":1,""主色外のマナ供給が不足"":4}","[""保存WRを参考にした単体評価"",""現在の主色に合う"",""主色外のマナ供給が不足"",""クリーチャー不足を補う""]"
"02b41d0e-82e7-4307-8cc4-8175ff78ea1f","Kiora of Fire and Ashes","93","1.8172043010752688","27","26","0.9629629629629629","1","0","","not-applicable-14-card-packs","62.442922","62.442922","59.489456","2.2169077","2.1689189","-0.3997033989247314","62.442922","45","62.442922","0.7390338894614896","0.06017177396345971","-0.04164222873900294","0","-0.21505376344086022","{""base"":62.4429220000001,""mana"":0,""color"":0.7390338894614896,""synergy"":0.06017177396345971,""curve"":-0.04164222873900294,""creature"":0.37771260997067446,""removal"":0,""duplicate"":-0.21505376344086022,""fixing"":0}","{""保存WRを参考にした単体評価"":93,""主色外のマナ供給が不足"":19,""現在の主色に合う"":47,""クリーチャー不足を補う"":26}","[""保存WRを参考にした単体評価"",""現在の主色に合う"",""クリーチャー不足を補う"",""主色外のマナ供給が不足""]"
"0540eaca-0e03-4831-955a-192ae2b87d35","Lich's Relic","36","1.6388888888888888","11","10","0.9090909090909091","1","0","","not-applicable-14-card-packs","61.013645000000004","61.013645000000004","","1.7184751","1.7293388","-0.0795862111111112","61.013645000000004","43.4","61.013645000000004","0.795074286454227","0.19671530823801234","0","0","0","{""base"":61.01364500000001,""mana"":0,""color"":0.795074286454227,""synergy"":0.19671530823801234,""curve"":0,""creature"":0,""removal"":0,""duplicate"":0,""fixing"":0}","{""保存WRを参考にした単体評価"":36,""主色外のマナ供給が不足"":7,""現在の主色に合う"":18,""アーキタイプ・共通メカニズムと相性が良い"":7}","[""保存WRを参考にした単体評価"",""現在の主色に合う"",""主色外のマナ供給が不足"",""アーキタイプ・共通メカニズムと相性が良い""]"
"056b651e-e0e2-4333-9235-d1ffe8fcca29","Stingcaster Mage","20","9.8","8","0","0","0","0","","not-applicable-14-card-packs","53.996736999999996","","","","2.1206897","","50.208315727","48.800000000000004","14.633115727","-0.6983149444253679","0","0.3840909090909091","0","0","{""base"":50.208315727000006,""mana"":0,""color"":-0.6983149444253679,""synergy"":0,""curve"":0.3840909090909091,""creature"":0.2672727272727273,""removal"":0,""duplicate"":0,""fixing"":0}","{""カード情報からの推定単体評価"":20,""現在の主色に合う"":11,""2マナのクリーチャーを補強"":6,""クリーチャー不足を補う"":6,""主色外のマナ供給が不足"":9}","[""カード情報からの推定単体評価"",""現在の主色に合う"",""主色外のマナ供給が不足"",""2マナのクリーチャーを補強"",""クリーチャー不足を補う""]"
"07617648-6490-4719-acec-7705671f7e01","Protege's Awakening","253","2.0118577075098814","93","60","0.6451612903225806","1","0","","not-applicable-14-card-packs","59.232041","59.232041","55.825511000000006","6.5153698","5.034851","-4.503512092490119","59.232041","45.5","59.232041","1.2875747998579263","0.13062817853141614","0","0","0","{""base"":59.23204099999977,""mana"":0,""color"":1.2875747998579263,""synergy"":0.13062817853141614,""curve"":0,""creature"":0,""removal"":0,""duplicate"":0,""fixing"":0}","{""保存WRを参考にした単体評価"":253,""現在の主色に合う"":149,""主色外のマナ供給が不足"":9,""スプラッシュ用のマナ供給あり"":2}","[""保存WRを参考にした単体評価"",""現在の主色に合う"",""主色外のマナ供給が不足"",""スプラッシュ用のマナ供給あり""]"
"07a28621-e617-46b0-af3e-2efb03b5056a","Kwia Vigorbloom","18","11.5","7","0","0","0","0","","not-applicable-14-card-packs","55.584416000000004","","","","1.5145228","","51.778327424","49.6","20.232727424","-4.30281174673712","0","0","0","-0.1388888888888889","{""base"":51.77832742400002,""mana"":-0.6757056146196394,""color"":-4.30281174673712,""synergy"":0,""curve"":0,""creature"":0,""removal"":0,""duplicate"":-0.1388888888888889,""fixing"":0}","{""カード情報からの推定単体評価"":18,""主色外のマナ供給が不足"":14,""現在の主色に合う"":2,""スプラッシュ用のマナ供給あり"":2}","[""カード情報からの推定単体評価"",""主色外のマナ供給が不足"",""現在の主色に合う"",""スプラッシュ用のマナ供給あり""]"
"0867755a-9fb9-42ad-897e-6206fbfbc1f8","Rampart Hunter","240","9.4","73","0","0","0","0","","not-applicable-14-card-packs","48.392555","","","11.938951","8.0745064","-2.538950999999999","49.843937735","50.4","13.404737735000001","1.0546268222320603","0","0.789431818181818","0","-0.0125","{""base"":49.84393773500004,""mana"":0,""color"":1.0546268222320603,""synergy"":0,""curve"":0.789431818181818,""creature"":0.4279545454545455,""removal"":0,""duplicate"":-0.0125,""fixing"":0}","{""カード情報からの推定単体評価"":240,""現在の主色に合う"":197,""4マナのクリーチャーを補強"":133,""クリーチャー不足を補う"":111,""主色外のマナ供給が不足"":34,""スプラッシュ用のマナ供給あり"":9}","[""カード情報からの推定単体評価"",""現在の主色に合う"",""4マナのクリーチャーを補強"",""クリーチャー不足を補う"",""主色外のマナ供給が不足""]"
"08e8a63c-9fcc-48cf-a9af-15cbaeec943f","Avatar of Burgeoning Echoes","14","9.357142857142858","3","0","0","0","0","","not-applicable-14-card-packs","57.957559999999994","","","","2.6802326","","54.89267864","52.9","22.83527864","-3.626341430945279","0.1708973409585117","0.4324675324675325","0","0","{""base"":54.89267863999999,""mana"":-0.2358657477381334,""color"":-3.626341430945279,""synergy"":0.1708973409585117,""curve"":0.4324675324675325,""creature"":0.2883116883116883,""removal"":0,""duplicate"":0,""fixing"":0}","{""カード情報からの推定単体評価"":14,""主色外のマナ供給が不足"":9,""現在の主色に合う"":5,""アーキタイプ・共通メカニズムと相性が良い"":3,""2マナのクリーチャーを補強"":4,""クリーチャー不足を補う"":4}","[""カード情報からの推定単体評価"",""主色外のマナ供給が不足"",""現在の主色に合う"",""2マナのクリーチャーを補強"",""クリーチャー不足を補う""]"
"09cc8709-fe10-472a-b05c-e89f3523018d","Austere Command","0","","0","0","","","","","not-applicable-14-card-packs","","","","","","","43.6","43.6","0","","","","","","{}","{}","[""カード情報からの推定単体評価""]"
"0caccec3-4942-499a-9434-0c94389afcf8","Surgical Precision","271","3.4132841328413286","92","12","0.13043478260869565","1","0","","not-applicable-14-card-packs","57.430138","57.430138","56.882022","5.9134809","4.3796623","-2.500196767158671","57.430138","48.8","57.430138","1.2734411962828782","0","0","0.13238846024823883","0","{""base"":57.43013799999981,""mana"":0,""color"":1.2734411962828782,""synergy"":0,""curve"":0,""creature"":0,""removal"":0.13238846024823883,""duplicate"":0,""fixing"":0}","{""保存WRを参考にした単体評価"":271,""条件付き除去"":182,""現在の主色に合う"":167,""主色外のマナ供給が不足"":12}","[""保存WRを参考にした単体評価"",""条件付き除去"",""現在の主色に合う"",""主色外のマナ供給が不足""]"
"0d496c6e-8f7b-420f-9197-dacd2feb528f","Ghalta the Immovable","80","11.6875","27","0","0","0","0","","not-applicable-14-card-packs","49.541284000000005","","","10.046642","6.5854171","1.6408579999999997","45.420275079999996","43","18.33027508","0.19411558538309798","0","-0.12340909090909088","0","-0.3125","{""base"":45.42027508,""mana"":0,""color"":0.19411558538309798,""synergy"":0,""curve"":-0.12340909090909088,""creature"":0.3470454545454544,""removal"":0,""duplicate"":-0.3125,""fixing"":0}","{""カード情報からの推定単体評価"":80,""現在の主色に合う"":55,""クリーチャー不足を補う"":27,""主色外のマナ供給が不足"":17,""スプラッシュ用のマナ供給あり"":8}","[""カード情報からの推定単体評価"",""現在の主色に合う"",""クリーチャー不足を補う"",""主色外のマナ供給が不足"",""スプラッシュ用のマナ供給あり""]"
"0d60c095-4c6c-4618-8ef3-508f3d454efa","Ajani Resolute","16","12.625","4","0","0","0","0","","not-applicable-14-card-packs","","","","","2.0605096","","43.6","43.6","0","-1.1034164081311433","0","0","0","0","{""base"":43.600000000000016,""mana"":0,""color"":-1.1034164081311433,""synergy"":0,""curve"":0,""creature"":0,""removal"":0,""duplicate"":0,""fixing"":0}","{""カード情報からの推定単体評価"":16,""現在の主色に合う"":8,""主色外のマナ供給が不足"":8}","[""カード情報からの推定単体評価"",""現在の主色に合う"",""主色外のマナ供給が不足""]"
"0f8de7f0-c61d-415d-b4db-4959374343da","Denzilore Fatehold","27","8.74074074074074","10","0","0","0","0","","not-applicable-14-card-packs","57.416268","","","","1.5855856","","53.737622992000006","50.800000000000004","25.492822992","-0.43144185460135015","0.5388235148604411","0.39545454545454545","0","-0.18518518518518517","{""base"":53.737622992000006,""mana"":-0.6800187827572066,""color"":-0.43144185460135015,""synergy"":0.5388235148604411,""curve"":0.39545454545454545,""creature"":0.26464646464646463,""removal"":0,""duplicate"":-0.18518518518518517,""fixing"":0}","{""カード情報からの推定単体評価"":27,""現在の主色に合う"":16,""主色外のマナ供給が不足"":10,""アーキタイプ・共通メカニズムと相性が良い"":11,""4マナのクリーチャーを補強"":9,""クリーチャー不足を補う"":8,""スプラッシュ用のマナ供給あり"":1}","[""カード情報からの推定単体評価"",""現在の主色に合う"",""アーキタイプ・共通メカニズムと相性が良い"",""主色外のマナ供給が不足"",""4マナのクリーチャーを補強""]"
"0fca3328-484f-4050-925e-91840710b5d6","Lyra, Archangel of Dawn","42","4.333333333333333","15","1","0.06666666666666667","0.8666666666666667","0","","not-applicable-14-card-packs","60.100167000000006","60.100167000000006","","2.6056338","2.2763158","1.727699533333333","56.611400032999995","51.4","36.000000033","1.1087764075123234","0","0.6155844155844156","0","-0.05952380952380952","{""base"":56.61140003299994,""mana"":0,""color"":1.1087764075123234,""synergy"":0,""curve"":0.6155844155844156,""creature"":0.37142857142857133,""removal"":0,""duplicate"":-0.05952380952380952,""fixing"":0}","{""保存WRを参考にした単体評価"":42,""現在の主色に合う"":27,""3マナのクリーチャーを補強"":22,""クリーチャー不足を補う"":16,""主色外のマナ供給が不足"":2}","[""保存WRを参考にした単体評価"",""現在の主色に合う"",""3マナのクリーチャーを補強"",""クリーチャー不足を補う"",""主色外のマナ供給が不足""]"
"1063822f-47d3-42e9-8a21-f62b12609fe1","Fatehold Chronologist // Peer Review","232","4.913793103448276","71","6","0.08450704225352113","0.9154929577464789","0","","not-applicable-14-card-packs","57.400864","57.400864","55.41264700000001","5.9109589","4.3315109","-0.997165796551724","57.400864","50.2","57.400864","0.19220978879335993","0.32809974062923963","0.3451018808777427","0","0","{""base"":57.4008639999998,""mana"":-0.32084773493567503,""color"":0.19220978879335993,""synergy"":0.32809974062923963,""curve"":0.3451018808777427,""creature"":0.40062695924764924,""removal"":0,""duplicate"":0,""fixing"":0}","{""保存WRを参考にした単体評価"":232,""主色外のマナ供給が不足"":41,""現在の主色に合う"":126,""2マナのクリーチャーを補強"":76,""クリーチャー不足を補う"":94,""アーキタイプ・共通メカニズムと相性が良い"":89}","[""保存WRを参考にした単体評価"",""現在の主色に合う"",""クリーチャー不足を補う"",""アーキタイプ・共通メカニズムと相性が良い"",""2マナのクリーチャーを補強""]"
"10721d62-dc68-43b4-bfa2-dcb8cf8ea980","Way of the Warlord","74","10.608108108108109","21","0","0","0","0","","not-applicable-14-card-packs","49.834437","49.834437","","5.5744308","4.306795","5.033677308108109","49.834437","45.5","49.834437","-0.7761938713102849","0.15474101167911092","0","0","-0.033783783783783786","{""base"":49.83443699999999,""mana"":0,""color"":-0.7761938713102849,""synergy"":0.15474101167911092,""curve"":0,""creature"":0,""removal"":0,""duplicate"":-0.033783783783783786,""fixing"":0}","{""保存WRを参考にした単体評価"":74,""現在の主色に合う"":44,""主色外のマナ供給が不足"":30,""アーキタイプ・共通メカニズムと相性が良い"":14}","[""保存WRを参考にした単体評価"",""現在の主色に合う"",""主色外のマナ供給が不足"",""アーキタイプ・共通メカニズムと相性が良い""]"
"10d13ff6-c4d0-4753-8939-a8a90f0e92bb","Eye of Ugin","3","11","1","0","0","0","0","","not-applicable-14-card-packs","","","","","","","45.6","45.6","0","0","0","0","0","0","{""base"":45.6,""mana"":0,""color"":0,""synergy"":0,""curve"":0,""creature"":0,""removal"":0,""duplicate"":0,""fixing"":0}","{""カード情報からの推定単体評価"":3}","[""カード情報からの推定単体評価""]"
"129b41cf-8327-42f0-b186-1111b42c08ab","Artifist Acumen","236","11.317796610169491","77","0","0","0","0","","not-applicable-14-card-packs","50.651042000000004","","","12.146752","8.4016256","-0.828955389830508","47.344073036","45.5","18.133073036","-0.18744382322857617","0","0","0","0","{""base"":47.34407303599986,""mana"":0,""color"":-0.18744382322857617,""synergy"":0,""curve"":0,""creature"":0,""removal"":0,""duplicate"":0,""fixing"":0}","{""カード情報からの推定単体評価"":236,""現在の主色に合う"":153,""主色外のマナ供給が不足"":83}","[""カード情報からの推定単体評価"",""現在の主色に合う"",""主色外のマナ供給が不足""]"
"12cc800c-c7be-4811-8207-fd01a99cc892","Chandra, Torch of Defiance","11","10.363636363636363","4","0","0","0","0","","not-applicable-14-card-packs","52.574526","","","","","","49.500444528","48","17.244444528","0.32671411066962097","0","0","0.027892561983471075","0","{""base"":49.500444528,""mana"":0,""color"":0.32671411066962097,""synergy"":0,""curve"":0,""creature"":0,""removal"":0.027892561983471075,""duplicate"":0,""fixing"":0}","{""カード情報からの推定単体評価"":11,""現在の主色に合う"":8,""火力・マイナス修整"":8,""主色外のマナ供給が不足"":3}","[""カード情報からの推定単体評価"",""現在の主色に合う"",""火力・マイナス修整"",""主色外のマナ供給が不足""]"
"12d617b1-c95b-4b1c-a586-ccfdf5898b03","Hexhaven Invigorator","12","9.333333333333334","3","0","0","0","0","","not-applicable-14-card-packs","","","","","2.8532609","","52.800000000000004","52.800000000000004","0","2.1164011722667833","0","1.1250000000000002","0","0","{""base"":52.79999999999999,""mana"":-0.7999999999999999,""color"":2.1164011722667833,""synergy"":0,""curve"":1.1250000000000002,""creature"":0.65,""removal"":0,""duplicate"":0,""fixing"":0}","{""カード情報からの推定単体評価"":12,""現在の主色に合う"":10,""4マナのクリーチャーを補強"":9,""クリーチャー不足を補う"":8,""主色外のマナ供給が不足"":2}","[""カード情報からの推定単体評価"",""現在の主色に合う"",""4マナのクリーチャーを補強"",""クリーチャー不足を補う"",""主色外のマナ供給が不足""]"
"13bfc51f-d079-40ef-a4ba-47d06d3150a3","Command the Stage","82","10.878048780487806","24","0","0","0","0","","not-applicable-14-card-packs","50.868055999999996","50.868055999999996","","8.0826271","5.5920398","2.795421680487806","48.592000256","45.5","29.300000255999997","-0.47801777253958533","0","0","0","0","{""base"":48.592000256000034,""mana"":0,""color"":-0.47801777253958533,""synergy"":0,""curve"":0,""creature"":0,""removal"":0,""duplicate"":0,""fixing"":0}","{""保存WRを参考にした単体評価"":82,""現在の主色に合う"":48,""主色外のマナ供給が不足"":34}","[""保存WRを参考にした単体評価"",""現在の主色に合う"",""主色外のマナ供給が不足""]"
"158823ed-6015-437a-82b0-8dadb1e9aab2","Hexhaven Battalion","245","3.1755102040816325","79","25","0.31645569620253167","1","0","","not-applicable-14-card-packs","57.636005999999995","57.636005999999995","56.545129","5.4628191","4.2801963","-2.2873088959183674","57.636005999999995","45.5","57.636005999999995","1.2277077676217942","0.42344800285101514","-0.07302411873840443","0","-0.2840816326530614","{""base"":57.6360060000002,""mana"":0,""color"":1.2277077676217942,""synergy"":0.42344800285101514,""curve"":-0.07302411873840443,""creature"":0,""removal"":0,""duplicate"":-0.2840816326530614,""fixing"":0}","{""保存WRを参考にした単体評価"":245,""現在の主色に合う"":152,""アーキタイプ・共通メカニズムと相性が良い"":90,""主色外のマナ供給が不足"":14}","[""保存WRを参考にした単体評価"",""現在の主色に合う"",""アーキタイプ・共通メカニズムと相性が良い"",""主色外のマナ供給が不足""]"
"162421d2-8761-437f-bed9-578b61c96f1f","Flickering Hound","38","11.868421052631579","14","0","0","0","0","","not-applicable-14-card-packs","","","","","3.8806104","","46.199999999999996","46.199999999999996","0","-1.96945865027863","0","0.2923444976076556","0","0","{""base"":46.200000000000024,""mana"":0,""color"":-1.96945865027863,""synergy"":0,""curve"":0.2923444976076556,""creature"":0.27990430622009566,""removal"":0,""duplicate"":0,""fixing"":0}","{""カード情報からの推定単体評価"":38,""現在の主色に合う"":18,""4マナのクリーチャーを補強"":7,""クリーチャー不足を補う"":9,""主色外のマナ供給が不足"":14,""スプラッシュ用のマナ供給あり"":6}","[""カード情報からの推定単体評価"",""現在の主色に合う"",""主色外のマナ供給が不足"",""クリーチャー不足を補う"",""4マナのクリーチャーを補強""]"
"16604fee-cd8d-41e4-8269-3c7ff756613d","Tomik, Izzet Sparkmage","76","9.25","19","0","0","0","0","","not-applicable-14-card-packs","51.15005500000001","51.15005500000001","","6.8566176","5.0637041","2.3933824","50.89340021500001","48.2","46.70000021500001","0.5357338160611673","0","0.6819377990430622","0","-0.16447368421052633","{""base"":50.89340021499995,""mana"":0,""color"":0.5357338160611673,""synergy"":0,""curve"":0.6819377990430622,""creature"":0.48086124401913877,""removal"":0,""duplicate"":-0.16447368421052633,""fixing"":0}","{""保存WRを参考にした単体評価"":76,""現在の主色に合う"":53,""2マナのクリーチャーを補強"":38,""クリーチャー不足を補う"":38,""主色外のマナ供給が不足"":23}","[""保存WRを参考にした単体評価"",""現在の主色に合う"",""2マナのクリーチャーを補強"",""クリーチャー不足を補う"",""主色外のマナ供給が不足""]"
"16c39265-72d9-4c86-a961-8dd38ff9adcd","Consign to Memory","4","11.25","1","0","0","0","0","","not-applicable-14-card-packs","","","","","7.3546798","","46.02","46.02","0","1.9925140246533561","0","0","0.1125","0","{""base"":46.02,""mana"":0,""color"":1.9925140246533561,""synergy"":0,""curve"":0,""creature"":0,""removal"":0.1125,""duplicate"":0,""fixing"":0}","{""カード情報からの推定単体評価"":4,""現在の主色に合う"":3,""バウンス・打ち消し"":3,""主色外のマナ供給が不足"":1}","[""カード情報からの推定単体評価"",""現在の主色に合う"",""バウンス・打ち消し"",""主色外のマナ供給が不足""]"
"172a8f58-c420-4497-b962-c5853f923667","Aerid Konstrari","19","10.052631578947368","5","0","0","0","0","","not-applicable-14-card-packs","56.74548","","","","1.5784753","","53.89484512","52.4","19.520445119999998","-3.294754149061973","0","0.19760765550239237","0","0","{""base"":53.89484512000001,""mana"":-0.6398162441921273,""color"":-3.294754149061973,""synergy"":0,""curve"":0.19760765550239237,""creature"":0.06315789473684211,""removal"":0,""duplicate"":0,""fixing"":0}","{""カード情報からの推定単体評価"":19,""主色外のマナ供給が不足"":13,""現在の主色に合う"":6,""4マナのクリーチャーを補強"":3,""クリーチャー不足を補う"":1}","[""カード情報からの推定単体評価"",""主色外のマナ供給が不足"",""現在の主色に合う"",""4マナのクリーチャーを補強"",""クリーチャー不足を補う""]"
"17e7212e-69d8-4014-af98-447baed2cae7","Fblthp, Impossibly Lost","87","1.3793103448275863","25","21","0.84","1","0","","not-applicable-14-card-packs","60.553444999999996","60.553444999999996","56.811302","4.5808893","4.1498184","-3.2015789551724136","60.553444999999996","49.9","60.553444999999996","1.3123747700944006","0.41753047496005885","0.596394984326019","0","-0.05747126436781609","{""base"":60.553444999999904,""mana"":0,""color"":1.3123747700944006,""synergy"":0.41753047496005885,""curve"":0.596394984326019,""creature"":0.43134796238244527,""removal"":0,""duplicate"":-0.05747126436781609,""fixing"":0}","{""保存WRを参考にした単体評価"":87,""現在の主色に合う"":58,""アーキタイプ・共通メカニズムと相性が良い"":34,""2マナのクリーチャーを補強"":30,""クリーチャー不足を補う"":25,""主色外のマナ供給が不足"":4}","[""保存WRを参考にした単体評価"",""現在の主色に合う"",""アーキタイプ・共通メカニズムと相性が良い"",""2マナのクリーチャーを補強"",""クリーチャー不足を補う""]"
"184d4672-05a9-4182-8b3f-3561fb33ed62","Garruk, Curse Breaker","13","8.461538461538462","3","0","0","0","0","","not-applicable-14-card-packs","60.779817","","","","1.4484305","","52.236163506000004","46.1","25.405963506","0.3627114918173866","0","0","0","0","{""base"":52.23616350600002,""mana"":0,""color"":0.3627114918173866,""synergy"":0,""curve"":0,""creature"":0,""removal"":0,""duplicate"":0,""fixing"":0}","{""カード情報からの推定単体評価"":13,""現在の主色に合う"":10,""主色外のマナ供給が不足"":3}","[""カード情報からの推定単体評価"",""現在の主色に合う"",""主色外のマナ供給が不足""]"
"185c70c1-8403-4ae5-b45d-3679d4ee092a","Rockfall Vale","33","10.181818181818182","9","0","0","0","0","","not-applicable-14-card-packs","55.175689000000006","","","6.2031873","4.4274966","3.978630881818182","49.779508672000006","45.4","24.718708672","0","0","0","0","0","{""base"":49.77950867200001,""mana"":0,""color"":0,""synergy"":0,""curve"":0,""creature"":0,""removal"":0,""duplicate"":0,""fixing"":0.3423412311310302}","{""カード情報からの推定単体評価"":33,""主色のマナ基盤を補強"":2}","[""カード情報からの推定単体評価"",""主色のマナ基盤を補強""]"
"1869eb1e-7786-4fea-8a92-2bd839de47df","Flesh Duplicate","4","11.75","3","0","0","0","0","","not-applicable-14-card-packs","","","","","","","46.4","46.4","0","1.2243780954515953","0","0.5727272727272728","0","0","{""base"":46.4,""mana"":0,""color"":1.2243780954515953,""synergy"":0,""curve"":0.5727272727272728,""creature"":0.35454545454545455,""removal"":0,""duplicate"":0,""fixing"":0}","{""カード情報からの推定単体評価"":4,""現在の主色に合う"":3,""主色外のマナ供給が不足"":1,""2マナのクリーチャーを補強"":1,""クリーチャー不足を補う"":1}","[""カード情報からの推定単体評価"",""現在の主色に合う"",""主色外のマナ供給が不足"",""2マナのクリーチャーを補強"",""クリーチャー不足を補う""]"
"18d1765b-3b60-4dda-93a6-d02a4e53f185","Mind Meanderer","83","4.180722891566265","32","10","0.3125","0.96875","0","","not-applicable-14-card-packs","58.349802","58.349802","52.715655","5.7686404","4.807762","-1.5879175084337351","58.349802","49.099999999999994","58.349802","-0.268156152163712","0.16449112764101884","-0.057831325301204814","0.13751369112814898","-0.08674698795180723","{""base"":58.349802000000025,""mana"":-0.7628695682249718,""color"":-0.268156152163712,""synergy"":0.16449112764101884,""curve"":-0.057831325301204814,""creature"":0.33055859802847753,""removal"":0.13751369112814898,""duplicate"":-0.08674698795180723,""fixing"":0}","{""保存WRを参考にした単体評価"":83,""スプラッシュ用のマナ供給あり"":6,""現在の主色に合う"":35,""アーキタイプ・共通メカニズムと相性が良い"":9,""クリーチャー不足を補う"":24,""条件付き除去"":35,""主色外のマナ供給が不足"":11}","[""保存WRを参考にした単体評価"",""現在の主色に合う"",""条件付き除去"",""クリーチャー不足を補う"",""主色外のマナ供給が不足""]"
"1917bda6-c0e1-4c80-8009-74c28cf6b8e9","Edgar, Moonlit Sovereign","74","10.95945945945946","24","0","0","0","0","","not-applicable-14-card-packs","49.629630000000006","49.629630000000006","","6.7494692","4.6597186","4.20999025945946","49.2060003","47.4","40.200000300000006","0.11533108249207312","0","0","0","-0.10135135135135136","{""base"":49.20600030000004,""mana"":0,""color"":0.11533108249207312,""synergy"":0,""curve"":0,""creature"":0.34201474201474197,""removal"":0,""duplicate"":-0.10135135135135136,""fixing"":0}","{""保存WRを参考にした単体評価"":74,""主色外のマナ供給が不足"":24,""現在の主色に合う"":50,""クリーチャー不足を補う"":25}","[""保存WRを参考にした単体評価"",""現在の主色に合う"",""クリーチャー不足を補う"",""主色外のマナ供給が不足""]"
"1a929c4f-ae1f-44d9-a0a7-2ca2dc928dee","Arni, Renowned Champion","90","10.533333333333333","25","0","0","0","0","","not-applicable-14-card-packs","48.181818","","","10.620902","7.0154566","-0.08756866666666596","49.151490872000004","49.4","9.829090872","-0.9408924636689661","0","0.5097979797979798","0","-0.1388888888888889","{""base"":49.151490872000046,""mana"":0,""color"":-0.9408924636689661,""synergy"":0,""curve"":0.5097979797979798,""creature"":0.29272727272727267,""removal"":0,""duplicate"":-0.1388888888888889,""fixing"":0}","{""カード情報からの推定単体評価"":90,""現在の主色に合う"":53,""4マナのクリーチャーを補強"":30,""クリーチャー不足を補う"":26,""スプラッシュ用のマナ供給あり"":16,""主色外のマナ供給が不足"":21}","[""カード情報からの推定単体評価"",""現在の主色に合う"",""4マナのクリーチャーを補強"",""クリーチャー不足を補う"",""主色外のマナ供給が不足""]"
"1f47c869-f4a9-43b0-aec0-8da4e3a3fec5","Extrapolate the Impossible","49","11.63265306122449","12","0","0","0","0","","not-applicable-14-card-packs","","","","9.7844828","6.4399797","1.8481702612244906","43.4","43.4","0","0.6147983841929369","0","0","0","0","{""base"":43.400000000000034,""mana"":0,""color"":0.6147983841929369,""synergy"":0,""curve"":0,""creature"":0,""removal"":0,""duplicate"":0,""fixing"":0}","{""カード情報からの推定単体評価"":49,""現在の主色に合う"":38,""主色外のマナ供給が不足"":11}","[""カード情報からの推定単体評価"",""現在の主色に合う"",""主色外のマナ供給が不足""]"
"20b90a18-ff62-4995-b0d6-fbef44dca357","Karn, Gilded Guardian","39","13","17","0","0","0","0","","not-applicable-14-card-packs","","","","9.2328244","6.2215447","3.7671756","47.9","47.9","0","-15.273977239726877","0","0","0","0","{""base"":47.900000000000034,""mana"":-1.1780818208218495,""color"":-15.273977239726877,""synergy"":0,""curve"":0,""creature"":0,""removal"":0,""duplicate"":0,""fixing"":0}","{""カード情報からの推定単体評価"":39,""主色外のマナ供給が不足"":38}","[""カード情報からの推定単体評価"",""主色外のマナ供給が不足""]"
"213b0814-f768-4408-9cb7-6f5960bcbb7a","Terminal Criticism","81","10.209876543209877","25","0","0","0","0","","not-applicable-14-card-packs","","","","11.573975","7.8128486","-1.3640984567901242","49.6","49.6","0","1.1845621164712818","0","0","0.1356060606060606","0","{""base"":49.59999999999994,""mana"":0,""color"":1.1845621164712818,""synergy"":0,""curve"":0,""creature"":0,""removal"":0.1356060606060606,""duplicate"":0,""fixing"":0}","{""カード情報からの推定単体評価"":81,""現在の主色に合う"":66,""確定除去"":66,""主色外のマナ供給が不足"":15}","[""カード情報からの推定単体評価"",""現在の主色に合う"",""確定除去"",""主色外のマナ供給が不足""]"
"217e76ca-ea94-417c-b5b0-82e2302eeee8","Return to the Light Realms","16","12.25","6","0","0","0","0","","not-applicable-14-card-packs","","","","","4.2685888","","43.6","43.6","0","-0.3614652978006814","0","0","0","0","{""base"":43.600000000000016,""mana"":0,""color"":-0.3614652978006814,""synergy"":0,""curve"":0,""creature"":0,""removal"":0,""duplicate"":0,""fixing"":0}","{""カード情報からの推定単体評価"":16,""現在の主色に合う"":10,""主色外のマナ供給が不足"":6}","[""カード情報からの推定単体評価"",""現在の主色に合う"",""主色外のマナ供給が不足""]"
"21b8d59f-a90d-44ff-a2e3-9f439ac3e14a","Semester Foreseer // Peer Review","218","7.339449541284404","80","0","0","0.025","0","","not-applicable-14-card-packs","52.324324","52.324324","48.559232","8.6232791","5.9623427","-1.2838295587155955","52.324324","48.2","52.324324","1.690446382594532","0.3653860185390845","0.740679733110926","0","0","{""base"":52.32432399999987,""mana"":0,""color"":1.690446382594532,""synergy"":0.3653860185390845,""curve"":0.740679733110926,""creature"":0.4541284403669726,""removal"":0,""duplicate"":0,""fixing"":0}","{""保存WRを参考にした単体評価"":218,""現在の主色に合う"":199,""スプラッシュ用のマナ供給あり"":6,""アーキタイプ・共通メカニズムと相性が良い"":90,""4マナのクリーチャーを補強"":120,""クリーチャー不足を補う"":107,""主色外のマナ供給が不足"":11}","[""保存WRを参考にした単体評価"",""現在の主色に合う"",""4マナのクリーチャーを補強"",""クリーチャー不足を補う"",""アーキタイプ・共通メカニズムと相性が良い""]"
"22c2e66d-a2a1-46db-a70a-dff5ad5d6c14","Liliana the Faultless","34","8.029411764705882","9","0","0","0","0","","not-applicable-14-card-packs","55.513307999999995","55.513307999999995","","2.8364486","2.4993289","5.192963164705882","52.615600008","49.4","29.200000008","0.8705276514131861","0.22379256323128288","0","0","0","{""base"":52.615600008,""mana"":0,""color"":0.8705276514131861,""synergy"":0.22379256323128288,""curve"":0,""creature"":0.460427807486631,""removal"":0,""duplicate"":0,""fixing"":0}","{""保存WRを参考にした単体評価"":34,""現在の主色に合う"":27,""アーキタイプ・共通メカニズムと相性が良い"":9,""クリーチャー不足を補う"":16,""主色外のマナ供給が不足"":7}","[""保存WRを参考にした単体評価"",""現在の主色に合う"",""クリーチャー不足を補う"",""アーキタイプ・共通メカニズムと相性が良い"",""主色外のマナ供給が不足""]"
"24f1445c-16c9-45c0-be56-0266e6c78cdb","Guiding Hydra","47","5.723404255319149","14","0","0","0.7142857142857143","0","","not-applicable-14-card-packs","57.427056","57.427056","","1.5061728","1.5317073","4.2172314553191494","55.255600224000005","48.6","43.300000224","0.18297290440038494","0","0","0","0","{""base"":55.255600224,""mana"":0,""color"":0.18297290440038494,""synergy"":0,""curve"":0,""creature"":0.31102514506769824,""removal"":0,""duplicate"":0,""fixing"":0}","{""保存WRを参考にした単体評価"":47,""現在の主色に合う"":27,""主色外のマナ供給が不足"":10,""クリーチャー不足を補う"":16}","[""保存WRを参考にした単体評価"",""現在の主色に合う"",""クリーチャー不足を補う"",""主色外のマナ供給が不足""]"
"25151d18-8e73-4b0d-a8d2-e5fa291e5729","Eardrum Rattler","228","10.381578947368421","89","0","0","0","0","","not-applicable-14-card-packs","49.744463","49.744463","","11.75783","8.2201002","-1.376251052631579","49.436999781","49","29.199999781","0.03376909113335588","0","0.4503588516746407","0","0","{""base"":49.436999781000196,""mana"":0,""color"":0.03376909113335588,""synergy"":0,""curve"":0.4503588516746407,""creature"":0.2923444976076557,""removal"":0,""duplicate"":0,""fixing"":0}","{""保存WRを参考にした単体評価"":228,""現在の主色に合う"":150,""2マナのクリーチャーを補強"":72,""主色外のマナ供給が不足"":78,""クリーチャー不足を補う"":64}","[""保存WRを参考にした単体評価"",""現在の主色に合う"",""主色外のマナ供給が不足"",""2マナのクリーチャーを補強"",""クリーチャー不足を補う""]"
"253d0cf7-65d3-4f13-aaf2-aae5bb60ac46","Apex Witchstalker","229","4.580786026200873","72","3","0.041666666666666664","0.7916666666666666","0","","not-applicable-14-card-packs","55.891309","55.891309","51.407589","7.166275","5.2020439","-2.5854889737991265","55.891309","47.4","55.891309","1.3397583855778243","0.22805644231462407","-0.05478364430329496","0","-0.2148471615720525","{""base"":55.8913090000001,""mana"":0,""color"":1.3397583855778243,""synergy"":0.22805644231462407,""curve"":-0.05478364430329496,""creature"":0.4327907899960302,""removal"":0,""duplicate"":-0.2148471615720525,""fixing"":0}","{""保存WRを参考にした単体評価"":229,""現在の主色に合う"":156,""アーキタイプ・共通メカニズムと相性が良い"":55,""クリーチャー不足を補う"":97,""主色外のマナ供給が不足"":16}","[""保存WRを参考にした単体評価"",""現在の主色に合う"",""クリーチャー不足を補う"",""アーキタイプ・共通メカニズムと相性が良い"",""主色外のマナ供給が不足""]"
"254f133a-eee5-48b9-b19f-110555e49300","Winter, Team Player","90","11.522222222222222","26","0","0","0","0","","not-applicable-14-card-packs","50.488997999999995","","","10.170825","6.7730597","1.3513972222222215","47.427082305999996","45.8","17.519682305999996","-0.5259575964213222","0","0","0","-0.1111111111111111","{""base"":47.42708230600006,""mana"":0,""color"":-0.5259575964213222,""synergy"":0,""curve"":0,""creature"":0.2969696969696969,""removal"":0,""duplicate"":-0.1111111111111111,""fixing"":0}","{""カード情報からの推定単体評価"":90,""現在の主色に合う"":53,""クリーチャー不足を補う"":26,""スプラッシュ用のマナ供給あり"":11,""主色外のマナ供給が不足"":26}","[""カード情報からの推定単体評価"",""現在の主色に合う"",""クリーチャー不足を補う"",""主色外のマナ供給が不足"",""スプラッシュ用のマナ供給あり""]"
"26e20ae5-4059-4d63-9db5-6e12421d1aba","Stingerquill Annex","270","4.648148148148148","87","4","0.04597701149425287","0.7586206896551724","0","","not-applicable-14-card-packs","55.894428","55.894428","58.295282","9.2816616","6.5591468","-4.633513451851852","55.894428","45","55.894428","0","0","0","0","0","{""base"":55.89442799999973,""mana"":0,""color"":0,""synergy"":0,""curve"":0,""creature"":0,""removal"":0,""duplicate"":0,""fixing"":1.394670048693601}","{""保存WRを参考にした単体評価"":270,""主色のマナ基盤を補強"":77}","[""保存WRを参考にした単体評価"",""主色のマナ基盤を補強""]"
"27d5b2eb-94fe-45fb-806c-354044de7ba5","Room of Refuge","252","2.996031746031746","81","1","0.012345679012345678","0.6049382716049383","0","","not-applicable-14-card-packs","55.333703","55.333703","56.207675","7.2518363","5.0762436","-4.255804553968254","55.333703","45","55.333703","0","0.05232280780331352","0","0","0","{""base"":55.33370300000014,""mana"":0,""color"":0,""synergy"":0.05232280780331352,""curve"":0,""creature"":0,""removal"":0,""duplicate"":0,""fixing"":3.2188719813083337}","{""保存WRを参考にした単体評価"":252,""主色のマナ基盤を補強"":249,""アーキタイプ・共通メカニズムと相性が良い"":14}","[""保存WRを参考にした単体評価"",""主色のマナ基盤を補強"",""アーキタイプ・共通メカニズムと相性が良い""]"
"28a362c2-0c99-48e0-b9cb-485a6c1f350b","Your Fate Ends Here","83","5.301204819277109","30","1","0.03333333333333333","0.6","0","","not-applicable-14-card-packs","55.923435","55.923435","53.891336","3.5712347","3.0107871","1.7299701192771084","55.923435","46.3","55.923435","0.6879935190973052","0.27180080264790274","0","0.1288882803943045","0","{""base"":55.92343500000002,""mana"":0,""color"":0.6879935190973052,""synergy"":0.27180080264790274,""curve"":0,""creature"":0,""removal"":0.1288882803943045,""duplicate"":0,""fixing"":0}","{""保存WRを参考にした単体評価"":83,""主色外のマナ供給が不足"":15,""現在の主色に合う"":50,""アーキタイプ・共通メカニズムと相性が良い"":27,""条件付き除去"":54}","[""保存WRを参考にした単体評価"",""条件付き除去"",""現在の主色に合う"",""アーキタイプ・共通メカニズムと相性が良い"",""主色外のマナ供給が不足""]"
"2a18b3f0-8a78-46d8-b60f-3cd634062f1b","Refute Destiny","91","10.461538461538462","35","0","0","0","0","","not-applicable-14-card-packs","","","","11.565445","7.7657895","-1.1039065384615387","49.6","49.6","0","0.5518691159326505","0.3852642242914234","0","0.09103396603396605","0","{""base"":49.59999999999997,""mana"":0,""color"":0.5518691159326505,""synergy"":0.3852642242914234,""curve"":0,""creature"":0,""removal"":0.09103396603396605,""duplicate"":0,""fixing"":0}","{""カード情報からの推定単体評価"":91,""現在の主色に合う"":60,""アーキタイプ・共通メカニズムと相性が良い"":38,""確定除去"":60,""主色外のマナ供給が不足"":31}","[""カード情報からの推定単体評価"",""現在の主色に合う"",""確定除去"",""アーキタイプ・共通メカニズムと相性が良い"",""主色外のマナ供給が不足""]"
"2a29d028-d1a4-413f-9c01-d6842294420a","Fulminous Forte","86","3.7674418604651163","24","4","0.16666666666666666","1","0","","not-applicable-14-card-packs","57.149950000000004","57.149950000000004","56.275862","3.5257596","3.027847","0.2416822604651161","57.149950000000004","47.4","57.149950000000004","1.4297278744600739","0","0","0.054704016913319234","0","{""base"":57.14995,""mana"":0,""color"":1.4297278744600739,""synergy"":0,""curve"":0,""creature"":0,""removal"":0.054704016913319234,""duplicate"":0,""fixing"":0}","{""保存WRを参考にした単体評価"":86,""現在の主色に合う"":56,""火力・マイナス修整"":61,""主色外のマナ供給が不足"":6}","[""保存WRを参考にした単体評価"",""火力・マイナス修整"",""現在の主色に合う"",""主色外のマナ供給が不足""]"
"2c3a1313-a66e-4317-9732-e4ff9288b0db","Germinate Recruits","42","12.285714285714286","17","0","0","0","0","","not-applicable-14-card-packs","","","","","5.3618926","","43.4","43.4","0","-1.2153691020665054","0","0","0","0","{""base"":43.400000000000034,""mana"":0,""color"":-1.2153691020665054,""synergy"":0,""curve"":0,""creature"":0,""removal"":0,""duplicate"":0,""fixing"":0}","{""カード情報からの推定単体評価"":42,""主色外のマナ供給が不足"":21,""現在の主色に合う"":21}","[""カード情報からの推定単体評価"",""主色外のマナ供給が不足"",""現在の主色に合う""]"
"2cc075da-f79b-4050-84eb-2c1b9a30260c","Hexhaven Dueling Arena","85","11.6","31","0","0","0","0","","not-applicable-14-card-packs","","","","11.716724","7.8779187","-0.1167239999999996","45","45","0","0","0","0","0","0","{""base"":45,""mana"":0,""color"":0,""synergy"":0,""curve"":0,""creature"":0,""removal"":0,""duplicate"":0,""fixing"":0}","{""カード情報からの推定単体評価"":85}","[""カード情報からの推定単体評価""]"
"2cdcf65c-03d2-416f-8a3f-0322f75e8595","Heartstring Puller","237","4.987341772151899","73","0","0","0.4931506849315068","0","","not-applicable-14-card-packs","55.143871","55.143871","50.601093","8.5255236","6.1984816","-3.538181827848101","55.143871","47.8","55.143871","1.1947719818924012","0","0.6902186421173768","0","0","{""base"":55.14387100000018,""mana"":0,""color"":1.1947719818924012,""synergy"":0,""curve"":0.6902186421173768,""creature"":0.4522439585730727,""removal"":0,""duplicate"":0,""fixing"":0}","{""保存WRを参考にした単体評価"":237,""現在の主色に合う"":162,""4マナのクリーチャーを補強"":118,""クリーチャー不足を補う"":98,""主色外のマナ供給が不足"":28,""スプラッシュ用のマナ供給あり"":9}","[""保存WRを参考にした単体評価"",""現在の主色に合う"",""4マナのクリーチャーを補強"",""クリーチャー不足を補う"",""主色外のマナ供給が不足""]"
"2df3187b-4b91-4de9-9b26-d48a30700cec","Splinter Twin","2","12.5","0","0","","","0","","not-applicable-14-card-packs","","","","","","","43.6","43.6","0","3.776158370800456","0","0","0","0","{""base"":43.6,""mana"":0,""color"":3.776158370800456,""synergy"":0,""curve"":0,""creature"":0,""removal"":0,""duplicate"":0,""fixing"":0}","{""カード情報からの推定単体評価"":2,""現在の主色に合う"":2}","[""カード情報からの推定単体評価"",""現在の主色に合う""]"
"2f4abc5e-5aad-455e-b1ec-137d7ac4a10c","Root Maze","1","10","0","0","","","0","","not-applicable-14-card-packs","","","","","","","43.6","43.6","0","3.5802394521190344","0","0","0","0","{""base"":43.6,""mana"":0,""color"":3.5802394521190344,""synergy"":0,""curve"":0,""creature"":0,""removal"":0,""duplicate"":0,""fixing"":0}","{""カード情報からの推定単体評価"":1,""現在の主色に合う"":1}","[""カード情報からの推定単体評価"",""現在の主色に合う""]"
"313aee0e-4090-4589-b323-a4edbda21c68","Fatehold Charm","81","5.3580246913580245","23","1","0.043478260869565216","0.9565217391304348","0","","not-applicable-14-card-packs","57.071823","57.071823","54.559504999999994","6.262963","4.9678161","-0.9049383086419756","57.071823","47.92","57.071823","0.8563617477605738","0.6488137838977821","0","0.23636363636363636","0","{""base"":57.07182300000012,""mana"":-0.2791340036685162,""color"":0.8563617477605738,""synergy"":0.6488137838977821,""curve"":0,""creature"":0,""removal"":0.23636363636363636,""duplicate"":0,""fixing"":0}","{""保存WRを参考にした単体評価"":81,""現在の主色に合う"":49,""アーキタイプ・共通メカニズムと相性が良い"":46,""バウンス・打ち消し"":50,""主色外のマナ供給が不足"":10}","[""保存WRを参考にした単体評価"",""バウンス・打ち消し"",""現在の主色に合う"",""アーキタイプ・共通メカニズムと相性が良い"",""主色外のマナ供給が不足""]"
"31ea4f3f-392a-4319-a95b-eb28790a80e6","Konstrari Annex","257","7.392996108949417","85","0","0","0.09411764705882353","0","","not-applicable-14-card-packs","53.323029","53.323029","52.568698000000005","8.7288843","6.201475","-1.335888191050584","53.323029","45","53.323029","0","0","0","0","0","{""base"":53.32302899999974,""mana"":0,""color"":0,""synergy"":0,""curve"":0,""creature"":0,""removal"":0,""duplicate"":0,""fixing"":1.0032443348007083}","{""保存WRを参考にした単体評価"":257,""主色のマナ基盤を補強"":48}","[""保存WRを参考にした単体評価"",""主色のマナ基盤を補強""]"
"3241a3f5-7ae5-4497-9dd2-a55f3370a055","Solve for Disappointment","256","9.12109375","93","0","0","0","0","","not-applicable-14-card-packs","52.445651999999995","52.445651999999995","","10.808609","7.4146542","-1.6875152500000006","50.611999872","45.5","38.599999872","1.0656823635406996","0.6332328936168853","0","0","0","{""base"":50.611999872000084,""mana"":0,""color"":1.0656823635406996,""synergy"":0.6332328936168853,""curve"":0,""creature"":0,""removal"":0,""duplicate"":0,""fixing"":0}","{""保存WRを参考にした単体評価"":256,""現在の主色に合う"":205,""主色外のマナ供給が不足"":50,""アーキタイプ・共通メカニズムと相性が良い"":117}","[""保存WRを参考にした単体評価"",""現在の主色に合う"",""アーキタイプ・共通メカニズムと相性が良い"",""主色外のマナ供給が不足""]"
"33e3793c-098f-4897-88f3-9f9ce9081e0f","Pompous Battlemage // Improvised Act","45","7.977777777777778","18","0","0","0.05555555555555555","0","","not-applicable-14-card-packs","56.121212","","","","3.7315436","","53.46184844","51.9","20.764848439999998","-0.011517775377264927","0.2785193116093256","0","0","0","{""base"":53.46184844,""mana"":0,""color"":-0.011517775377264927,""synergy"":0.2785193116093256,""curve"":0,""creature"":0.3078787878787878,""removal"":0,""duplicate"":0,""fixing"":0}","{""カード情報からの推定単体評価"":45,""主色外のマナ供給が不足"":16,""現在の主色に合う"":28,""アーキタイプ・共通メカニズムと相性が良い"":16,""クリーチャー不足を補う"":14}","[""カード情報からの推定単体評価"",""現在の主色に合う"",""主色外のマナ供給が不足"",""アーキタイプ・共通メカニズムと相性が良い"",""クリーチャー不足を補う""]"
"36924990-8e3a-434e-bcd1-f03603cb350d","Mabel, Bitter Recluse","78","8.025641025641026","26","0","0","0","0","","not-applicable-14-card-packs","52.461952000000004","52.461952000000004","","7.4839228","5.2447587","0.5417182256410253","52.461952000000004","51","52.461952000000004","0.8121723843237781","0","0","0","-0.1282051282051282","{""base"":52.46195200000008,""mana"":0,""color"":0.8121723843237781,""synergy"":0,""curve"":0,""creature"":0.4216783216783217,""removal"":0,""duplicate"":-0.1282051282051282,""fixing"":0}","{""保存WRを参考にした単体評価"":78,""現在の主色に合う"":59,""クリーチャー不足を補う"":36,""主色外のマナ供給が不足"":19}","[""保存WRを参考にした単体評価"",""現在の主色に合う"",""クリーチャー不足を補う"",""主色外のマナ供給が不足""]"
"36cb3d18-019c-464d-b591-8c87e1b81f31","Archive Arbiter","102","4.578431372549019","32","1","0.03125","0.84375","0","","not-applicable-14-card-packs","56.50708","56.50708","52.015355","7.6893733","5.380531","-3.1109419274509804","56.50708","52.4","56.50708","0","0","-0.047058823529411764","0.1231283422459893","-0.058823529411764705","{""base"":56.50708000000006,""mana"":0,""color"":0,""synergy"":0,""curve"":-0.047058823529411764,""creature"":0.45080213903743344,""removal"":0.1231283422459893,""duplicate"":-0.058823529411764705,""fixing"":0}","{""保存WRを参考にした単体評価"":102,""確定除去"":102,""クリーチャー不足を補う"":46}","[""保存WRを参考にした単体評価"",""確定除去"",""クリーチャー不足を補う""]"
"37513bd8-7303-4ac6-a7a7-224184faf758","Theorist's Sanctum","43","5.372093023255814","8","0","0","0.375","0","","not-applicable-14-card-packs","55.666364","55.666364","","2.9552239","2.6915888","2.4168691232558137","55.666364","45.4","55.666364","0","0","0","0","0","{""base"":55.666364,""mana"":0,""color"":0,""synergy"":0,""curve"":0,""creature"":0,""removal"":0,""duplicate"":0,""fixing"":0}","{""保存WRを参考にした単体評価"":43}","[""保存WRを参考にした単体評価""]"
"3a9059ac-c595-4e71-b704-b04d2d47db70","Compel Brutality","229","7.842794759825328","81","0","0","0.19753086419753085","0","","not-applicable-14-card-packs","53.801783","53.801783","51.753156","5.7801047","4.2674772","2.0626900598253277","53.801783","46.3","53.801783","0.19598698993598238","0","0","0.08038904327113931","0","{""base"":53.8017830000002,""mana"":0,""color"":0.19598698993598238,""synergy"":0,""curve"":0,""creature"":0,""removal"":0.08038904327113931,""duplicate"":0,""fixing"":0}","{""保存WRを参考にした単体評価"":229,""現在の主色に合う"":144,""条件付き除去"":149,""主色外のマナ供給が不足"":69}","[""保存WRを参考にした単体評価"",""条件付き除去"",""現在の主色に合う"",""主色外のマナ供給が不足""]"
"3b17da84-ae4d-4fc1-a327-85e54e6156c6","Koth, the Geomancer","92","7.945652173913044","31","0","0","0.03225806451612903","0","","not-applicable-14-card-packs","53.171642","53.171642","","6.4880295","4.7597823","1.4576226739130442","53.171642","48.2","53.171642","0.2362317630826684","0","0.4318675889328062","0","-0.08152173913043478","{""base"":53.17164199999996,""mana"":0,""color"":0.2362317630826684,""synergy"":0,""curve"":0.4318675889328062,""creature"":0.4001976284584981,""removal"":0,""duplicate"":-0.08152173913043478,""fixing"":0}","{""保存WRを参考にした単体評価"":92,""現在の主色に合う"":59,""クリーチャー不足を補う"":37,""3マナのクリーチャーを補強"":32,""主色外のマナ供給が不足"":32}","[""保存WRを参考にした単体評価"",""現在の主色に合う"",""クリーチャー不足を補う"",""3マナのクリーチャーを補強"",""主色外のマナ供給が不足""]"
"3c0fe71c-bee1-41d3-aeb5-1723028eedde","Face Yourself","44","11.454545454545455","17","0","0","0","0","","not-applicable-14-card-packs","53.553038","","","5.1044177","4.0801012","6.350127754545455","47.786112416","43.4","23.134912416","-0.552482056586297","0.04400461509954827","-0.02727272727272727","0","-0.02727272727272727","{""base"":47.78611241599997,""mana"":0,""color"":-0.552482056586297,""synergy"":0.04400461509954827,""curve"":-0.02727272727272727,""creature"":0,""removal"":0,""duplicate"":-0.02727272727272727,""fixing"":0}","{""カード情報からの推定単体評価"":44,""主色外のマナ供給が不足"":21,""現在の主色に合う"":23,""アーキタイプ・共通メカニズムと相性が良い"":2}","[""カード情報からの推定単体評価"",""現在の主色に合う"",""主色外のマナ供給が不足"",""アーキタイプ・共通メカニズムと相性が良い""]"
"3ce30a19-e716-478f-be89-e2d95753cfed","Twisted Fates","89","6.53932584269663","34","4","0.11764705882352941","1","0","","not-applicable-14-card-packs","57.762237999999996","57.762237999999996","56.730769","5.9836512","4.7268226","0.5556746426966299","57.762237999999996","49.6","57.762237999999996","-2.5379657169904832","0","0","0.011491317671092951","0","{""base"":57.762237999999975,""mana"":-0.7168810742792915,""color"":-2.5379657169904832,""synergy"":0,""curve"":0,""creature"":0,""removal"":0.011491317671092951,""duplicate"":0,""fixing"":0}","{""保存WRを参考にした単体評価"":89,""現在の主色に合う"":22,""確定除去"":24,""主色外のマナ供給が不足"":31,""スプラッシュ用のマナ供給あり"":2}","[""保存WRを参考にした単体評価"",""主色外のマナ供給が不足"",""確定除去"",""現在の主色に合う"",""スプラッシュ用のマナ供給あり""]"
"3e51c060-1e86-4a0e-8fee-8b7273161468","Formidable Commons","241","3.3858921161825726","83","12","0.14457831325301204","0.9518072289156626","0","","not-applicable-14-card-packs","57.227005","57.227005","58.944954","8.7608486","6.2783454","-5.374956483817426","57.227005","45","57.227005","0","0","0","0","0","{""base"":57.227005000000204,""mana"":0,""color"":0,""synergy"":0,""curve"":0,""creature"":0,""removal"":0,""duplicate"":0,""fixing"":1.1388379131845812}","{""保存WRを参考にした単体評価"":241,""主色のマナ基盤を補強"":50}","[""保存WRを参考にした単体評価"",""主色のマナ基盤を補強""]"
"3ebd64d2-c178-45a2-a51f-9869754baa0f","Sanctum Lurker","41","2","18","12","0.6666666666666666","1","0","","not-applicable-14-card-packs","59.803922","59.803922","","1.6485623","1.64","0.35143769999999996","58.885200396","48.6","54.900000396","1.2855721189466633","0","0.4047671840354768","0","0","{""base"":58.88520039600003,""mana"":0,""color"":1.2855721189466633,""synergy"":0,""curve"":0.4047671840354768,""creature"":0.40044345898004424,""removal"":0,""duplicate"":0,""fixing"":0}","{""保存WRを参考にした単体評価"":41,""現在の主色に合う"":22,""3マナのクリーチャーを補強"":13,""クリーチャー不足を補う"":14,""主色外のマナ供給が不足"":1}","[""保存WRを参考にした単体評価"",""現在の主色に合う"",""クリーチャー不足を補う"",""3マナのクリーチャーを補強"",""主色外のマナ供給が不足""]"
"406e853b-713f-4c89-9efb-aca74a11183f","Academic Ascent","248","10.564516129032258","77","0","0","0","0","","not-applicable-14-card-packs","51.851852","51.851852","","11.482788","7.7068827","-0.9182718709677413","49.39000008","46.5","28.000000080000003","-0.22391578253006622","0.34462611211551647","0","0","-0.06048387096774194","{""base"":49.39000008000024,""mana"":0,""color"":-0.22391578253006622,""synergy"":0.34462611211551647,""curve"":0,""creature"":0,""removal"":0,""duplicate"":-0.06048387096774194,""fixing"":0}","{""保存WRを参考にした単体評価"":248,""主色外のマナ供給が不足"":85,""現在の主色に合う"":163,""アーキタイプ・共通メカニズムと相性が良い"":98}","[""保存WRを参考にした単体評価"",""現在の主色に合う"",""アーキタイプ・共通メカニズムと相性が良い"",""主色外のマナ供給が不足""]"
"40961b23-b153-434a-aeb9-b9c2ff613dcb","Konstrari Charm","102","11.088235294117647","38","0","0","0","0","","not-applicable-14-card-packs","53.233830999999995","53.233830999999995","","8.8843227","6.1540991","2.2039125941176465","52.090400124","47.4","42.800000124","-5.079979343301145","0","0","0.006818181818181818","0","{""base"":52.09040012399997,""mana"":-0.2732464063238093,""color"":-5.079979343301145,""synergy"":0,""curve"":0,""creature"":0,""removal"":0.006818181818181818,""duplicate"":0,""fixing"":0}","{""保存WRを参考にした単体評価"":102,""主色外のマナ供給が不足"":85,""現在の主色に合う"":17,""火力・マイナス修整"":17}","[""保存WRを参考にした単体評価"",""主色外のマナ供給が不足"",""現在の主色に合う"",""火力・マイナス修整""]"
"42565432-3a17-4274-87fc-016ab900e313","Rewrite Regrets","84","1.9404761904761905","25","19","0.76","1","0","","not-applicable-14-card-packs","59.585687","59.585687","54.486486","4.3233233","3.7371336","-2.3828471095238095","59.585687","45.5","59.585687","1.006195767474897","0.13130628167607605","0","0","0","{""base"":59.58568699999988,""mana"":0,""color"":1.006195767474897,""synergy"":0.13130628167607605,""curve"":0,""creature"":0,""removal"":0,""duplicate"":0,""fixing"":0}","{""保存WRを参考にした単体評価"":84,""現在の主色に合う"":51,""スプラッシュ用のマナ供給あり"":2,""主色外のマナ供給が不足"":6}","[""保存WRを参考にした単体評価"",""現在の主色に合う"",""主色外のマナ供給が不足"",""スプラッシュ用のマナ供給あり""]"
"43654381-c55c-4d6d-abfd-12932ceb5a4a","Silence the Echo","231","6.796536796536796","74","0","0","0.17567567567567569","0","","not-applicable-14-card-packs","53.829079","53.829079","48.80829","7.4130758","5.2074049","-0.6165390034632034","53.829079","49.6","53.829079","1.5087659671135365","0.14260260876894584","0","0.11475796930342383","0","{""base"":53.82907899999977,""mana"":0,""color"":1.5087659671135365,""synergy"":0.14260260876894584,""curve"":0,""creature"":0,""removal"":0.11475796930342383,""duplicate"":0,""fixing"":0}","{""保存WRを参考にした単体評価"":231,""現在の主色に合う"":184,""アーキタイプ・共通メカニズムと相性が良い"":39,""確定除去"":189,""主色外のマナ供給が不足"":33}","[""保存WRを参考にした単体評価"",""確定除去"",""現在の主色に合う"",""アーキタイプ・共通メカニズムと相性が良い"",""主色外のマナ供給が不足""]"
"4421ab7d-6d9b-4edd-b5a0-53a8ed84da6f","Emrakul, the Exigent Doom","14","8","4","0","0","0","0","","not-applicable-14-card-packs","","","","","2.2195122","","52.800000000000004","52.800000000000004","0","0","0.17532852740864197","-0.05454545454545454","0","0","{""base"":52.79999999999999,""mana"":0,""color"":0,""synergy"":0.17532852740864197,""curve"":-0.05454545454545454,""creature"":0.5337662337662338,""removal"":0,""duplicate"":0,""fixing"":0}","{""カード情報からの推定単体評価"":14,""クリーチャー不足を補う"":7,""アーキタイプ・共通メカニズムと相性が良い"":3}","[""カード情報からの推定単体評価"",""クリーチャー不足を補う"",""アーキタイプ・共通メカニズムと相性が良い""]"
"453b2b3c-7df5-4515-9565-82f603cf451b","Ruric Thar, Magecrusher","70","8.257142857142858","22","0","0","0.18181818181818182","0","","not-applicable-14-card-packs","53.627524","53.627524","","5.2413793","4.1291745","3.015763557142858","53.627524","49","53.627524","-0.04920327088484111","0","-0.12000000000000001","0","-0.10714285714285714","{""base"":53.627524,""mana"":0,""color"":-0.04920327088484111,""synergy"":0,""curve"":-0.12000000000000001,""creature"":0.25012987012987004,""removal"":0,""duplicate"":-0.10714285714285714,""fixing"":0}","{""保存WRを参考にした単体評価"":70,""主色外のマナ供給が不足"":21,""現在の主色に合う"":45,""クリーチャー不足を補う"":20}","[""保存WRを参考にした単体評価"",""現在の主色に合う"",""主色外のマナ供給が不足"",""クリーチャー不足を補う""]"
"45473bdb-b96f-4213-a46d-b2dbdf6b5e56","Proft, Consulting Detective","80","3.0875","29","1","0.034482758620689655","1","0","","not-applicable-14-card-packs","56.69383","56.69383","55.872292","4.3059618","3.5865786","-1.2184618000000005","56.69383","51.5","56.69383","1.4597987877974805","0.27635736506074615","0.529659090909091","0","-0.09375","{""base"":56.69383000000007,""mana"":0,""color"":1.4597987877974805,""synergy"":0.27635736506074615,""curve"":0.529659090909091,""creature"":0.48750000000000027,""removal"":0,""duplicate"":-0.09375,""fixing"":0}","{""保存WRを参考にした単体評価"":80,""現在の主色に合う"":49,""2マナのクリーチャーを補強"":34,""アーキタイプ・共通メカニズムと相性が良い"":25,""クリーチャー不足を補う"":36,""主色外のマナ供給が不足"":1}","[""保存WRを参考にした単体評価"",""現在の主色に合う"",""クリーチャー不足を補う"",""2マナのクリーチャーを補強"",""アーキタイプ・共通メカニズムと相性が良い""]"
"45900b2f-f6a9-4c42-9642-008f3c1cf6dd","Tarmogoyf","22","10.090909090909092","8","0","0","0","0","","not-applicable-14-card-packs","51.381215000000005","","","","2.6497585","","50.015023095000004","49.6","11.971823095000001","0.8376476412367103","0","0.5119834710743802","0","0","{""base"":50.01502309500003,""mana"":0,""color"":0.8376476412367103,""synergy"":0,""curve"":0.5119834710743802,""creature"":0.28264462809917357,""removal"":0,""duplicate"":0,""fixing"":0}","{""カード情報からの推定単体評価"":22,""主色外のマナ供給が不足"":7,""現在の主色に合う"":15,""2マナのクリーチャーを補強"":9,""クリーチャー不足を補う"":6}","[""カード情報からの推定単体評価"",""現在の主色に合う"",""2マナのクリーチャーを補強"",""主色外のマナ供給が不足"",""クリーチャー不足を補う""]"
"45f4d057-5134-40a2-9590-ddba73a65582","Prophesied End","77","6.740259740259741","28","0","0","0.42857142857142855","0","","not-applicable-14-card-packs","54.71464","54.71464","50","3.7691002","3.2354133","2.9711595402597406","54.71464","46.3","54.71464","0.24219858930028107","0","0","0.09563164108618653","0","{""base"":54.71464000000006,""mana"":0,""color"":0.24219858930028107,""synergy"":0,""curve"":0,""creature"":0,""removal"":0.09563164108618653,""duplicate"":0,""fixing"":0}","{""保存WRを参考にした単体評価"":77,""条件付き除去"":52,""現在の主色に合う"":46,""主色外のマナ供給が不足"":19}","[""保存WRを参考にした単体評価"",""条件付き除去"",""現在の主色に合う"",""主色外のマナ供給が不足""]"
"46cf0e3e-3c3e-4eb8-a71a-4b4b87744ced","Something Worth Saving","239","3.8158995815899583","71","8","0.11267605633802817","0.9577464788732394","0","","not-applicable-14-card-packs","57.016532","57.016532","57.699805000000005","9.3648796","6.9578626","-5.548980018410042","57.016532","43","57.016532","1.1729435002285433","0","0","0","0","{""base"":57.01653199999977,""mana"":0,""color"":1.1729435002285433,""synergy"":0,""curve"":0,""creature"":0,""removal"":0,""duplicate"":0,""fixing"":0}","{""保存WRを参考にした単体評価"":239,""現在の主色に合う"":151,""主色外のマナ供給が不足"":20}","[""保存WRを参考にした単体評価"",""現在の主色に合う"",""主色外のマナ供給が不足""]"
"47e33aa1-2f54-471c-a484-de13bcd2dceb","Screeching Soulbreaker","254","6.0078740157480315","94","0","0","0.3191489361702128","0","","not-applicable-14-card-packs","54.34369100000001","54.34369100000001","54.117647000000005","9.2228814","6.2130306","-3.215007384251969","54.34369100000001","50.2","54.34369100000001","1.426367136053778","0","0.3290085898353613","0","0","{""base"":54.34369100000003,""mana"":0,""color"":1.426367136053778,""synergy"":0,""curve"":0.3290085898353613,""creature"":0.4780243378668579,""removal"":0,""duplicate"":0,""fixing"":0}","{""保存WRを参考にした単体評価"":254,""現在の主色に合う"":192,""3マナのクリーチャーを補強"":89,""クリーチャー不足を補う"":126,""主色外のマナ供給が不足"":32}","[""保存WRを参考にした単体評価"",""現在の主色に合う"",""クリーチャー不足を補う"",""3マナのクリーチャーを補強"",""主色外のマナ供給が不足""]"
"48b1ac27-430f-4fd9-a71b-6ad125c57fe3","Sphinx's Approach","40","4.075","8","1","0.125","1","0","","not-applicable-14-card-packs","57.241041","57.241041","54.239766","9.970411","7.4198998","-5.895411","57.241041","45.9","57.241041","0.9704821728874646","0","0","0","0","{""base"":57.24104100000003,""mana"":0,""color"":0.9704821728874646,""synergy"":0,""curve"":0,""creature"":0,""removal"":0,""duplicate"":0,""fixing"":0}","{""保存WRを参考にした単体評価"":40,""現在の主色に合う"":28,""主色外のマナ供給が不足"":4}","[""保存WRを参考にした単体評価"",""現在の主色に合う"",""主色外のマナ供給が不足""]"
"48b891b6-3175-4864-bb98-af131098c557","Fblthp, Knows the Way","67","5.313432835820896","26","0","0","0.5384615384615384","0","","not-applicable-14-card-packs","54.980843","54.980843","54.784689","4.6065192","3.8304432","0.7069136358208956","54.980843","49","54.980843","0.8903608071384563","0","0.5854816824966078","0","-0.03731343283582089","{""base"":54.98084299999994,""mana"":0,""color"":0.8903608071384563,""synergy"":0,""curve"":0.5854816824966078,""creature"":0.4078697421981003,""removal"":0,""duplicate"":-0.03731343283582089,""fixing"":0}","{""保存WRを参考にした単体評価"":67,""現在の主色に合う"":39,""2マナのクリーチャーを補強"":31,""クリーチャー不足を補う"":27,""主色外のマナ供給が不足"":13}","[""保存WRを参考にした単体評価"",""現在の主色に合う"",""2マナのクリーチャーを補強"",""クリーチャー不足を補う"",""主色外のマナ供給が不足""]"
"4a37f4a0-2869-4f81-b51b-4c3e7e0e0671","Ajani's Anguish","42","8.238095238095237","18","0","0","0","0","","not-applicable-14-card-packs","57.142857","57.142857","","1.9011407","1.8884758","6.336954538095237","53.693399893","43.4","42.799999893","0.19966964157872172","0","0","0","0","{""base"":53.69339989300004,""mana"":0,""color"":0.19966964157872172,""synergy"":0,""curve"":0,""creature"":0,""removal"":0,""duplicate"":0,""fixing"":0}","{""保存WRを参考にした単体評価"":42,""主色外のマナ供給が不足"":13,""現在の主色に合う"":29}","[""保存WRを参考にした単体評価"",""現在の主色に合う"",""主色外のマナ供給が不足""]"
"4a6972fe-348a-4a19-a1d0-bdf8f1f9c792","Garruk, Veiled Butcher","11","6.090909090909091","7","0","0","0.7142857142857143","0","","not-applicable-14-card-packs","58.291457","","","","1.481982","","54.286648102","50.5","28.329648102","1.2560473176033617","0.4917425248417162","0","0.05206611570247934","0","{""base"":54.286648102,""mana"":0,""color"":1.2560473176033617,""synergy"":0.4917425248417162,""curve"":0,""creature"":0,""removal"":0.05206611570247934,""duplicate"":0,""fixing"":0}","{""カード情報からの推定単体評価"":11,""火力・マイナス修整"":9,""現在の主色に合う"":6,""アーキタイプ・共通メカニズムと相性が良い"":4}","[""カード情報からの推定単体評価"",""火力・マイナス修整"",""現在の主色に合う"",""アーキタイプ・共通メカニズムと相性が良い""]"
"4a9e0294-c967-4e90-b776-6d3195034a23","Wrecking Gecko","248","7.379032258064516","83","0","0","0.12048192771084337","0","","not-applicable-14-card-packs","53.923204999999996","53.923204999999996","53.393665","9.5637892","6.5642027","-2.1847569419354844","53.923204999999996","51","53.923204999999996","0.7801388014758054","0","0","0","0","{""base"":53.92320499999969,""mana"":0,""color"":0.7801388014758054,""synergy"":0,""curve"":0,""creature"":0.3351906158357774,""removal"":0,""duplicate"":0,""fixing"":0}","{""保存WRを参考にした単体評価"":248,""現在の主色に合う"":173,""スプラッシュ用のマナ供給あり"":14,""クリーチャー不足を補う"":93,""主色外のマナ供給が不足"":51}","[""保存WRを参考にした単体評価"",""現在の主色に合う"",""クリーチャー不足を補う"",""主色外のマナ供給が不足"",""スプラッシュ用のマナ供給あり""]"
"4b5c7f11-75f2-4bad-86cd-f0232861f569","Danitha, Spear of Agony","76","10.473684210526315","23","0","0","0","0","","not-applicable-14-card-packs","49.634146","49.634146","","7.4849023","5.1811377","2.988781910526315","49.231999720000005","47.4","40.69999972","0.2272114107921413","0","0.1529904306220096","0","-0.09868421052631579","{""base"":49.23199972000008,""mana"":0,""color"":0.2272114107921413,""synergy"":0,""curve"":0.1529904306220096,""creature"":0.377511961722488,""removal"":0,""duplicate"":-0.09868421052631579,""fixing"":0}","{""保存WRを参考にした単体評価"":76,""主色外のマナ供給が不足"":23,""現在の主色に合う"":53,""3マナのクリーチャーを補強"":18,""クリーチャー不足を補う"":30}","[""保存WRを参考にした単体評価"",""現在の主色に合う"",""クリーチャー不足を補う"",""主色外のマナ供給が不足"",""3マナのクリーチャーを補強""]"
"4ba661d7-1cb8-4fec-bfaa-5f2797235fcf","Jiang Yanggu, Never Alone","90","6.177777777777778","30","0","0","0.16666666666666666","0","","not-applicable-14-card-packs","54.410773999999996","54.410773999999996","52.772808999999995","5.2747748","4.044323","0.9030029777777777","54.410773999999996","45.8","54.410773999999996","1.3640129855092868","0","0.7136363636363635","0","-0.19444444444444445","{""base"":54.410773999999954,""mana"":0,""color"":1.3640129855092868,""synergy"":0,""curve"":0.7136363636363635,""creature"":0.4096969696969698,""removal"":0,""duplicate"":-0.19444444444444445,""fixing"":0}","{""保存WRを参考にした単体評価"":90,""現在の主色に合う"":66,""4マナのクリーチャーを補強"":49,""クリーチャー不足を補う"":42,""主色外のマナ供給が不足"":13,""スプラッシュ用のマナ供給あり"":6}","[""保存WRを参考にした単体評価"",""現在の主色に合う"",""4マナのクリーチャーを補強"",""クリーチャー不足を補う"",""主色外のマナ供給が不足""]"
"4baa7847-dfcc-4aa3-aa64-2deeaa3f013b","Murmuring Volume","266","4.951127819548872","81","2","0.024691358024691357","0.8395061728395061","0","","not-applicable-14-card-packs","56.094104","56.094104","54.783258999999994","8.3560238","6.2068115","-3.404895980451127","56.094104","45.5","56.094104","0","0.26873036029192077","0","0","0","{""base"":56.094103999999824,""mana"":0,""color"":0,""synergy"":0.26873036029192077,""curve"":0,""creature"":0,""removal"":0,""duplicate"":0,""fixing"":0}","{""保存WRを参考にした単体評価"":266,""アーキタイプ・共通メカニズムと相性が良い"":81}","[""保存WRを参考にした単体評価"",""アーキタイプ・共通メカニズムと相性が良い""]"
"4c9bcba6-87b5-4fb3-97ee-6fe5b739337d","Consider","3","12.333333333333334","2","0","0","0","0","","not-applicable-14-card-packs","","","","","","","46.1","46.1","0","1.8178871767766998","0.31156966132044833","0","0","0","{""base"":46.1,""mana"":0,""color"":1.8178871767766998,""synergy"":0.31156966132044833,""curve"":0,""creature"":0,""removal"":0,""duplicate"":0,""fixing"":0}","{""カード情報からの推定単体評価"":3,""現在の主色に合う"":3,""アーキタイプ・共通メカニズムと相性が良い"":1}","[""カード情報からの推定単体評価"",""現在の主色に合う"",""アーキタイプ・共通メカニズムと相性が良い""]"
"4dbf8c43-d7c5-4037-875e-6accd87aaf6f","Identity Echo","47","10.063829787234043","15","0","0","0","0","","not-applicable-14-card-packs","","","","10.083333","6.3641106","-0.019503212765956235","50","50","0","-0.19961013678708223","0","0","0.07050290135396518","0","{""base"":50,""mana"":0,""color"":-0.19961013678708223,""synergy"":0,""curve"":0,""creature"":0,""removal"":0.07050290135396518,""duplicate"":0,""fixing"":0}","{""カード情報からの推定単体評価"":47,""現在の主色に合う"":28,""確定除去"":28,""主色外のマナ供給が不足"":19}","[""カード情報からの推定単体評価"",""現在の主色に合う"",""確定除去"",""主色外のマナ供給が不足""]"
"4fc7c7a0-bfff-4833-a0d0-a38dc29e9dfb","Skilled Battlecarver","206","7.179611650485437","72","0","0","0.041666666666666664","0","","not-applicable-14-card-packs","53.306878000000005","53.306878000000005","55.995717","9.3317005","6.4992728","-2.1520888495145636","53.306878000000005","48.2","53.306878000000005","0.8140939983687171","0","0.5714033539276258","0","0","{""base"":53.306877999999955,""mana"":0,""color"":0.8140939983687171,""synergy"":0,""curve"":0.5714033539276258,""creature"":0.3921447484554284,""removal"":0,""duplicate"":0,""fixing"":0}","{""保存WRを参考にした単体評価"":206,""主色外のマナ供給が不足"":63,""現在の主色に合う"":140,""2マナのクリーチャーを補強"":99,""クリーチャー不足を補う"":89}","[""保存WRを参考にした単体評価"",""現在の主色に合う"",""2マナのクリーチャーを補強"",""クリーチャー不足を補う"",""主色外のマナ供給が不足""]"
"501580b9-692c-4804-be34-012a25ba8adf","Way of the Wildspeaker","92","8.358695652173912","28","0","0","0.03571428571428571","0","","not-applicable-14-card-packs","53.255207999999996","53.255207999999996","51.428571","3.9275124","3.2735444","4.431183252173913","53.255207999999996","45.5","53.255207999999996","0.30305086528197905","0.24924499706400421","0","0","-0.10869565217391304","{""base"":53.25520799999996,""mana"":0,""color"":0.30305086528197905,""synergy"":0.24924499706400421,""curve"":0,""creature"":0,""removal"":0,""duplicate"":-0.10869565217391304,""fixing"":0}","{""保存WRを参考にした単体評価"":92,""現在の主色に合う"":65,""アーキタイプ・共通メカニズムと相性が良い"":27,""主色外のマナ供給が不足"":18,""スプラッシュ用のマナ供給あり"":8}","[""保存WRを参考にした単体評価"",""現在の主色に合う"",""アーキタイプ・共通メカニズムと相性が良い"",""主色外のマナ供給が不足"",""スプラッシュ用のマナ供給あり""]"
"510bccb1-61cd-49f1-a54a-80352653d1e3","Titanbones, Towering Heart","78","8.794871794871796","32","0","0","0","0","","not-applicable-14-card-packs","51.403887999999995","51.403887999999995","","6.2595937","4.5660755","2.5352780948717957","51.166800288","48.2","47.600000288","0.3669839303910714","0.18364686541528571","0.6744755244755244","0","-0.09615384615384616","{""base"":51.166800288000076,""mana"":0,""color"":0.3669839303910714,""synergy"":0.18364686541528571,""curve"":0.6744755244755244,""creature"":0.3517482517482517,""removal"":0,""duplicate"":-0.09615384615384616,""fixing"":0}","{""保存WRを参考にした単体評価"":78,""主色外のマナ供給が不足"":18,""現在の主色に合う"":52,""スプラッシュ用のマナ供給あり"":8,""アーキタイプ・共通メカニズムと相性が良い"":16,""4マナのクリーチャーを補強"":36,""クリーチャー不足を補う"":28}","[""保存WRを参考にした単体評価"",""現在の主色に合う"",""4マナのクリーチャーを補強"",""クリーチャー不足を補う"",""主色外のマナ供給が不足""]"
"511951ed-fbff-4e44-9429-27f237496672","Paradox Shaper // Omit Variables","94","6.5638297872340425","34","0","0","0.47058823529411764","0","","not-applicable-14-card-packs","55.388470999999996","55.388470999999996","52.668539","7.2972973","5.5538565","-0.7334675127659578","55.388470999999996","49","55.388470999999996","-0.22454167456410654","0","0.4930367504835591","0","0","{""base"":55.38847100000012,""mana"":-0.3175105587542265,""color"":-0.22454167456410654,""synergy"":0,""curve"":0.4930367504835591,""creature"":0.3110251450676982,""removal"":0,""duplicate"":0,""fixing"":0}","{""保存WRを参考にした単体評価"":94,""現在の主色に合う"":47,""2マナのクリーチャーを補強"":38,""クリーチャー不足を補う"":30,""主色外のマナ供給が不足"":31}","[""保存WRを参考にした単体評価"",""現在の主色に合う"",""2マナのクリーチャーを補強"",""主色外のマナ供給が不足"",""クリーチャー不足を補う""]"
"517f84b5-cf99-410d-96ea-910740231dac","Void Extrapolator // Omit Variables","241","5.468879668049793","87","0","0","0.5057471264367817","0","","not-applicable-14-card-packs","54.83871","54.83871","53.299492","9.6586791","7.0578078","-4.189799431950208","54.83871","49","54.83871","1.027480022695866","0","0.5816672953602414","0","0","{""base"":54.83871,""mana"":0,""color"":1.027480022695866,""synergy"":0,""curve"":0.5816672953602414,""creature"":0.46374952847981904,""removal"":0,""duplicate"":0,""fixing"":0}","{""保存WRを参考にした単体評価"":241,""主色外のマナ供給が不足"":35,""現在の主色に合う"":162,""2マナのクリーチャーを補強"":119,""クリーチャー不足を補う"":111}","[""保存WRを参考にした単体評価"",""現在の主色に合う"",""2マナのクリーチャーを補強"",""クリーチャー不足を補う"",""主色外のマナ供給が不足""]"
"54775625-bf44-4035-969e-7e70578c8b98","Way of the Deathbringer","76","11.092105263157896","25","0","0","0","0","","not-applicable-14-card-packs","50.267379999999996","50.267379999999996","","8.1408451","5.6833885","2.9512601631578956","48.174500179999995","45.5","28.20000018","0.1327807015502767","0.39787611784452365","0","0","-0.19736842105263158","{""base"":48.174500179999995,""mana"":0,""color"":0.1327807015502767,""synergy"":0.39787611784452365,""curve"":0,""creature"":0,""removal"":0,""duplicate"":-0.19736842105263158,""fixing"":0}","{""保存WRを参考にした単体評価"":76,""主色外のマナ供給が不足"":23,""現在の主色に合う"":53,""アーキタイプ・共通メカニズムと相性が良い"":27}","[""保存WRを参考にした単体評価"",""現在の主色に合う"",""アーキタイプ・共通メカニズムと相性が良い"",""主色外のマナ供給が不足""]"
"55ef129e-698e-424f-be3c-3fbba6c2cc3e","Thalia, the Survivor","79","8.91139240506329","24","0","0","0","0","","not-applicable-14-card-packs","52.253116","52.253116","","5.9898785","4.2982102","2.921513905063291","52.253116","50.2","52.253116","-0.05042876145883516","0","0.513463751438435","0","-0.15822784810126583","{""base"":52.253115999999956,""mana"":0,""color"":-0.05042876145883516,""synergy"":0,""curve"":0.513463751438435,""creature"":0.41634062140391254,""removal"":0,""duplicate"":-0.15822784810126583,""fixing"":0}","{""保存WRを参考にした単体評価"":79,""現在の主色に合う"":54,""4マナのクリーチャーを補強"":30,""クリーチャー不足を補う"":35,""主色外のマナ供給が不足"":18,""スプラッシュ用のマナ供給あり"":7}","[""保存WRを参考にした単体評価"",""現在の主色に合う"",""クリーチャー不足を補う"",""4マナのクリーチャーを補強"",""主色外のマナ供給が不足""]"
"56148ae7-a9df-4771-8d53-d9ffb815c884","Sublime Epiphany","3","10","0","0","","","0","","not-applicable-14-card-packs","","","","","","","46.02","46.02","0","3.758534287793408","0","0","0","0","{""base"":46.02,""mana"":0,""color"":3.758534287793408,""synergy"":0,""curve"":0,""creature"":0,""removal"":0,""duplicate"":0,""fixing"":0}","{""カード情報からの推定単体評価"":3,""現在の主色に合う"":3,""バウンス・打ち消し"":3}","[""カード情報からの推定単体評価"",""現在の主色に合う"",""バウンス・打ち消し""]"
"56719f6a-1a6c-4c0a-8d21-18f7d7350b68","Swamp","496","14","179","0","0","0","1","","not-applicable-14-card-packs","","","","","","","12","12","0","0","0","0","0","0","{""base"":12,""mana"":0,""color"":0,""synergy"":0,""curve"":0,""creature"":0,""removal"":0,""duplicate"":0,""fixing"":0}","{""カード情報からの推定単体評価"":496}","[""カード情報からの推定単体評価""]"
"567aeb60-a441-41b1-98f4-54510d299317","Koth of the Homestead","72","7.847222222222222","22","0","0","0.045454545454545456","0","","not-applicable-14-card-packs","52.826854999999995","52.826854999999995","","4.4012097","3.5660173","3.4460125222222224","52.826854999999995","48.2","52.826854999999995","0.635935176826209","0","0.331060606060606","0","-0.034722222222222224","{""base"":52.82685499999992,""mana"":0,""color"":0.635935176826209,""synergy"":0,""curve"":0.331060606060606,""creature"":0.38181818181818183,""removal"":0,""duplicate"":-0.034722222222222224,""fixing"":0}","{""保存WRを参考にした単体評価"":72,""主色外のマナ供給が不足"":20,""現在の主色に合う"":51,""3マナのクリーチャーを補強"":24,""クリーチャー不足を補う"":31}","[""保存WRを参考にした単体評価"",""現在の主色に合う"",""クリーチャー不足を補う"",""3マナのクリーチャーを補強"",""主色外のマナ供給が不足""]"
"56c412be-daab-4461-931f-1e2ea8ecd75d","Null Summoner","45","2.7111111111111112","13","13","1","1","0","","not-applicable-14-card-packs","63.076922999999994","63.076922999999994","","2.2554945","2.2721311","0.45561661111111107","63.076922999999994","47.8","63.076922999999994","-1.4628192897732708","0.03990027828265797","0.34181818181818185","0","0","{""base"":63.076923000000036,""mana"":-0.35634883513375093,""color"":-1.4628192897732708,""synergy"":0.03990027828265797,""curve"":0.34181818181818185,""creature"":0.2157575757575758,""removal"":0,""duplicate"":0,""fixing"":0}","{""保存WRを参考にした単体評価"":45,""主色外のマナ供給が不足"":17,""現在の主色に合う"":11,""4マナのクリーチャーを補強"":9,""クリーチャー不足を補う"":8,""スプラッシュ用のマナ供給あり"":4}","[""保存WRを参考にした単体評価"",""主色外のマナ供給が不足"",""現在の主色に合う"",""4マナのクリーチャーを補強"",""クリーチャー不足を補う""]"
"571cb06d-55b5-46e4-9678-1f74aca73068","Tenured Tethermage","41","10.560975609756097","15","0","0","0","0","","not-applicable-14-card-packs","57.823128999999994","57.823128999999994","","2.6705426","2.5638298","7.890433009756097","53.03439985199999","46.199999999999996","33.999999851999995","-4.072614380132509","0","0.1895787139689579","0","0","{""base"":53.03439985199999,""mana"":-0.26424834354880833,""color"":-4.072614380132509,""synergy"":0,""curve"":0.1895787139689579,""creature"":0.11308203991130819,""removal"":0,""duplicate"":0,""fixing"":0}","{""保存WRを参考にした単体評価"":41,""現在の主色に合う"":8,""3マナのクリーチャーを補強"":7,""クリーチャー不足を補う"":6,""主色外のマナ供給が不足"":33}","[""保存WRを参考にした単体評価"",""主色外のマナ供給が不足"",""現在の主色に合う"",""3マナのクリーチャーを補強"",""クリーチャー不足を補う""]"
"57ea9f63-8267-4303-a3dd-9ded220294dc","Rise of the Deathbringer","30","8.133333333333333","12","0","0","0.16666666666666666","0","","not-applicable-14-card-packs","55.403557000000006","55.403557000000006","","2.1448276","2.1102236","5.988505733333333","53.35820016700001","47.8","40.500000167","-1.0142320228443609","0","0","0.022500000000000003","0","{""base"":53.35820016699997,""mana"":0,""color"":-1.0142320228443609,""synergy"":0,""curve"":0,""creature"":0,""removal"":0.022500000000000003,""duplicate"":0,""fixing"":0}","{""保存WRを参考にした単体評価"":30,""現在の主色に合う"":17,""火力・マイナス修整"":18,""スプラッシュ用のマナ供給あり"":3,""主色外のマナ供給が不足"":8}","[""保存WRを参考にした単体評価"",""火力・マイナス修整"",""現在の主色に合う"",""主色外のマナ供給が不足"",""スプラッシュ用のマナ供給あり""]"
"580de511-863c-4b7a-9d2e-fcdf6e12d54b","Vraska, the Cutting Glare","43","2.604651162790698","5","4","0.8","1","0","","not-applicable-14-card-packs","64.120603","64.120603","","2.7360704","2.7137306","-0.13141923720930215","64.081499985","56.3","63.799999985","-1.7222403278750933","-0.014186972272436996","0.09281183932346722","0.06707188160676535","-0.11627906976744186","{""base"":64.08149998499995,""mana"":-0.7108824858711187,""color"":-1.7222403278750933,""synergy"":-0.014186972272436996,""curve"":0.09281183932346722,""creature"":0.29048625792811833,""removal"":0.06707188160676535,""duplicate"":-0.11627906976744186,""fixing"":0}","{""保存WRを参考にした単体評価"":43,""主色外のマナ供給が不足"":24,""現在の主色に合う"":14,""条件付き除去"":14,""クリーチャー不足を補う"":10,""3マナのクリーチャーを補強"":4}","[""保存WRを参考にした単体評価"",""主色外のマナ供給が不足"",""現在の主色に合う"",""条件付き除去"",""クリーチャー不足を補う""]"
"58285b70-0d13-4723-b5a4-91fb6f9ccf03","Gallia, Tragic Host","75","4.466666666666667","35","0","0","0.7428571428571429","0","","not-applicable-14-card-packs","55.642256999999994","55.642256999999994","54.925373","6.2363878","4.8300181","-1.7697211333333334","55.642256999999994","50.2","55.642256999999994","0.99944989408948","0","0.5509090909090908","0","-0.03333333333333333","{""base"":55.642256999999994,""mana"":0,""color"":0.99944989408948,""synergy"":0,""curve"":0.5509090909090908,""creature"":0.4007272727272727,""removal"":0,""duplicate"":-0.03333333333333333,""fixing"":0}","{""保存WRを参考にした単体評価"":75,""現在の主色に合う"":45,""2マナのクリーチャーを補強"":34,""クリーチャー不足を補う"":28,""主色外のマナ供給が不足"":4}","[""保存WRを参考にした単体評価"",""現在の主色に合う"",""2マナのクリーチャーを補強"",""クリーチャー不足を補う"",""主色外のマナ供給が不足""]"
"5bbc9d7d-91bd-4a58-8d19-f7be650720b7","Sureshot Sower","252","7.507936507936508","88","0","0","0.03409090909090909","0","","not-applicable-14-card-packs","52.581087000000004","52.581087000000004","51.227679","9.1745112","6.3798645","-1.6665746920634916","52.581087000000004","54.3","52.581087000000004","1.3624619809476648","0.22516198512753668","0.591955266955267","0.13198051948051945","0","{""base"":52.58108700000005,""mana"":0,""color"":1.3624619809476648,""synergy"":0.22516198512753668,""curve"":0.591955266955267,""creature"":0.45367965367965396,""removal"":0.13198051948051945,""duplicate"":0,""fixing"":0}","{""保存WRを参考にした単体評価"":252,""現在の主色に合う"":195,""アーキタイプ・共通メカニズムと相性が良い"":66,""クリーチャー不足を補う"":119,""条件付き除去"":197,""2マナのクリーチャーを補強"":119,""主色外のマナ供給が不足"":53}","[""保存WRを参考にした単体評価"",""条件付き除去"",""現在の主色に合う"",""クリーチャー不足を補う"",""2マナのクリーチャーを補強""]"
"5c151e3b-fcf2-4adb-a60b-9eff0c360705","Arcane Amphisbaena","238","4.663865546218488","64","0","0","0.609375","0","","not-applicable-14-card-packs","55.36105","55.36105","55.541562","5.6408805","4.2661861","-0.977014953781512","55.36105","51.9","55.36105","1.2716127453983892","0.2582181279581704","0.601757066462949","0","0","{""base"":55.36104999999995,""mana"":0,""color"":1.2716127453983892,""synergy"":0.2582181279581704,""curve"":0.601757066462949,""creature"":0.4661573720397252,""removal"":0,""duplicate"":0,""fixing"":0}","{""保存WRを参考にした単体評価"":238,""現在の主色に合う"":173,""2マナのクリーチャーを補強"":134,""アーキタイプ・共通メカニズムと相性が良い"":70,""クリーチャー不足を補う"":109,""主色外のマナ供給が不足"":26}","[""保存WRを参考にした単体評価"",""現在の主色に合う"",""2マナのクリーチャーを補強"",""クリーチャー不足を補う"",""アーキタイプ・共通メカニズムと相性が良い""]"
"5eb4403f-f199-4f75-a7c6-e76783f9b07d","Liliana the Repentant","45","4.7555555555555555","14","0","0","0.7142857142857143","0","","not-applicable-14-card-packs","57.734806999999996","57.734806999999996","","3.3125","2.9050926","1.4430555555555555","55.434400268","49.4","41.800000268","1.383494806102994","0","0.6818181818181818","0","0","{""base"":55.434400268,""mana"":0,""color"":1.383494806102994,""synergy"":0,""curve"":0.6818181818181818,""creature"":0.4315151515151514,""removal"":0,""duplicate"":0,""fixing"":0}","{""保存WRを参考にした単体評価"":45,""主色外のマナ供給が不足"":3,""現在の主色に合う"":32,""2マナのクリーチャーを補強"":26,""クリーチャー不足を補う"":20}","[""保存WRを参考にした単体評価"",""現在の主色に合う"",""2マナのクリーチャーを補強"",""クリーチャー不足を補う"",""主色外のマナ供給が不足""]"
"5f42b67f-87fd-4f98-a0e8-0c8313f4bbc8","Shipwreck Marsh","39","7.564102564102564","16","0","0","0","0","","not-applicable-14-card-packs","55.674232","55.674232","","5.7116564","4.2756681","1.852446164102564","53.09539976800001","45.4","41.699999768000005","0","0","0","0","0","{""base"":53.09539976800006,""mana"":0,""color"":0,""synergy"":0,""curve"":0,""creature"":0,""removal"":0,""duplicate"":0,""fixing"":1.3614387887114265}","{""保存WRを参考にした単体評価"":39,""主色のマナ基盤を補強"":15}","[""保存WRを参考にした単体評価"",""主色のマナ基盤を補強""]"
"612c7807-be70-4e2f-afd2-3d3c03eddbbe","Icy Reception","256","2.45703125","82","31","0.3780487804878049","1","0","","not-applicable-14-card-packs","57.959543000000004","57.959543000000004","57.121135","6.4269552","4.9639567","-3.96992395","57.959543000000004","47.4","57.959543000000004","1.486608639776706","0.325987061243426","0","0.18536931818181812","0","{""base"":57.95954300000035,""mana"":0,""color"":1.486608639776706,""synergy"":0.325987061243426,""curve"":0,""creature"":0,""removal"":0.18536931818181812,""duplicate"":0,""fixing"":0}","{""保存WRを参考にした単体評価"":256,""現在の主色に合う"":165,""火力・マイナス修整"":187,""アーキタイプ・共通メカニズムと相性が良い"":85,""主色外のマナ供給が不足"":9}","[""保存WRを参考にした単体評価"",""火力・マイナス修整"",""現在の主色に合う"",""アーキタイプ・共通メカニズムと相性が良い"",""主色外のマナ供給が不足""]"
"624cf822-0b4e-4f0c-9893-a53cb094f616","Stinging Vitriol","36","12.63888888888889","12","0","0","0","0","","not-applicable-14-card-packs","50.071531","","","6.1603774","4.4208178","6.4785114888888895","45.414802361999996","43.4","15.121602361999999","-5.587426619393649","0.10102921265258889","0","0","0","{""base"":45.414802362000025,""mana"":-0.23508480299546664,""color"":-5.587426619393649,""synergy"":0.10102921265258889,""curve"":0,""creature"":0,""removal"":0,""duplicate"":0,""fixing"":0}","{""カード情報からの推定単体評価"":36,""現在の主色に合う"":8,""主色外のマナ供給が不足"":28,""アーキタイプ・共通メカニズムと相性が良い"":4}","[""カード情報からの推定単体評価"",""主色外のマナ供給が不足"",""現在の主色に合う"",""アーキタイプ・共通メカニズムと相性が良い""]"
"6344c96a-efa5-4125-8219-d333228391cf","Blazing Crescendo","267","11.805243445692884","90","0","0","0","0","","not-applicable-14-card-packs","48.798521","48.798521","","11.780374","8.0746884","0.024869445692884184","46.595999860999996","44","26.399999861","-1.014170527650102","0","0","0","-0.033707865168539325","{""base"":46.5959998609998,""mana"":0,""color"":-1.014170527650102,""synergy"":0,""curve"":0,""creature"":0,""removal"":0,""duplicate"":-0.033707865168539325,""fixing"":0}","{""保存WRを参考にした単体評価"":267,""現在の主色に合う"":144,""主色外のマナ供給が不足"":123}","[""保存WRを参考にした単体評価"",""現在の主色に合う"",""主色外のマナ供給が不足""]"
"63f67baa-3f37-41b8-9ee6-3c37f828917d","Prudent Fateseer // Peer Review","85","7.8","33","0","0","0.3333333333333333","0","","not-applicable-14-card-packs","54.825914","54.825914","52.970297","5.0540201","3.8677439","2.7459799","54.825914","48.2","54.825914","-0.62191760408492","0.2956558314282277","0.29208556149732623","0","0","{""base"":54.825914,""mana"":-0.31205310428946426,""color"":-0.62191760408492,""synergy"":0.2956558314282277,""curve"":0.29208556149732623,""creature"":0.2842780748663101,""removal"":0,""duplicate"":0,""fixing"":0}","{""保存WRを参考にした単体評価"":85,""主色外のマナ供給が不足"":36,""現在の主色に合う"":38,""アーキタイプ・共通メカニズムと相性が良い"":26,""3マナのクリーチャーを補強"":22,""クリーチャー不足を補う"":23}","[""保存WRを参考にした単体評価"",""現在の主色に合う"",""主色外のマナ供給が不足"",""アーキタイプ・共通メカニズムと相性が良い"",""クリーチャー不足を補う""]"
"64e7ef06-ba30-4b19-9d44-ca77944cc930","Rank Rat","252","5.476190476190476","71","0","0","0.30985915492957744","0","","not-applicable-14-card-packs","54.311496999999996","54.311496999999996","55.894825999999995","8.2927461","5.8318257","-2.816555623809524","54.311496999999996","47.4","54.311496999999996","1.7388476241504853","0.3135981333435974","0.7034271284271285","0","0","{""base"":54.311497000000166,""mana"":0,""color"":1.7388476241504853,""synergy"":0.3135981333435974,""curve"":0.7034271284271285,""creature"":0.47857142857142854,""removal"":0,""duplicate"":0,""fixing"":0}","{""保存WRを参考にした単体評価"":252,""現在の主色に合う"":200,""2マナのクリーチャーを補強"":150,""クリーチャー不足を補う"":130,""アーキタイプ・共通メカニズムと相性が良い"":89,""主色外のマナ供給が不足"":30}","[""保存WRを参考にした単体評価"",""現在の主色に合う"",""2マナのクリーチャーを補強"",""クリーチャー不足を補う"",""アーキタイプ・共通メカニズムと相性が良い""]"
"6519dc16-4960-4220-aaa8-7e4279743714","Pia, Aether Ascetic","85","11.329411764705883","32","0","0","0","0","","not-applicable-14-card-packs","46.349205999999995","","","10.246429","6.7547393","1.0829827647058838","47.08266021199999","47.4","13.997460211999998","-0.72796132157554","0.210538001205041","0.00021390374331551202","0","-0.29411764705882354","{""base"":47.08266021200004,""mana"":0,""color"":-0.72796132157554,""synergy"":0.210538001205041,""curve"":0.00021390374331551202,""creature"":0.16106951871657754,""removal"":0,""duplicate"":-0.29411764705882354,""fixing"":0}","{""カード情報からの推定単体評価"":85,""主色外のマナ供給が不足"":33,""現在の主色に合う"":52,""アーキタイプ・共通メカニズムと相性が良い"":20,""3マナのクリーチャーを補強"":8,""クリーチャー不足を補う"":12}","[""カード情報からの推定単体評価"",""現在の主色に合う"",""主色外のマナ供給が不足"",""アーキタイプ・共通メカニズムと相性が良い"",""クリーチャー不足を補う""]"
"666b34b5-a0c2-43e3-befd-7c3979313682","Infinite Coursework","227","3.66079295154185","82","13","0.15853658536585366","0.9878048780487805","0","","not-applicable-14-card-packs","57.130942","57.130942","53.148615","5.8812538","4.3050975","-2.2204608484581496","57.130942","43","57.130942","1.3956744879805274","0","0","0","0","{""base"":57.13094199999982,""mana"":0,""color"":1.3956744879805274,""synergy"":0,""curve"":0,""creature"":0,""removal"":0,""duplicate"":0,""fixing"":0}","{""保存WRを参考にした単体評価"":227,""現在の主色に合う"":142,""主色外のマナ供給が不足"":4}","[""保存WRを参考にした単体評価"",""現在の主色に合う"",""主色外のマナ供給が不足""]"
"66a22b35-3dc0-4a74-8474-e73293403de6","Solitary Cell","37","12.243243243243244","15","0","0","0","0","","not-applicable-14-card-packs","","","","","4.7571116","","49.199999999999996","49.199999999999996","0","-6.361878210232306","0.022001456318112695","0","0","0","{""base"":49.200000000000024,""mana"":-0.23782645162272023,""color"":-6.361878210232306,""synergy"":0.022001456318112695,""curve"":0,""creature"":0,""removal"":0,""duplicate"":0,""fixing"":0}","{""カード情報からの推定単体評価"":37,""主色外のマナ供給が不足"":34,""現在の主色に合う"":3,""アーキタイプ・共通メカニズムと相性が良い"":1,""条件付き除去"":3}","[""カード情報からの推定単体評価"",""主色外のマナ供給が不足"",""現在の主色に合う"",""条件付き除去"",""アーキタイプ・共通メカニズムと相性が良い""]"
"6745e850-68f6-480b-a1e0-e06180dde169","Draconic Visitor","38","10.5","14","0","0","0","0","","not-applicable-14-card-packs","49.021435000000004","","","2.0497738","2.1281619","8.4502262","50.234503149999995","51.4","24.02050315","-0.20824257330817295","0","0","0","0","{""base"":50.234503149999966,""mana"":0,""color"":-0.20824257330817295,""synergy"":0,""curve"":0,""creature"":0.261244019138756,""removal"":0,""duplicate"":0,""fixing"":0}","{""カード情報からの推定単体評価"":38,""現在の主色に合う"":26,""クリーチャー不足を補う"":10,""主色外のマナ供給が不足"":12}","[""カード情報からの推定単体評価"",""現在の主色に合う"",""主色外のマナ供給が不足"",""クリーチャー不足を補う""]"
"67c603cc-ad66-4a1c-8386-5901c9c01bfb","Variable Chaser // Arc of Fortune","56","6.160714285714286","22","0","0","0.18181818181818182","0","","not-applicable-14-card-packs","55.019557","55.019557","","3.3007519","2.8633615","2.8599623857142857","53.989800219","50.6","42.200000219","1.3051979498227089","0.24877027963957882","0.34975649350649357","0","0","{""base"":53.98980021899994,""mana"":0,""color"":1.3051979498227089,""synergy"":0.24877027963957882,""curve"":0.34975649350649357,""creature"":0.4061688311688311,""removal"":0,""duplicate"":0,""fixing"":0}","{""保存WRを参考にした単体評価"":56,""現在の主色に合う"":46,""アーキタイプ・共通メカニズムと相性が良い"":15,""クリーチャー不足を補う"":26,""主色外のマナ供給が不足"":6,""3マナのクリーチャーを補強"":20}","[""保存WRを参考にした単体評価"",""現在の主色に合う"",""クリーチャー不足を補う"",""3マナのクリーチャーを補強"",""アーキタイプ・共通メカニズムと相性が良い""]"
"6812e4d3-0034-4fc8-9ee9-520f76a0ea94","Innovative Commons","244","3.2459016393442623","83","13","0.1566265060240964","0.9759036144578314","0","","not-applicable-14-card-packs","57.246377","57.246377","58.551069","8.9199237","6.3661503","-5.674022060655737","57.246377","45","57.246377","0","0","0","0","0","{""base"":57.246376999999896,""mana"":0,""color"":0,""synergy"":0,""curve"":0,""creature"":0,""removal"":0,""duplicate"":0,""fixing"":1.4376107546748111}","{""保存WRを参考にした単体評価"":244,""主色のマナ基盤を補強"":76}","[""保存WRを参考にした単体評価"",""主色のマナ基盤を補強""]"
"6894345f-52a6-46e4-b278-0783087daee1","Hapatra, the Desert Fang","81","4.172839506172839","29","13","0.4482758620689655","1","0","","not-applicable-14-card-packs","59.529807","59.529807","56.56681999999999","4.7145669","4.0981634","-0.541727393827161","59.529807","45.8","59.529807","-0.6813815439155037","0.051913689378868984","0","0","-0.18518518518518517","{""base"":59.52980699999991,""mana"":-0.7790990635176462,""color"":-0.6813815439155037,""synergy"":0.051913689378868984,""curve"":0,""creature"":0.24242424242424238,""removal"":0,""duplicate"":-0.18518518518518517,""fixing"":0}","{""保存WRを参考にした単体評価"":81,""主色外のマナ供給が不足"":18,""現在の主色に合う"":29,""クリーチャー不足を補う"":19,""スプラッシュ用のマナ供給あり"":4}","[""保存WRを参考にした単体評価"",""現在の主色に合う"",""クリーチャー不足を補う"",""主色外のマナ供給が不足"",""スプラッシュ用のマナ供給あり""]"
"68d3f547-674a-4d8a-b02f-01bc2f161916","Way of the Pyromancer","81","9.185185185185185","25","0","0","0","0","","not-applicable-14-card-packs","52.380952","52.380952","","5.4584775","4.2680194","3.7267076851851852","52.380952","45.5","52.380952","-0.26468053357993304","0.21222082194927616","0","0","-0.06172839506172839","{""base"":52.38095199999999,""mana"":0,""color"":-0.26468053357993304,""synergy"":0.21222082194927616,""curve"":0,""creature"":0,""removal"":0,""duplicate"":-0.06172839506172839,""fixing"":0}","{""保存WRを参考にした単体評価"":81,""現在の主色に合う"":49,""アーキタイプ・共通メカニズムと相性が良い"":19,""主色外のマナ供給が不足"":31}","[""保存WRを参考にした単体評価"",""現在の主色に合う"",""主色外のマナ供給が不足"",""アーキタイプ・共通メカニズムと相性が良い""]"
"690ae865-87bd-46b2-8e65-c53bd80c1a18","Hungering Puppetbeast","44","2.5","10","5","0.5","1","0","","not-applicable-14-card-packs","60.15037600000001","60.15037600000001","","1.8041958","1.7550111","0.6958042","58.38280004800001","51.4","48.00000004800001","1.2173775819740416","0.365416402104357","0","0","0","{""base"":58.382800047999986,""mana"":0,""color"":1.2173775819740416,""synergy"":0.365416402104357,""curve"":0,""creature"":0.5491735537190081,""removal"":0,""duplicate"":0,""fixing"":0}","{""保存WRを参考にした単体評価"":44,""現在の主色に合う"":29,""アーキタイプ・共通メカニズムと相性が良い"":20,""クリーチャー不足を補う"":19,""主色外のマナ供給が不足"":5}","[""保存WRを参考にした単体評価"",""現在の主色に合う"",""アーキタイプ・共通メカニズムと相性が良い"",""クリーチャー不足を補う"",""主色外のマナ供給が不足""]"
"69b96fe5-9733-4b43-bd66-075742e142d9","Cruel Calculations","42","12.071428571428571","15","0","0","0","0","","not-applicable-14-card-packs","","","","9.7362205","6.4161359","2.3352080714285712","43.4","43.4","0","-0.37360410715015957","0","0","0","0","{""base"":43.400000000000034,""mana"":0,""color"":-0.37360410715015957,""synergy"":0,""curve"":0,""creature"":0,""removal"":0,""duplicate"":0,""fixing"":0}","{""カード情報からの推定単体評価"":42,""主色外のマナ供給が不足"":14,""現在の主色に合う"":28}","[""カード情報からの推定単体評価"",""現在の主色に合う"",""主色外のマナ供給が不足""]"
"6a3862f0-8dfc-4ac9-8eb9-faefcad685d4","Dark Matter Manipulator","34","5.352941176470588","8","0","0","0.5","0","","not-applicable-14-card-packs","58.255452","58.255452","","5.1184211","4.2173913","0.23452007647058792","55.371600184","50.199999999999996","37.400000184","1.1731595967899195","0","0","0","0","{""base"":55.37160018400003,""mana"":0,""color"":1.1731595967899195,""synergy"":0,""curve"":0,""creature"":0.5197860962566844,""removal"":0,""duplicate"":0,""fixing"":0}","{""保存WRを参考にした単体評価"":34,""現在の主色に合う"":24,""クリーチャー不足を補う"":17,""主色外のマナ供給が不足"":6}","[""保存WRを参考にした単体評価"",""現在の主色に合う"",""クリーチャー不足を補う"",""主色外のマナ供給が不足""]"
"6b4f1569-2025-46a8-89ba-79859208b04e","Flourishing Grapple","88","11.579545454545455","25","0","0","0","0","","not-applicable-14-card-packs","","","","12.028933","8.3260586","-0.4493875454545453","46.3","46.3","0","-0.04009019149225273","0","0","0.0913481404958678","0","{""base"":46.300000000000075,""mana"":0,""color"":-0.04009019149225273,""synergy"":0,""curve"":0,""creature"":0,""removal"":0.0913481404958678,""duplicate"":0,""fixing"":0}","{""カード情報からの推定単体評価"":88,""現在の主色に合う"":60,""条件付き除去"":60,""主色外のマナ供給が不足"":28}","[""カード情報からの推定単体評価"",""現在の主色に合う"",""条件付き除去"",""主色外のマナ供給が不足""]"
"6c5ed756-b999-49f7-9a52-fb8196202f0f","Theoretical Necromancer","222","4.076576576576577","75","2","0.02666666666666667","0.7333333333333333","0","","not-applicable-14-card-packs","55.977654","55.977654","53.42772","8.8903118","6.4811763","-4.813735223423422","55.977654","50.7","55.977654","1.2750939377573642","0","0.45081900081900067","0","0","{""base"":55.97765400000014,""mana"":0,""color"":1.2750939377573642,""synergy"":0,""curve"":0.45081900081900067,""creature"":0.4719901719901723,""removal"":0,""duplicate"":0,""fixing"":0}","{""保存WRを参考にした単体評価"":222,""現在の主色に合う"":147,""3マナのクリーチャーを補強"":91,""クリーチャー不足を補う"":92,""主色外のマナ供給が不足"":20}","[""保存WRを参考にした単体評価"",""現在の主色に合う"",""クリーチャー不足を補う"",""3マナのクリーチャーを補強"",""主色外のマナ供給が不足""]"
"70616a8c-9b6c-408e-8f3e-2c348ec136d8","Memory Trap","238","6.638655462184874","72","0","0","0.4027777777777778","0","","not-applicable-14-card-packs","54.759544000000005","54.759544000000005","53.464674","4.0345801","3.1695875","2.604075362184874","54.759544000000005","49.6","54.759544000000005","0.7022377689863611","0","0","0.14017379679144384","0","{""base"":54.75954400000032,""mana"":0,""color"":0.7022377689863611,""synergy"":0,""curve"":0,""creature"":0,""removal"":0.14017379679144384,""duplicate"":0,""fixing"":0}","{""保存WRを参考にした単体評価"":238,""確定除去"":164,""現在の主色に合う"":157,""主色外のマナ供給が不足"":52}","[""保存WRを参考にした単体評価"",""確定除去"",""現在の主色に合う"",""主色外のマナ供給が不足""]"
"708d4567-a5a3-437f-bae4-ae10f1537aa9","Tetsuko Umezawa, Pursuer","89","9.359550561797754","32","0","0","0","0","","not-applicable-14-card-packs","52.21674899999999","52.21674899999999","","7.511022","5.1701194","1.848528561797754","51.311200188","47.4","42.400000188","-0.1931737545508001","0","0.5281920326864145","0","-0.16853932584269662","{""base"":51.31120018799995,""mana"":0,""color"":-0.1931737545508001,""synergy"":0,""curve"":0.5281920326864145,""creature"":0.3284984678243105,""removal"":0,""duplicate"":-0.16853932584269662,""fixing"":0}","{""保存WRを参考にした単体評価"":89,""現在の主色に合う"":54,""4マナのクリーチャーを補強"":33,""クリーチャー不足を補う"":31,""主色外のマナ供給が不足"":26,""スプラッシュ用のマナ供給あり"":9}","[""保存WRを参考にした単体評価"",""現在の主色に合う"",""4マナのクリーチャーを補強"",""クリーチャー不足を補う"",""主色外のマナ供給が不足""]"
"709d2f10-1585-48c3-9058-ddd5f62f0452","Overgrown Farmland","41","10.487804878048781","11","0","0","0","0","","not-applicable-14-card-packs","52.413793","","","6.5844749","4.4078862","3.903329978048781","48.240586164999996","45.4","21.227586165","0","0","0","0","0","{""base"":48.240586164999975,""mana"":0,""color"":0,""synergy"":0,""curve"":0,""creature"":0,""removal"":0,""duplicate"":0,""fixing"":0.058536585365853655}","{""カード情報からの推定単体評価"":41,""主色のマナ基盤を補強"":1}","[""カード情報からの推定単体評価"",""主色のマナ基盤を補強""]"
"71355b51-e70e-47b0-8460-933af3567141","Craterclaw Colossus","16","12.125","5","0","0","0","0","","not-applicable-14-card-packs","","","","","2.8828338","","46.4","46.4","0","-0.9595045749829302","0","0","0","0","{""base"":46.399999999999984,""mana"":-0.4000000000000001,""color"":-0.9595045749829302,""synergy"":0,""curve"":0,""creature"":0.30340909090909085,""removal"":0,""duplicate"":0,""fixing"":0}","{""カード情報からの推定単体評価"":16,""主色外のマナ供給が不足"":7,""現在の主色に合う"":9,""クリーチャー不足を補う"":4}","[""カード情報からの推定単体評価"",""現在の主色に合う"",""主色外のマナ供給が不足"",""クリーチャー不足を補う""]"
"71620e92-45a4-49cb-94d5-348013ecf886","Ajani Unrelenting","22","1.7272727272727273","9","8","0.8888888888888888","1","0","","not-applicable-14-card-packs","74.217311","74.217311","","","","","61.36769987299999","46.1","40.299999873","0.4909242253522935","-0.14758215321437954","0","0","0","{""base"":61.36769987299999,""mana"":0,""color"":0.4909242253522935,""synergy"":-0.14758215321437954,""curve"":0,""creature"":0,""removal"":0,""duplicate"":0,""fixing"":0}","{""保存WRを参考にした単体評価"":22,""現在の主色に合う"":9,""主色外のマナ供給が不足"":4}","[""保存WRを参考にした単体評価"",""現在の主色に合う"",""主色外のマナ供給が不足""]"
"723669e0-4a04-45ec-8c76-b1a369aa6892","Budding Insurgent","224","9.875","95","0","0","0","0","","not-applicable-14-card-packs","49.628844","49.628844","","10.348123","6.9918254","-0.4731229999999993","49.923599892","54.8","46.799999891999995","0.5709506439469754","0.09915164446184468","0.25229301948051924","0.07743506493506491","0","{""base"":49.923599891999935,""mana"":0,""color"":0.5709506439469754,""synergy"":0.09915164446184468,""curve"":0.25229301948051924,""creature"":0.3567370129870132,""removal"":0.07743506493506491,""duplicate"":0,""fixing"":0}","{""保存WRを参考にした単体評価"":224,""現在の主色に合う"":159,""クリーチャー不足を補う"":78,""条件付き除去"":159,""主色外のマナ供給が不足"":65,""3マナのクリーチャーを補強"":53,""アーキタイプ・共通メカニズムと相性が良い"":24}","[""保存WRを参考にした単体評価"",""現在の主色に合う"",""条件付き除去"",""クリーチャー不足を補う"",""主色外のマナ供給が不足""]"
"747a1b36-eb4f-44e6-9e5a-bb1a0259a471","Ferocity of the Hunt","241","10.219917012448132","72","0","0","0.013888888888888888","0","","not-applicable-14-card-packs","52.873563000000004","52.873563000000004","48.4375","9.0487603","6.0520186","1.1711567124481324","52.873563000000004","43","52.873563000000004","-3.1214323759078444","0","0","0","0","{""base"":52.87356299999977,""mana"":-0.25178698062739147,""color"":-3.1214323759078444,""synergy"":0,""curve"":0,""creature"":0,""removal"":0,""duplicate"":0,""fixing"":0}","{""保存WRを参考にした単体評価"":241,""主色外のマナ供給が不足"":159,""現在の主色に合う"":81}","[""保存WRを参考にした単体評価"",""主色外のマナ供給が不足"",""現在の主色に合う""]"
"7500b7dc-588d-46bd-acc5-885dcd464668","Tam's Resistance","214","7.453271028037383","66","0","0","0.4696969696969697","0","","not-applicable-14-card-packs","55.563187","55.563187","52.517275","8.1279563","5.6960016","-0.6746852719626162","55.563187","45.5","55.563187","-1.7368059972294951","0.24909894565211904","0","0","0","{""base"":55.563186999999864,""mana"":-0.2734658332445742,""color"":-1.7368059972294951,""synergy"":0.24909894565211904,""curve"":0,""creature"":0,""removal"":0,""duplicate"":0,""fixing"":0}","{""保存WRを参考にした単体評価"":214,""現在の主色に合う"":87,""アーキタイプ・共通メカニズムと相性が良い"":63,""主色外のマナ供給が不足"":96}","[""保存WRを参考にした単体評価"",""主色外のマナ供給が不足"",""現在の主色に合う"",""アーキタイプ・共通メカニズムと相性が良い""]"
"76771cd1-6b74-49bb-9421-8845fe344567","Way of the Paradox","71","4.577464788732394","28","0","0","0.8214285714285714","0","","not-applicable-14-card-packs","56.076923","56.076923","52.087475000000005","6.1732283","4.5355501","-1.5957635112676058","56.076923","45.5","56.076923","1.0938070238900388","0.2212244516538818","0","0","-0.07042253521126761","{""base"":56.07692300000005,""mana"":0,""color"":1.0938070238900388,""synergy"":0.2212244516538818,""curve"":0,""creature"":0,""removal"":0,""duplicate"":-0.07042253521126761,""fixing"":0}","{""保存WRを参考にした単体評価"":71,""現在の主色に合う"":40,""主色外のマナ供給が不足"":8,""アーキタイプ・共通メカニズムと相性が良い"":18}","[""保存WRを参考にした単体評価"",""現在の主色に合う"",""アーキタイプ・共通メカニズムと相性が良い"",""主色外のマナ供給が不足""]"
"7737ccdc-49f2-463e-8ffd-43ab98d11f45","Emergency Phytomedic // Seed Suture","243","9.037037037037036","83","0","0","0.30120481927710846","0","","not-applicable-14-card-packs","54.827916","54.827916","56.128293","7.9817073","5.4247488","1.0553297370370363","54.827916","49","54.827916","-4.02417879370714","0","0","0","0","{""base"":54.82791600000015,""mana"":-0.28756452236170243,""color"":-4.02417879370714,""synergy"":0,""curve"":0,""creature"":0.12817059483726145,""removal"":0,""duplicate"":0,""fixing"":0}","{""保存WRを参考にした単体評価"":243,""主色外のマナ供給が不足"":171,""現在の主色に合う"":47,""クリーチャー不足を補う"":32}","[""保存WRを参考にした単体評価"",""主色外のマナ供給が不足"",""現在の主色に合う"",""クリーチャー不足を補う""]"
"7799413d-e313-4a05-ad28-f4c926c26d28","Vraska's Final Mercy","44","10.227272727272727","16","0","0","0","0","","not-applicable-14-card-packs","49.832776","49.832776","","2.8794643","2.5747304","7.347808427272726","49.578400048","49.199999999999996","29.800000048","0.8959138884814503","0.41520983973353087","0","0.13527892561983476","0","{""base"":49.57840004800002,""mana"":0,""color"":0.8959138884814503,""synergy"":0.41520983973353087,""curve"":0,""creature"":0,""removal"":0.13527892561983476,""duplicate"":0,""fixing"":0}","{""保存WRを参考にした単体評価"":44,""現在の主色に合う"":36,""条件付き除去"":36,""主色外のマナ供給が不足"":8,""アーキタイプ・共通メカニズムと相性が良い"":20}","[""保存WRを参考にした単体評価"",""現在の主色に合う"",""条件付き除去"",""アーキタイプ・共通メカニズムと相性が良い"",""主色外のマナ供給が不足""]"
"77a9fac6-3c26-4456-9e0b-f5839a3dcae2","Teyo, Lightshield Expert","63","5.984126984126984","20","0","0","0.4","0","","not-applicable-14-card-packs","54.588235","54.588235","","5.2477231","4.0656268","0.7364038841269842","54.588235","47.4","54.588235","1.5764882250179548","0","0.6165945165945166","0","-0.03968253968253968","{""base"":54.58823500000005,""mana"":0,""color"":1.5764882250179548,""synergy"":0,""curve"":0.6165945165945166,""creature"":0.47792207792207797,""removal"":0,""duplicate"":-0.03968253968253968,""fixing"":0}","{""保存WRを参考にした単体評価"":63,""現在の主色に合う"":48,""2マナのクリーチャーを補強"":33,""クリーチャー不足を補う"":34,""主色外のマナ供給が不足"":7}","[""保存WRを参考にした単体評価"",""現在の主色に合う"",""クリーチャー不足を補う"",""2マナのクリーチャーを補強"",""主色外のマナ供給が不足""]"
"77b684b8-227b-40de-80b4-15d0e70914f4","Undulating Witness","245","4.485714285714286","103","0","0","0.7378640776699029","0","","not-applicable-14-card-packs","55.609493","55.609493","51.991502999999994","7.1202213","5.1791895","-2.634507014285714","55.609493","49.4","55.609493","1.6700640467350125","0.26713766361645447","0","0","0","{""base"":55.60949299999994,""mana"":0,""color"":1.6700640467350125,""synergy"":0.26713766361645447,""curve"":0,""creature"":0.461743970315399,""removal"":0,""duplicate"":0,""fixing"":0}","{""保存WRを参考にした単体評価"":245,""現在の主色に合う"":164,""クリーチャー不足を補う"":107,""アーキタイプ・共通メカニズムと相性が良い"":65,""主色外のマナ供給が不足"":5}","[""保存WRを参考にした単体評価"",""現在の主色に合う"",""クリーチャー不足を補う"",""アーキタイプ・共通メカニズムと相性が良い"",""主色外のマナ供給が不足""]"
"78304a06-4c9a-4cdf-b67f-067d88762381","Clash of Elements","59","4.3559322033898304","23","15","0.6521739130434783","1","0","","not-applicable-14-card-packs","59.213251","59.213251","57.838661","6.7918949","5.3427275","-2.4359626966101695","59.213251","43","59.213251","-1.8307365650648713","0","0","0","0","{""base"":59.21325100000003,""mana"":-0.34957875260117877,""color"":-1.8307365650648713,""synergy"":0,""curve"":0,""creature"":0,""removal"":0,""duplicate"":0,""fixing"":0}","{""保存WRを参考にした単体評価"":59,""現在の主色に合う"":16,""主色外のマナ供給が不足"":20}","[""保存WRを参考にした単体評価"",""主色外のマナ供給が不足"",""現在の主色に合う""]"
"78f9c223-9982-4282-a496-a6f892f0a5bf","Mind Twist","0","","0","0","","","","","not-applicable-14-card-packs","","","","","","","43.6","43.6","0","","","","","","{}","{}","[""カード情報からの推定単体評価""]"
"7a501f7e-eec8-45f7-9ac3-483fd8f5ca5e","Tomik, Orzhov Lawmage","92","6.858695652173913","34","0","0","0.20588235294117646","0","","not-applicable-14-card-packs","54.009077000000005","54.009077000000005","51.711027","5.9815745","4.5623349","0.8771211521739133","54.009077000000005","50.2","54.009077000000005","0.8520016406886183","0","0.4953063241106719","0","-0.10869565217391304","{""base"":54.009077000000005,""mana"":0,""color"":0.8520016406886183,""synergy"":0,""curve"":0.4953063241106719,""creature"":0.41916996047430854,""removal"":0,""duplicate"":-0.10869565217391304,""fixing"":0}","{""保存WRを参考にした単体評価"":92,""主色外のマナ供給が不足"":21,""現在の主色に合う"":64,""クリーチャー不足を補う"":41,""2マナのクリーチャーを補強"":39}","[""保存WRを参考にした単体評価"",""現在の主色に合う"",""クリーチャー不足を補う"",""2マナのクリーチャーを補強"",""主色外のマナ供給が不足""]"
"7afa530f-ea51-4bee-af3b-59b83ea5cb25","Gideon the Oathless","47","2.978723404255319","20","3","0.15","1","0","","not-applicable-14-card-packs","58.944659","58.944659","","2.3759398","2.1556291","0.6027836042553192","56.816200043","49.4","45.800000043000004","1.1187757812816441","0.4540248649323861","0.22495164410058027","0","-0.05319148936170213","{""base"":56.81620004300003,""mana"":0,""color"":1.1187757812816441,""synergy"":0.4540248649323861,""curve"":0.22495164410058027,""creature"":0.37717601547388774,""removal"":0,""duplicate"":-0.05319148936170213,""fixing"":0}","{""保存WRを参考にした単体評価"":47,""現在の主色に合う"":26,""アーキタイプ・共通メカニズムと相性が良い"":18,""3マナのクリーチャーを補強"":11,""クリーチャー不足を補う"":13,""主色外のマナ供給が不足"":1}","[""保存WRを参考にした単体評価"",""現在の主色に合う"",""アーキタイプ・共通メカニズムと相性が良い"",""クリーチャー不足を補う"",""3マナのクリーチャーを補強""]"
"7b9a574f-6d56-421b-8fbd-94da1e6e3ce1","Traxos, Academy Guardian","84","2.392857142857143","26","4","0.15384615384615385","1","0","","not-applicable-14-card-packs","57.565129999999996","57.565129999999996","56.338027999999994","5.7976032","4.4028045","-3.4047460571428574","57.565129999999996","49.4","57.565129999999996","1.378677346219119","0","0.6512445887445886","0","-0.08928571428571429","{""base"":57.56512999999997,""mana"":0,""color"":1.378677346219119,""synergy"":0,""curve"":0.6512445887445886,""creature"":0.44935064935064956,""removal"":0,""duplicate"":-0.08928571428571429,""fixing"":0}","{""保存WRを参考にした単体評価"":84,""現在の主色に合う"":56,""4マナのクリーチャーを補強"":43,""クリーチャー不足を補う"":31,""主色外のマナ供給が不足"":2}","[""保存WRを参考にした単体評価"",""現在の主色に合う"",""4マナのクリーチャーを補強"",""クリーチャー不足を補う"",""主色外のマナ供給が不足""]"
"7cd0bd74-2463-4e9d-9802-69ac4ef6d543","Unflinching Hortimancer","248","6.745967741935484","92","0","0","0.25","0","","not-applicable-14-card-packs","54.13495699999999","54.13495699999999","54.67980300000001","7.5355404","5.2348502","-0.7895726580645164","54.13495699999999","48.2","54.13495699999999","0.6774274523931569","0","0.4686217008797653","0","0","{""base"":54.13495700000018,""mana"":0,""color"":0.6774274523931569,""synergy"":0,""curve"":0.4686217008797653,""creature"":0.4033724340175955,""removal"":0,""duplicate"":0,""fixing"":0}","{""保存WRを参考にした単体評価"":248,""主色外のマナ供給が不足"":56,""現在の主色に合う"":168,""2マナのクリーチャーを補強"":105,""クリーチャー不足を補う"":109}","[""保存WRを参考にした単体評価"",""現在の主色に合う"",""クリーチャー不足を補う"",""2マナのクリーチャーを補強"",""主色外のマナ供給が不足""]"
"7d32c63d-aa9e-4f5d-a3e6-51377a786009","Way of the Cryomancer","88","5.1022727272727275","30","1","0.03333333333333333","0.7","0","","not-applicable-14-card-packs","55.58882200000001","55.58882200000001","","7.7082019","5.3783849","-2.605929172727272","55.58882200000001","45.5","55.58882200000001","1.3993994079814984","0.2738502631537378","0","0","-0.08522727272727272","{""base"":55.58882200000001,""mana"":0,""color"":1.3993994079814984,""synergy"":0.2738502631537378,""curve"":0,""creature"":0,""removal"":0,""duplicate"":-0.08522727272727272,""fixing"":0}","{""保存WRを参考にした単体評価"":88,""現在の主色に合う"":63,""アーキタイプ・共通メカニズムと相性が良い"":23,""主色外のマナ供給が不足"":4}","[""保存WRを参考にした単体評価"",""現在の主色に合う"",""アーキタイプ・共通メカニズムと相性が良い"",""主色外のマナ供給が不足""]"
"7d6641e7-4d14-4a06-b588-0c752af529bd","Shatterwing Pegasus","262","8.145038167938932","95","0","0","0.010526315789473684","0","","not-applicable-14-card-packs","52.559727","52.559727","52.424242","9.7430503","6.6269305","-1.5980121320610685","52.559727","50.2","52.559727","0.504022098675754","0","0.3772553782095765","0","0","{""base"":52.55972699999987,""mana"":0,""color"":0.504022098675754,""synergy"":0,""curve"":0.3772553782095765,""creature"":0.36266481609993073,""removal"":0,""duplicate"":0,""fixing"":0}","{""保存WRを参考にした単体評価"":262,""現在の主色に合う"":180,""3マナのクリーチャーを補強"":90,""主色外のマナ供給が不足"":80,""クリーチャー不足を補う"":102}","[""保存WRを参考にした単体評価"",""現在の主色に合う"",""クリーチャー不足を補う"",""3マナのクリーチャーを補強"",""主色外のマナ供給が不足""]"
"7e52f151-d1f6-4fcb-9b21-1baecae27da6","Loyal Tutor","45","12.577777777777778","18","0","0","0","0","","not-applicable-14-card-packs","","","","9.9914163","6.4462896","2.5863614777777784","43.4","43.4","0","-1.5498417701092775","0","0","0","0","{""base"":43.400000000000034,""mana"":0,""color"":-1.5498417701092775,""synergy"":0,""curve"":0,""creature"":0,""removal"":0,""duplicate"":0,""fixing"":0}","{""カード情報からの推定単体評価"":45,""現在の主色に合う"":21,""主色外のマナ供給が不足"":24}","[""カード情報からの推定単体評価"",""主色外のマナ供給が不足"",""現在の主色に合う""]"
"7fd2cac5-cd29-4a47-9e89-9c6be39a0b67","Plan for All Outcomes","83","2.0120481927710845","24","18","0.75","1","0","","not-applicable-14-card-packs","59.022222","59.022222","57.832423","3.287619","2.9418753","-1.2755708072289154","59.022222","45.5","59.022222","1.3791486266746549","0.1759016069852438","0","0","0","{""base"":59.02222199999997,""mana"":0,""color"":1.3791486266746549,""synergy"":0.1759016069852438,""curve"":0,""creature"":0,""removal"":0,""duplicate"":0,""fixing"":0}","{""保存WRを参考にした単体評価"":83,""現在の主色に合う"":52,""スプラッシュ用のマナ供給あり"":1,""主色外のマナ供給が不足"":6}","[""保存WRを参考にした単体評価"",""現在の主色に合う"",""主色外のマナ供給が不足"",""スプラッシュ用のマナ供給あり""]"
"7fdd471f-ec95-4aa7-8f8a-ad8946de5ab4","Meticulous Commons","258","6.790697674418604","90","0","0","0.13333333333333333","0","","not-applicable-14-card-packs","53.769841","53.769841","54.609929","9.2318408","6.6200161","-2.4411431255813962","53.769841","45","53.769841","0","0","0","0","0","{""base"":53.7698409999998,""mana"":0,""color"":0,""synergy"":0,""curve"":0,""creature"":0,""removal"":0,""duplicate"":0,""fixing"":1.050291739869608}","{""保存WRを参考にした単体評価"":258,""主色のマナ基盤を補強"":50}","[""保存WRを参考にした単体評価"",""主色のマナ基盤を補強""]"
"80c2784b-f27d-4a51-9380-171eb32b961d","Inspired Tethermage","248","9.423387096774194","74","0","0","0","0","","not-applicable-14-card-packs","50.194986","50.194986","50.660793000000005","9.371118","6.3778203","0.05226909677419478","50.194986","50.7","50.194986","0.5799969351701804","0.3468743086510823","0.3630865102639294","0","0","{""base"":50.19498600000028,""mana"":0,""color"":0.5799969351701804,""synergy"":0.3468743086510823,""curve"":0.3630865102639294,""creature"":0.3776392961876833,""removal"":0,""duplicate"":0,""fixing"":0}","{""保存WRを参考にした単体評価"":248,""主色外のマナ供給が不足"":67,""現在の主色に合う"":181,""アーキタイプ・共通メカニズムと相性が良い"":99,""3マナのクリーチャーを補強"":80,""クリーチャー不足を補う"":95}","[""保存WRを参考にした単体評価"",""現在の主色に合う"",""アーキタイプ・共通メカニズムと相性が良い"",""クリーチャー不足を補う"",""3マナのクリーチャーを補強""]"
"81f022a7-fd19-4340-b8a0-6b11ab3e9d91","Living Library","255","8.890196078431373","86","0","0","0","0","","not-applicable-14-card-packs","52.505447000000004","","","11.892651","8.4185945","-3.002454921568628","50.458265952000005","49","21.842265952","0","0.12199031811334245","0.6692869875222817","0","0","{""base"":50.45826595200012,""mana"":0,""color"":0,""synergy"":0.12199031811334245,""curve"":0.6692869875222817,""creature"":0.48791443850267374,""removal"":0,""duplicate"":0,""fixing"":0}","{""カード情報からの推定単体評価"":255,""2マナのクリーチャーを補強"":128,""クリーチャー不足を補う"":128,""アーキタイプ・共通メカニズムと相性が良い"":35}","[""カード情報からの推定単体評価"",""2マナのクリーチャーを補強"",""クリーチャー不足を補う"",""アーキタイプ・共通メカニズムと相性が良い""]"
"81f35914-73bf-429f-ba20-32e23ac30159","Massacre Girl, Most Wanted","76","10.447368421052632","19","0","0","0","0","","not-applicable-14-card-packs","50","50","","7.1708861","4.9511348","3.276482321052632","49.3344","47.4","37.2","0.7632474065912761","0","0","0","-0.13157894736842105","{""base"":49.33440000000007,""mana"":0,""color"":0.7632474065912761,""synergy"":0,""curve"":0,""creature"":0.44641148325358837,""removal"":0,""duplicate"":-0.13157894736842105,""fixing"":0}","{""保存WRを参考にした単体評価"":76,""現在の主色に合う"":60,""クリーチャー不足を補う"":34,""スプラッシュ用のマナ供給あり"":5,""主色外のマナ供給が不足"":11}","[""保存WRを参考にした単体評価"",""現在の主色に合う"",""クリーチャー不足を補う"",""主色外のマナ供給が不足"",""スプラッシュ用のマナ供給あり""]"
"826f17d1-3806-4579-8b1b-2082b7b03d69","Vigorbloom Charm","73","9.534246575342467","25","0","0","0.16","0","","not-applicable-14-card-packs","54.418985","54.418985","","6.2367491","4.6300052","3.2974974753424666","54.418985","48.8","54.418985","-3.849672943673388","0","0","0.03530510585305106","0","{""base"":54.41898499999991,""mana"":-0.267376560108526,""color"":-3.849672943673388,""synergy"":0,""curve"":0,""creature"":0,""removal"":0.03530510585305106,""duplicate"":0,""fixing"":0}","{""保存WRを参考にした単体評価"":73,""主色外のマナ供給が不足"":54,""現在の主色に合う"":15,""条件付き除去"":15}","[""保存WRを参考にした単体評価"",""主色外のマナ供給が不足"",""現在の主色に合う"",""条件付き除去""]"
"83705258-1f42-41db-a32e-de99ffd759eb","Saheeli, Jewel of Avishkar","82","5.2682926829268295","29","3","0.10344827586206896","1","0","","not-applicable-14-card-packs","57.790516000000004","57.790516000000004","53.125","5.2682324","4.3252939","0.00006028292682991321","57.790516000000004","49.4","57.790516000000004","-0.8002556883191808","0","0.42062084257206217","0","-0.27439024390243905","{""base"":57.79051600000001,""mana"":-0.34174707017534717,""color"":-0.8002556883191808,""synergy"":0,""curve"":0.42062084257206217,""creature"":0.355210643015521,""removal"":0,""duplicate"":-0.27439024390243905,""fixing"":0}","{""保存WRを参考にした単体評価"":82,""現在の主色に合う"":35,""4マナのクリーチャーを補強"":29,""クリーチャー不足を補う"":27,""スプラッシュ用のマナ供給あり"":3,""主色外のマナ供給が不足"":15}","[""保存WRを参考にした単体評価"",""現在の主色に合う"",""4マナのクリーチャーを補強"",""クリーチャー不足を補う"",""主色外のマナ供給が不足""]"
"837182db-1bf3-4a2c-bd01-1af9d9873561","Unsummon","239","2.6861924686192467","84","31","0.36904761904761907","1","0","","not-applicable-14-card-packs","57.903780000000005","57.903780000000005","57.389849000000005","6.6914062","5.1469495","-4.005213731380754","57.903780000000005","45.42","57.903780000000005","1.531851725063757","0","0","0.21567135793077208","0","{""base"":57.90378000000014,""mana"":0,""color"":1.531851725063757,""synergy"":0,""curve"":0,""creature"":0,""removal"":0.21567135793077208,""duplicate"":0,""fixing"":0}","{""保存WRを参考にした単体評価"":239,""バウンス・打ち消し"":176,""現在の主色に合う"":149,""主色外のマナ供給が不足"":6}","[""保存WRを参考にした単体評価"",""バウンス・打ち消し"",""現在の主色に合う"",""主色外のマナ供給が不足""]"
"83c12f50-e5a1-479d-afab-edb0b40412f2","Desperate Futurescribe","84","5.666666666666667","28","0","0","0.7857142857142857","0","","not-applicable-14-card-packs","56.417764999999996","56.417764999999996","54.925373","4.9257908","4.2142857","0.7408758666666673","56.417764999999996","50.2","56.417764999999996","-0.3360082907186602","0.27955369768764105","0.422943722943723","0","0","{""base"":56.41776500000006,""mana"":-0.323847053596748,""color"":-0.3360082907186602,""synergy"":0.27955369768764105,""curve"":0.422943722943723,""creature"":0.26298701298701294,""removal"":0,""duplicate"":0,""fixing"":0}","{""保存WRを参考にした単体評価"":84,""現在の主色に合う"":40,""4マナのクリーチャーを補強"":30,""クリーチャー不足を補う"":22,""アーキタイプ・共通メカニズムと相性が良い"":27,""スプラッシュ用のマナ供給あり"":7,""主色外のマナ供給が不足"":14}","[""保存WRを参考にした単体評価"",""現在の主色に合う"",""4マナのクリーチャーを補強"",""アーキタイプ・共通メカニズムと相性が良い"",""クリーチャー不足を補う""]"
"83c61083-b357-4775-a855-5a9013cc2bdf","Verdant Kraken","50","8.12","16","0","0","0.0625","0","","not-applicable-14-card-packs","56.568365","56.568365","","1.7169811","1.7597403","6.403018899999999","53.83320028999999","45.8","42.20000029","0.34594466135247315","0","-0.048","0","-0.024","{""base"":53.833200290000015,""mana"":-0.39999999999999986,""color"":0.34594466135247315,""synergy"":0,""curve"":-0.048,""creature"":0.3392727272727272,""removal"":0,""duplicate"":-0.024,""fixing"":0}","{""保存WRを参考にした単体評価"":50,""現在の主色に合う"":34,""クリーチャー不足を補う"":19,""主色外のマナ供給が不足"":15}","[""保存WRを参考にした単体評価"",""現在の主色に合う"",""クリーチャー不足を補う"",""主色外のマナ供給が不足""]"
"84eaac2e-74ce-4a16-9faa-409df7c58eb3","Winter, Tormented Loner","76","5.592105263157895","19","0","0","0.42105263157894735","0","","not-applicable-14-card-packs","54.73083199999999","54.73083199999999","","7.3286164","5.165273","-1.736511136842105","54.73083199999999","46.6","54.73083199999999","0.788613799511625","0.08885617745240115","0.39623205741626805","0","-0.19736842105263158","{""base"":54.730832000000085,""mana"":0,""color"":0.788613799511625,""synergy"":0.08885617745240115,""curve"":0.39623205741626805,""creature"":0.45143540669856463,""removal"":0,""duplicate"":-0.19736842105263158,""fixing"":0}","{""保存WRを参考にした単体評価"":76,""主色外のマナ供給が不足"":12,""現在の主色に合う"":56,""3マナのクリーチャーを補強"":32,""クリーチャー不足を補う"":32,""アーキタイプ・共通メカニズムと相性が良い"":7}","[""保存WRを参考にした単体評価"",""現在の主色に合う"",""3マナのクリーチャーを補強"",""クリーチャー不足を補う"",""主色外のマナ供給が不足""]"
"873fa095-5662-407a-bd24-9a1c4712a428","Ruric Thar, Biomagus","79","5.6455696202531644","25","0","0","0.64","0","","not-applicable-14-card-packs","55.217391000000006","55.217391000000006","50.506757","4.6788991","3.6921721","0.9666705202531647","55.217391000000006","49.9","55.217391000000006","1.4333078905427834","0","-0.023475258918296892","0","-0.03164556962025317","{""base"":55.217391000000056,""mana"":0,""color"":1.4333078905427834,""synergy"":0,""curve"":-0.023475258918296892,""creature"":0.39217491369390106,""removal"":0,""duplicate"":-0.03164556962025317,""fixing"":0}","{""保存WRを参考にした単体評価"":79,""現在の主色に合う"":59,""クリーチャー不足を補う"":35,""主色外のマナ供給が不足"":4}","[""保存WRを参考にした単体評価"",""現在の主色に合う"",""クリーチャー不足を補う"",""主色外のマナ供給が不足""]"
"87f39199-3e4b-44fa-8406-62019eb43c10","Gallia, the Merrymaker","79","11.227848101265822","23","0","0","0","0","","not-applicable-14-card-packs","45.895019999999995","45.895019999999995","","8.1009524","5.5686186","3.1268957012658216","46.48739986","48.2","34.09999986","0.21019769191237278","0","0.5707710011507481","0","-0.06329113924050633","{""base"":46.48739986000006,""mana"":0,""color"":0.21019769191237278,""synergy"":0,""curve"":0.5707710011507481,""creature"":0.368699654775604,""removal"":0,""duplicate"":-0.06329113924050633,""fixing"":0}","{""保存WRを参考にした単体評価"":79,""現在の主色に合う"":53,""2マナのクリーチャーを補強"":32,""クリーチャー不足を補う"":28,""主色外のマナ供給が不足"":26}","[""保存WRを参考にした単体評価"",""現在の主色に合う"",""2マナのクリーチャーを補強"",""クリーチャー不足を補う"",""主色外のマナ供給が不足""]"
"8940f503-fc6d-4fae-be74-22c660cae1a7","Pyre Rhymer // Molten Tide","45","10.555555555555555","17","0","0","0","0","","not-applicable-14-card-packs","49.401523000000005","","","4.3980583","3.4711447","6.157497255555556","49.400615292","49.4","19.958215292000002","-0.019561821910645587","0","0.17666666666666672","0","0","{""base"":49.40061529200006,""mana"":-0.4,""color"":-0.019561821910645587,""synergy"":0,""curve"":0.17666666666666672,""creature"":0.28363636363636363,""removal"":0,""duplicate"":0,""fixing"":0}","{""カード情報からの推定単体評価"":45,""現在の主色に合う"":31,""3マナのクリーチャーを補強"":10,""クリーチャー不足を補う"":14,""主色外のマナ供給が不足"":14}","[""カード情報からの推定単体評価"",""現在の主色に合う"",""クリーチャー不足を補う"",""主色外のマナ供給が不足"",""3マナのクリーチャーを補強""]"
"89a6e876-0b00-4671-9652-766fd7ef9bf2","The Theorist, Jace Beleren","17","7.9411764705882355","6","0","0","0","0","","not-applicable-14-card-packs","58.26271200000001","","","","","","51.93810176000001","46.1","27.966101760000004","1.8313515092846786","0.7609265521077841","0","0","0","{""base"":51.93810176,""mana"":0,""color"":1.8313515092846786,""synergy"":0.7609265521077841,""curve"":0,""creature"":0,""removal"":0,""duplicate"":0,""fixing"":0}","{""カード情報からの推定単体評価"":17,""現在の主色に合う"":17,""アーキタイプ・共通メカニズムと相性が良い"":11}","[""カード情報からの推定単体評価"",""現在の主色に合う"",""アーキタイプ・共通メカニズムと相性が良い""]"
"89bd056d-8f5b-4d0e-b80a-58a984e21100","Jace's Machinations","48","4.145833333333333","12","1","0.08333333333333333","0.75","0","","not-applicable-14-card-packs","58.875","58.875","","2.5340502","2.425","1.6117831333333332","56.28","45.9","47.1","1.918387333104375","0.36106862436599424","0","0","0","{""base"":56.28000000000003,""mana"":0,""color"":1.918387333104375,""synergy"":0.36106862436599424,""curve"":0,""creature"":0,""removal"":0,""duplicate"":0,""fixing"":0}","{""保存WRを参考にした単体評価"":48,""現在の主色に合う"":38,""アーキタイプ・共通メカニズムと相性が良い"":19,""主色外のマナ供給が不足"":1}","[""保存WRを参考にした単体評価"",""現在の主色に合う"",""アーキタイプ・共通メカニズムと相性が良い"",""主色外のマナ供給が不足""]"
"8dad1fa8-3533-4e3c-b9b3-fcd57b20a33d","Omnipresence","18","12.5","8","0","0","0","0","","not-applicable-14-card-packs","","","","","5.566886","","43.6","43.6","0","-1.260761947964986","0","0","0","0","{""base"":43.600000000000016,""mana"":-0.40000000000000013,""color"":-1.260761947964986,""synergy"":0,""curve"":0,""creature"":0,""removal"":0,""duplicate"":0,""fixing"":0}","{""カード情報からの推定単体評価"":18,""現在の主色に合う"":7,""主色外のマナ供給が不足"":11}","[""カード情報からの推定単体評価"",""主色外のマナ供給が不足"",""現在の主色に合う""]"
"8dd23c50-cc84-4064-89cd-8d52fbfbd4ab","Break Under Pressure","75","3.013333333333333","32","6","0.1875","1","0","","not-applicable-14-card-packs","57.844691000000005","57.844691000000005","55.479451999999995","3.2696133","2.8919727","-0.25627996666666686","57.844691000000005","43","57.844691000000005","0.926343566243804","0.2886092740716373","0","0","0","{""base"":57.84469099999991,""mana"":0,""color"":0.926343566243804,""synergy"":0.2886092740716373,""curve"":0,""creature"":0,""removal"":0,""duplicate"":0,""fixing"":0}","{""保存WRを参考にした単体評価"":75,""現在の主色に合う"":40,""アーキタイプ・共通メカニズムと相性が良い"":21,""主色外のマナ供給が不足"":3}","[""保存WRを参考にした単体評価"",""現在の主色に合う"",""アーキタイプ・共通メカニズムと相性が良い"",""主色外のマナ供給が不足""]"
"8e5ea773-a60b-4502-9db5-ce93fa61cc89","Ghalta the Unstoppable","71","9.338028169014084","27","0","0","0","0","","not-applicable-14-card-packs","51.552794999999996","51.552794999999996","","5.3632735","4.0977866","3.974754669014084","51.552794999999996","47.4","51.552794999999996","0.41036868680204","0","-0.06683738796414854","0","-0.1056338028169014","{""base"":51.55279500000003,""mana"":0,""color"":0.41036868680204,""synergy"":0,""curve"":-0.06683738796414854,""creature"":0.30192061459667086,""removal"":0,""duplicate"":-0.1056338028169014,""fixing"":0}","{""保存WRを参考にした単体評価"":71,""現在の主色に合う"":53,""クリーチャー不足を補う"":22,""主色外のマナ供給が不足"":13,""スプラッシュ用のマナ供給あり"":5}","[""保存WRを参考にした単体評価"",""現在の主色に合う"",""クリーチャー不足を補う"",""主色外のマナ供給が不足"",""スプラッシュ用のマナ供給あり""]"
"8ec56e2a-380f-4de7-9fb7-52de803008fc","Transformative Commons","231","3.017316017316017","89","17","0.19101123595505617","1","0","","not-applicable-14-card-packs","57.40038","57.40038","57.972806","8.8438382","6.4161974","-5.826522182683983","57.40038","45","57.40038","0","0","0","0","0","{""base"":57.40037999999969,""mana"":0,""color"":0,""synergy"":0,""curve"":0,""creature"":0,""removal"":0,""duplicate"":0,""fixing"":1.272602198855811}","{""保存WRを参考にした単体評価"":231,""主色のマナ基盤を補強"":56}","[""保存WRを参考にした単体評価"",""主色のマナ基盤を補強""]"
"92a0aa44-0ef7-4e6f-8288-7c33067c5fd1","Theorix Metamage // Omit Variables","239","8.087866108786612","79","0","0","0.21518987341772153","0","","not-applicable-14-card-packs","54.860031","54.860031","51.976744","9.3771588","6.7674527","-1.2892926912133884","54.860031","50.2","54.860031","-1.3394656840767185","0","0.1727082540890072","0","0","{""base"":54.860031000000134,""mana"":-0.28332941489772373,""color"":-1.3394656840767185,""synergy"":0,""curve"":0.1727082540890072,""creature"":0.2770635222518071,""removal"":0,""duplicate"":0,""fixing"":0}","{""保存WRを参考にした単体評価"":239,""現在の主色に合う"":106,""3マナのクリーチャーを補強"":53,""クリーチャー不足を補う"":72,""主色外のマナ供給が不足"":116}","[""保存WRを参考にした単体評価"",""主色外のマナ供給が不足"",""現在の主色に合う"",""クリーチャー不足を補う"",""3マナのクリーチャーを補強""]"
"94be2e86-ba0e-4b8d-9b9c-114adacb26db","Way of the Mind Sculptor","92","3.032608695652174","27","6","0.2222222222222222","1","0","","not-applicable-14-card-packs","57.594477","57.594477","54.152824","3.529724","3.1131536","-0.497115304347826","57.594477","45.5","57.594477","1.5381623758076293","0.32312047731957594","0","0","-0.05434782608695652","{""base"":57.594476999999976,""mana"":0,""color"":1.5381623758076293,""synergy"":0.32312047731957594,""curve"":0,""creature"":0,""removal"":0,""duplicate"":-0.05434782608695652,""fixing"":0}","{""保存WRを参考にした単体評価"":92,""現在の主色に合う"":61,""アーキタイプ・共通メカニズムと相性が良い"":31,""主色外のマナ供給が不足"":4}","[""保存WRを参考にした単体評価"",""現在の主色に合う"",""アーキタイプ・共通メカニズムと相性が良い"",""主色外のマナ供給が不足""]"
"973fb1e3-83d5-4763-bea8-799b426a8848","Extended Absence","226","1.9646017699115044","87","53","0.6091954022988506","1","0","","not-applicable-14-card-packs","59.233998","59.233998","55.684104999999995","3.787847","3.143616","-1.8232452300884958","59.233998","49.6","59.233998","1.0671748652335298","0","0","0.09910498793242153","0","{""base"":59.233997999999815,""mana"":0,""color"":1.0671748652335298,""synergy"":0,""curve"":0,""creature"":0,""removal"":0.09910498793242153,""duplicate"":0,""fixing"":0}","{""保存WRを参考にした単体評価"":226,""現在の主色に合う"":122,""確定除去"":133,""主色外のマナ供給が不足"":15,""スプラッシュ用のマナ供給あり"":2}","[""保存WRを参考にした単体評価"",""確定除去"",""現在の主色に合う"",""主色外のマナ供給が不足"",""スプラッシュ用のマナ供給あり""]"
"97dcf9fb-3f2f-4aa6-959a-e3c4889c1673","Tinybones, Pocket Nuisance","84","4.595238095238095","27","1","0.037037037037037035","0.7777777777777778","0","","not-applicable-14-card-packs","55.733945","55.733945","","6.7227564","4.8781752","-2.127518304761905","55.733945","46.6","55.733945","1.439177710927971","0.21995638232334253","0.3084415584415585","0","-0.17857142857142858","{""base"":55.73394499999996,""mana"":0,""color"":1.439177710927971,""synergy"":0.21995638232334253,""curve"":0.3084415584415585,""creature"":0.46298701298701317,""removal"":0,""duplicate"":-0.17857142857142858,""fixing"":0}","{""保存WRを参考にした単体評価"":84,""現在の主色に合う"":59,""3マナのクリーチャーを補強"":32,""クリーチャー不足を補う"":38,""アーキタイプ・共通メカニズムと相性が良い"":23,""主色外のマナ供給が不足"":4}","[""保存WRを参考にした単体評価"",""現在の主色に合う"",""クリーチャー不足を補う"",""3マナのクリーチャーを補強"",""アーキタイプ・共通メカニズムと相性が良い""]"
"983f4fde-ab04-44f0-a294-c3b472de0b19","Yuriko, Hope from the Shadows","91","8.901098901098901","30","0","0","0","0","","not-applicable-14-card-packs","50.310559","50.310559","","8.6309524","5.9574245","0.2701465010989015","50.265999994","49","48.599999993999994","1.7110593991967908","0.47297357448013094","0","0","-0.054945054945054944","{""base"":50.26599999400001,""mana"":0,""color"":1.7110593991967908,""synergy"":0.47297357448013094,""curve"":0,""creature"":0.44115884115884135,""removal"":0,""duplicate"":-0.054945054945054944,""fixing"":0}","{""保存WRを参考にした単体評価"":91,""現在の主色に合う"":82,""クリーチャー不足を補う"":42,""アーキタイプ・共通メカニズムと相性が良い"":49,""主色外のマナ供給が不足"":9}","[""保存WRを参考にした単体評価"",""現在の主色に合う"",""アーキタイプ・共通メカニズムと相性が良い"",""クリーチャー不足を補う"",""主色外のマナ供給が不足""]"
"987aadac-d6a6-4e50-9468-9e8e53cc5529","Stingerquill Charm","81","4.555555555555555","32","11","0.34375","1","0","","not-applicable-14-card-packs","58.589512","58.589512","","6.9291465","5.0951016","-2.3735909444444445","58.589512","48.4","58.589512","-0.9171909791400935","0","0","0.043686868686868684","0","{""base"":58.58951199999994,""mana"":-0.3595893947769763,""color"":-0.9171909791400935,""synergy"":0,""curve"":0,""creature"":0,""removal"":0.043686868686868684,""duplicate"":0,""fixing"":0}","{""保存WRを参考にした単体評価"":81,""現在の主色に合う"":31,""火力・マイナス修整"":32,""主色外のマナ供給が不足"":18}","[""保存WRを参考にした単体評価"",""火力・マイナス修整"",""現在の主色に合う"",""主色外のマナ供給が不足""]"
"9a104f73-597b-49e3-8088-13db31f61900","Frostbite Pyromental","40","7.4","15","0","0","0.5333333333333333","0","","not-applicable-14-card-packs","","","","","5.1754617","","55.5","55.5","0","-0.33380199788184256","0.047379942154660626","0.3161363636363636","0","0","{""base"":55.5,""mana"":-0.7132170851955842,""color"":-0.33380199788184256,""synergy"":0.047379942154660626,""curve"":0.3161363636363636,""creature"":0.364090909090909,""removal"":0,""duplicate"":0,""fixing"":0}","{""カード情報からの推定単体評価"":40,""現在の主色に合う"":16,""3マナのクリーチャーを補強"":12,""クリーチャー不足を補う"":16,""アーキタイプ・共通メカニズムと相性が良い"":2,""主色外のマナ供給が不足"":16}","[""カード情報からの推定単体評価"",""現在の主色に合う"",""クリーチャー不足を補う"",""主色外のマナ供給が不足"",""3マナのクリーチャーを補強""]"
"9d835137-584c-46bd-952e-4b2812bba1a3","Charge the Sanctum","233","12.489270386266094","75","0","0","0","0","","not-applicable-14-card-packs","53.37499999999999","","","11.692236","7.8333627","0.7970343862660947","47.09375","44","17.61375","-6.350843742321847","0","0","0","-0.032188841201716736","{""base"":47.09375,""mana"":-0.21930305182004337,""color"":-6.350843742321847,""synergy"":0,""curve"":0,""creature"":0,""removal"":0,""duplicate"":-0.032188841201716736,""fixing"":0}","{""カード情報からの推定単体評価"":233,""主色外のマナ供給が不足"":195,""現在の主色に合う"":37}","[""カード情報からの推定単体評価"",""主色外のマナ供給が不足"",""現在の主色に合う""]"
"9e45e2da-7064-4ec0-8d09-55fc7d1aeaa8","Simulacrum Shaper","31","4.225806451612903","15","0","0","0.8666666666666667","0","","not-applicable-14-card-packs","59.10447800000001","59.10447800000001","","1.8867188","1.8799213","2.3390876516129033","56.199000260000005","50.3","39.60000026000001","1.1034172478740265","0","0.2155425219941349","0","0","{""base"":56.199000260000034,""mana"":0,""color"":1.1034172478740265,""synergy"":0,""curve"":0.2155425219941349,""creature"":0.33079178885630495,""removal"":0,""duplicate"":0,""fixing"":0}","{""保存WRを参考にした単体評価"":31,""現在の主色に合う"":15,""3マナのクリーチャーを補強"":8,""クリーチャー不足を補う"":9,""主色外のマナ供給が不足"":3}","[""保存WRを参考にした単体評価"",""現在の主色に合う"",""クリーチャー不足を補う"",""3マナのクリーチャーを補強"",""主色外のマナ供給が不足""]"
"9f004382-c57b-4fde-af97-0c85516c3cf4","Sphinx of False Conclusions","35","1.2571428571428571","9","9","1","1","0","","not-applicable-14-card-packs","63.829787","63.829787","","1.5398773","1.5862069","-0.2827344428571428","63.829787","52.3","63.829787","0.9505570140438934","0.04988701360970219","0.5988311688311689","0","0","{""base"":63.82978699999997,""mana"":0,""color"":0.9505570140438934,""synergy"":0.04988701360970219,""curve"":0.5988311688311689,""creature"":0.44103896103896095,""removal"":0,""duplicate"":0,""fixing"":0}","{""保存WRを参考にした単体評価"":35,""現在の主色に合う"":21,""4マナのクリーチャーを補強"":11,""クリーチャー不足を補う"":12,""主色外のマナ供給が不足"":5}","[""保存WRを参考にした単体評価"",""現在の主色に合う"",""クリーチャー不足を補う"",""4マナのクリーチャーを補強"",""主色外のマナ供給が不足""]"
"a10b3e35-8cc4-450e-9e30-0fce8df0fea4","Necrodominance","5","12","2","0","0","0","0","","not-applicable-14-card-packs","","","","","","","43.6","43.6","0","-0.8519278856563123","0","0","0","0","{""base"":43.6,""mana"":-0.4,""color"":-0.8519278856563123,""synergy"":0,""curve"":0,""creature"":0,""removal"":0,""duplicate"":0,""fixing"":0}","{""カード情報からの推定単体評価"":5,""主色外のマナ供給が不足"":2,""現在の主色に合う"":2}","[""カード情報からの推定単体評価"",""主色外のマナ供給が不足"",""現在の主色に合う""]"
"a139eb7f-3853-490c-a839-35d0e5aed7b5","Enlightened Confidant","13","8.461538461538462","7","0","0","0","0","","not-applicable-14-card-packs","51.055662","","","","1.891791","","50.862892852","50.800000000000004","12.559692852","1.8329150766296531","0.34402430645285037","0.43356643356643354","0","0","{""base"":50.862892852,""mana"":0,""color"":1.8329150766296531,""synergy"":0.34402430645285037,""curve"":0.43356643356643354,""creature"":0.4993006993006993,""removal"":0,""duplicate"":0,""fixing"":0}","{""カード情報からの推定単体評価"":13,""現在の主色に合う"":12,""2マナのクリーチャーを補強"":4,""クリーチャー不足を補う"":6,""アーキタイプ・共通メカニズムと相性が良い"":5,""主色外のマナ供給が不足"":1}","[""カード情報からの推定単体評価"",""現在の主色に合う"",""クリーチャー不足を補う"",""アーキタイプ・共通メカニズムと相性が良い"",""2マナのクリーチャーを補強""]"
"a17e414c-8de0-47fd-bcbc-540c7fec7642","Codie, Ravenous Codex","53","10.169811320754716","15","0","0","0","0","","not-applicable-14-card-packs","","","","9.1650943","5.8790191","1.0047170207547165","48.6","48.6","0","0","0","0.46758147512864495","0","0","{""base"":48.59999999999995,""mana"":0,""color"":0,""synergy"":0,""curve"":0.46758147512864495,""creature"":0.467238421955403,""removal"":0,""duplicate"":0,""fixing"":0}","{""カード情報からの推定単体評価"":53,""クリーチャー不足を補う"":25,""3マナのクリーチャーを補強"":21}","[""カード情報からの推定単体評価"",""クリーチャー不足を補う"",""3マナのクリーチャーを補強""]"
"a275f7ac-7dae-4422-875a-f34f24b6f28a","Samut, Tyrant of Naktamun","48","10.479166666666666","14","0","0","0","0","","not-applicable-14-card-packs","","","","8.1067961","5.2336114","2.3723705666666657","48.6","48.6","0","1.271516177442326","0","0.506628787878788","0","-0.2604166666666667","{""base"":48.59999999999996,""mana"":0,""color"":1.271516177442326,""synergy"":0,""curve"":0.506628787878788,""creature"":0.46022727272727265,""removal"":0,""duplicate"":-0.2604166666666667,""fixing"":0}","{""カード情報からの推定単体評価"":48,""現在の主色に合う"":40,""2マナのクリーチャーを補強"":18,""クリーチャー不足を補う"":21,""主色外のマナ供給が不足"":8}","[""カード情報からの推定単体評価"",""現在の主色に合う"",""クリーチャー不足を補う"",""2マナのクリーチャーを補強"",""主色外のマナ供給が不足""]"
"a350856c-87f2-4605-999f-4e26aa362a55","Proft, Sinister Mastermind","69","6.63768115942029","24","0","0","0.08333333333333333","0","","not-applicable-14-card-packs","54.052288000000004","54.052288000000004","51.711712","6.9167785","5.1288112","-0.27909734057971036","54.052288000000004","58.6","54.052288000000004","1.105827497129381","0.29290524436490095","0.3627799736495389","0.13517786561264825","-0.10869565217391304","{""base"":54.052287999999955,""mana"":0,""color"":1.105827497129381,""synergy"":0.29290524436490095,""curve"":0.3627799736495389,""creature"":0.43952569169960476,""removal"":0.13517786561264825,""duplicate"":-0.10869565217391304,""fixing"":0}","{""保存WRを参考にした単体評価"":69,""現在の主色に合う"":53,""アーキタイプ・共通メカニズムと相性が良い"":25,""クリーチャー不足を補う"":29,""火力・マイナス修整"":53,""3マナのクリーチャーを補強"":26,""主色外のマナ供給が不足"":14}","[""保存WRを参考にした単体評価"",""現在の主色に合う"",""火力・マイナス修整"",""クリーチャー不足を補う"",""3マナのクリーチャーを補強""]"
"a3bfbe1a-7831-45bd-9e42-790c28f6054c","Teyo, Diamondblade Mage","80","9.225","27","0","0","0","0","","not-applicable-14-card-packs","51.618399000000004","51.618399000000004","","8.9471074","6.0829648","0.2778925999999995","50.041400213","47.8","30.300000213","0.984775885000904","0","0.7126136363636361","0","-0.15625","{""base"":50.04140021300006,""mana"":0,""color"":0.984775885000904,""synergy"":0,""curve"":0.7126136363636361,""creature"":0.37704545454545446,""removal"":0,""duplicate"":-0.15625,""fixing"":0}","{""保存WRを参考にした単体評価"":80,""現在の主色に合う"":63,""主色外のマナ供給が不足"":13,""4マナのクリーチャーを補強"":41,""クリーチャー不足を補う"":31,""スプラッシュ用のマナ供給あり"":4}","[""保存WRを参考にした単体評価"",""現在の主色に合う"",""4マナのクリーチャーを補強"",""クリーチャー不足を補う"",""主色外のマナ供給が不足""]"
"a3fb7228-e76b-4e96-a40e-20b5fed75685","Mountain","496","14","165","0","0","0","1","","not-applicable-14-card-packs","","","","","","","12","12","0","0","0","0","0","0","{""base"":12,""mana"":0,""color"":0,""synergy"":0,""curve"":0,""creature"":0,""removal"":0,""duplicate"":0,""fixing"":0}","{""カード情報からの推定単体評価"":496}","[""カード情報からの推定単体評価""]"
"a49c0c64-ea87-44f4-9acf-e7181962aeb2","Pia, Determined Rebuilder","84","7.869047619047619","28","0","0","0.03571428571428571","0","","not-applicable-14-card-packs","52.898551000000005","52.898551000000005","52.342487999999996","5.5591549","4.3526912","2.3098927190476184","52.898551000000005","50.4","52.898551000000005","0.6034512087819152","0","0.5261363636363634","0","-0.11904761904761904","{""base"":52.89855100000012,""mana"":0,""color"":0.6034512087819152,""synergy"":0,""curve"":0.5261363636363634,""creature"":0.40454545454545465,""removal"":0,""duplicate"":-0.11904761904761904,""fixing"":0}","{""保存WRを参考にした単体評価"":84,""現在の主色に合う"":60,""3マナのクリーチャーを補強"":36,""クリーチャー不足を補う"":37,""主色外のマナ供給が不足"":23}","[""保存WRを参考にした単体評価"",""現在の主色に合う"",""クリーチャー不足を補う"",""3マナのクリーチャーを補強"",""主色外のマナ供給が不足""]"
"a680d1ab-99f2-43d0-b289-5fdba4083d03","Arni, Humble Scribe","77","4.103896103896104","23","0","0","0.6956521739130435","0","","not-applicable-14-card-packs","55.529549","55.529549","54.81727600000001","6.6149803","4.8931789","-2.511084196103896","55.529549","50.7","55.529549","1.6833665936641127","0.1510518035530145","0.5942148760330578","0","-0.06493506493506493","{""base"":55.529548999999946,""mana"":0,""color"":1.6833665936641127,""synergy"":0.1510518035530145,""curve"":0.5942148760330578,""creature"":0.4229043683589139,""removal"":0,""duplicate"":-0.06493506493506493,""fixing"":0}","{""保存WRを参考にした単体評価"":77,""現在の主色に合う"":57,""3マナのクリーチャーを補強"":42,""クリーチャー不足を補う"":27,""アーキタイプ・共通メカニズムと相性が良い"":11,""主色外のマナ供給が不足"":4}","[""保存WRを参考にした単体評価"",""現在の主色に合う"",""3マナのクリーチャーを補強"",""クリーチャー不足を補う"",""アーキタイプ・共通メカニズムと相性が良い""]"
"a82c3860-4dd6-4ffd-aa8f-ab8df687db6c","Last Gasp","230","2.739130434782609","80","27","0.3375","1","0","","not-applicable-14-card-packs","57.787667","57.787667","55.960069999999995","4.4588235","3.5879529","-1.7196930652173914","57.787667","47.4","57.787667","1.2278787879677902","0","0","0.10751976284584977","0","{""base"":57.78766700000009,""mana"":0,""color"":1.2278787879677902,""synergy"":0,""curve"":0,""creature"":0,""removal"":0.10751976284584977,""duplicate"":0,""fixing"":0}","{""保存WRを参考にした単体評価"":230,""現在の主色に合う"":137,""火力・マイナス修整"":160,""主色外のマナ供給が不足"":12}","[""保存WRを参考にした単体評価"",""火力・マイナス修整"",""現在の主色に合う"",""主色外のマナ供給が不足""]"
"a99ce9db-9b7d-45a0-bee7-0875fc62ca48","Loot, the Nexus","76","9.539473684210526","32","0","0","0","0","","not-applicable-14-card-packs","51.081844","51.081844","","6.2948718","4.5437894","3.2446018842105255","51.081844","46.6","51.081844","0.2145705841773163","0","0.196232057416268","0","-0.19736842105263158","{""base"":51.08184399999993,""mana"":0,""color"":0.2145705841773163,""synergy"":0,""curve"":0.196232057416268,""creature"":0.29928229665071765,""removal"":0,""duplicate"":-0.19736842105263158,""fixing"":0}","{""保存WRを参考にした単体評価"":76,""主色外のマナ供給が不足"":23,""現在の主色に合う"":53,""クリーチャー不足を補う"":22,""3マナのクリーチャーを補強"":17}","[""保存WRを参考にした単体評価"",""現在の主色に合う"",""主色外のマナ供給が不足"",""クリーチャー不足を補う"",""3マナのクリーチャーを補強""]"
"a9b3ee21-1af1-4e7e-8e48-d7c90d056f5c","Cryotheory Adept","253","6.446640316205533","94","0","0","0.10638297872340426","0","","not-applicable-14-card-packs","53.372591","53.372591","53.813559","9.898957","6.821773","-3.452316683794466","53.372591","49.300000000000004","53.372591","1.5351214658253944","0","0.537279913762127","0.2134387351778657","0","{""base"":53.37259099999982,""mana"":0,""color"":1.5351214658253944,""synergy"":0,""curve"":0.537279913762127,""creature"":0.41027667984189725,""removal"":0.2134387351778657,""duplicate"":0,""fixing"":0}","{""保存WRを参考にした単体評価"":253,""現在の主色に合う"":221,""タップ"":228,""主色外のマナ供給が不足"":22,""2マナのクリーチャーを補強"":118,""クリーチャー不足を補う"":112}","[""保存WRを参考にした単体評価"",""タップ"",""現在の主色に合う"",""2マナのクリーチャーを補強"",""クリーチャー不足を補う""]"
"a9d0657f-2c5e-4b6f-b8ae-d657cc0f7aef","Tether Technician","250","7.56","71","0","0","0.056338028169014086","0","","not-applicable-14-card-packs","53.307888000000005","53.307888000000005","","11.054444","7.5602683","-3.4944440000000005","53.156399968","52.6","41.899999968","0.9885498754882068","0.3713877643235476","0","0.07175454545454543","0","{""base"":53.15639996800015,""mana"":0,""color"":0.9885498754882068,""synergy"":0.3713877643235476,""curve"":0,""creature"":0.4536000000000003,""removal"":0.07175454545454543,""duplicate"":0,""fixing"":0}","{""保存WRを参考にした単体評価"":250,""現在の主色に合う"":186,""火力・マイナス修整"":187,""スプラッシュ用のマナ供給あり"":15,""アーキタイプ・共通メカニズムと相性が良い"":106,""クリーチャー不足を補う"":115,""主色外のマナ供給が不足"":45}","[""保存WRを参考にした単体評価"",""火力・マイナス修整"",""現在の主色に合う"",""クリーチャー不足を補う"",""アーキタイプ・共通メカニズムと相性が良い""]"
"aa9547b3-e4e4-4557-9dd1-3aa9a7cb9937","Mindseeker Oculus","245","1.6571428571428573","73","53","0.726027397260274","1","0","","not-applicable-14-card-packs","59.215204","59.215204","57.759674000000004","3.7768412","3.2733357","-2.1196983428571423","59.215204","49.1","59.215204","1.512682951671248","0.33011430284950155","0.5437476808905383","0","0","{""base"":59.21520400000008,""mana"":0,""color"":1.512682951671248,""synergy"":0.33011430284950155,""curve"":0.5437476808905383,""creature"":0.515844155844156,""removal"":0,""duplicate"":0,""fixing"":0}","{""保存WRを参考にした単体評価"":245,""現在の主色に合う"":162,""アーキタイプ・共通メカニズムと相性が良い"":79,""3マナのクリーチャーを補強"":99,""クリーチャー不足を補う"":96,""主色外のマナ供給が不足"":10}","[""保存WRを参考にした単体評価"",""現在の主色に合う"",""3マナのクリーチャーを補強"",""クリーチャー不足を補う"",""アーキタイプ・共通メカニズムと相性が良い""]"
"ab56f7cf-9538-45b5-a657-1e2ebef1e92b","Mabel, Valley Hero","79","12.329113924050633","25","0","0","0","0","","not-applicable-14-card-packs","47.730829","47.730829","","8.0687623","5.822054","4.260351624050633","47.322599731","46.6","30.499999731","-6.61486076174945","0","0.07635212888377445","0","-0.0949367088607595","{""base"":47.322599731000054,""mana"":-0.2237934722916579,""color"":-6.61486076174945,""synergy"":0,""curve"":0.07635212888377445,""creature"":0.09321058688147296,""removal"":0,""duplicate"":-0.0949367088607595,""fixing"":0}","{""保存WRを参考にした単体評価"":79,""主色外のマナ供給が不足"":69,""現在の主色に合う"":10,""3マナのクリーチャーを補強"":4,""クリーチャー不足を補う"":7}","[""保存WRを参考にした単体評価"",""主色外のマナ供給が不足"",""現在の主色に合う"",""クリーチャー不足を補う"",""3マナのクリーチャーを補強""]"
"ac0f161a-e5ec-4a95-9f37-305bdf1ac900","Hapatra, the Desert Frost","88","7.420454545454546","26","0","0","0","0","","not-applicable-14-card-packs","52.544133","52.544133","","7.4916388","5.2738289","-0.07118425454545374","52.424100079","49.300000000000004","50.600000079","1.6999036035931454","0","0.6270661157024793","0.22871900826446281","-0.14204545454545456","{""base"":52.424100078999906,""mana"":0,""color"":1.6999036035931454,""synergy"":0,""curve"":0.6270661157024793,""creature"":0.4518595041322315,""removal"":0.22871900826446281,""duplicate"":-0.14204545454545456,""fixing"":0}","{""保存WRを参考にした単体評価"":88,""現在の主色に合う"":80,""4マナのクリーチャーを補強"":45,""クリーチャー不足を補う"":45,""タップ"":80,""主色外のマナ供給が不足"":4,""スプラッシュ用のマナ供給あり"":4}","[""保存WRを参考にした単体評価"",""現在の主色に合う"",""タップ"",""4マナのクリーチャーを補強"",""クリーチャー不足を補う""]"
"acf4abde-4034-4fcf-b531-78c935aecd8c","Traxos, Scourge Eternal","81","8.753086419753087","33","0","0","0","0","","not-applicable-14-card-packs","50.364964","50.364964","","9.7296296","6.4105179","-0.9765431802469138","51.013600272","51.8","27.600000272000003","0","0","0.7735129068462397","0","-0.030864197530864196","{""base"":51.013600272000055,""mana"":0,""color"":0,""synergy"":0,""curve"":0.7735129068462397,""creature"":0.47407407407407426,""removal"":0,""duplicate"":-0.030864197530864196,""fixing"":0}","{""保存WRを参考にした単体評価"":81,""4マナのクリーチャーを補強"":43,""クリーチャー不足を補う"":39}","[""保存WRを参考にした単体評価"",""4マナのクリーチャーを補強"",""クリーチャー不足を補う""]"
"add02a36-8811-438b-a8e1-f5c8a8146b4e","Samut, Hazoret's Champion","53","9.30188679245283","22","0","0","0","0","","not-applicable-14-card-packs","54.302103","54.302103","","3.6081081","3.0649943","5.69377869245283","51.963799869","49.4","28.399999869000002","-0.2415057762592736","0","0.5154373927958833","0","-0.04716981132075472","{""base"":51.963799869000006,""mana"":0,""color"":-0.2415057762592736,""synergy"":0,""curve"":0.5154373927958833,""creature"":0.3077186963979417,""removal"":0,""duplicate"":-0.04716981132075472,""fixing"":0}","{""保存WRを参考にした単体評価"":53,""現在の主色に合う"":34,""2マナのクリーチャーを補強"":20,""クリーチャー不足を補う"":17,""主色外のマナ供給が不足"":19}","[""保存WRを参考にした単体評価"",""現在の主色に合う"",""2マナのクリーチャーを補強"",""主色外のマナ供給が不足"",""クリーチャー不足を補う""]"
"aecc621f-67da-41a7-9d47-05ded302ae35","Karn, Argent Defender","45","10.155555555555555","15","0","0","0","0","","not-applicable-14-card-packs","","","","9","5.8160622","1.155555555555555","49.4","49.4","0","0","0","0.5347474747474747","0","0","{""base"":49.40000000000004,""mana"":0,""color"":0,""synergy"":0,""curve"":0.5347474747474747,""creature"":0.5272727272727272,""removal"":0,""duplicate"":0,""fixing"":0}","{""カード情報からの推定単体評価"":45,""2マナのクリーチャーを補強"":18,""クリーチャー不足を補う"":23}","[""カード情報からの推定単体評価"",""クリーチャー不足を補う"",""2マナのクリーチャーを補強""]"
"afddba56-f9a0-4917-8167-c9fd17ca9954","Solarium Sentry","41","11.658536585365853","12","0","0","0","0","","not-applicable-14-card-packs","51.456311","","","4.5609756","3.6914176","7.0975609853658534","51.192106931","51","21.663106930999998","-5.304546674843335","0","-0.01951219512195121","0","0","{""base"":51.19210693099996,""mana"":-0.23912206129705407,""color"":-5.304546674843335,""synergy"":0,""curve"":-0.01951219512195121,""creature"":0.07317073170731707,""removal"":0,""duplicate"":0,""fixing"":0}","{""カード情報からの推定単体評価"":41,""主色外のマナ供給が不足"":35,""現在の主色に合う"":6,""クリーチャー不足を補う"":3,""2マナのクリーチャーを補強"":2}","[""カード情報からの推定単体評価"",""主色外のマナ供給が不足"",""現在の主色に合う"",""クリーチャー不足を補う"",""2マナのクリーチャーを補強""]"
"aff4e43d-cafa-47de-8e39-011f9254a26a","Marwyn, the Clearcutter","67","7.865671641791045","20","0","0","0.2","0","","not-applicable-14-card-packs","53.609154999999994","53.609154999999994","","8.2760116","5.8576066","-0.4103399582089553","53.609154999999994","52.3","53.609154999999994","0.5534270557906888","0.04329366188348689","0","0","-0.14925373134328357","{""base"":53.609155000000065,""mana"":0,""color"":0.5534270557906888,""synergy"":0.04329366188348689,""curve"":0,""creature"":0.4388059701492536,""removal"":0,""duplicate"":-0.14925373134328357,""fixing"":0}","{""保存WRを参考にした単体評価"":67,""現在の主色に合う"":47,""クリーチャー不足を補う"":28,""主色外のマナ供給が不足"":16,""アーキタイプ・共通メカニズムと相性が良い"":3}","[""保存WRを参考にした単体評価"",""現在の主色に合う"",""クリーチャー不足を補う"",""主色外のマナ供給が不足"",""アーキタイプ・共通メカニズムと相性が良い""]"
"b2c6aa39-2d2a-459c-a555-fb48ba993373","Island","463","14","150","0","0","0","1","","not-applicable-14-card-packs","","","","","","","12","12","0","0","0","0","0","0","{""base"":12,""mana"":0,""color"":0,""synergy"":0,""curve"":0,""creature"":0,""removal"":0,""duplicate"":0,""fixing"":0}","{""カード情報からの推定単体評価"":463}","[""カード情報からの推定単体評価""]"
"b34bb2dc-c1af-4d77-b0b3-a0fb342a5fc6","Forest","489","14","165","0","0","0","1","","not-applicable-14-card-packs","","","","","","","12","12","0","0","0","0","0","0","{""base"":12,""mana"":0,""color"":0,""synergy"":0,""curve"":0,""creature"":0,""removal"":0,""duplicate"":0,""fixing"":0}","{""カード情報からの推定単体評価"":489}","[""カード情報からの推定単体評価""]"
"b4f89885-eeb9-46c7-9820-9758b624ca24","Tethermage's Advantage","213","11.755868544600938","70","0","0","0","0","","not-applicable-14-card-packs","50.517241","","","12.181891","8.4406187","-0.42602245539906214","45.661896455000004","44","12.881896455","-0.62821310514725","0","0","0","-0.02112676056338028","{""base"":45.661896454999855,""mana"":0,""color"":-0.62821310514725,""synergy"":0,""curve"":0,""creature"":0,""removal"":0,""duplicate"":-0.02112676056338028,""fixing"":0}","{""カード情報からの推定単体評価"":213,""主色外のマナ供給が不足"":88,""現在の主色に合う"":125}","[""カード情報からの推定単体評価"",""現在の主色に合う"",""主色外のマナ供給が不足""]"
"b5918fb0-c33f-4e33-ac6d-8f94723d4296","Vinelasher Adept","229","5.681222707423581","80","0","0","0.5875","0","","not-applicable-14-card-packs","55.378267","55.378267","52.176966","7.479408","5.2961654","-1.7981852925764192","55.378267","43","55.378267","0.6993643488780028","0.17767329801045897","-0.09479952362048431","0","-0.2096069868995633","{""base"":55.378267000000044,""mana"":0,""color"":0.6993643488780028,""synergy"":0.17767329801045897,""curve"":-0.09479952362048431,""creature"":0.38300913060738423,""removal"":0,""duplicate"":-0.2096069868995633,""fixing"":0}","{""保存WRを参考にした単体評価"":229,""主色外のマナ供給が不足"":49,""現在の主色に合う"":133,""クリーチャー不足を補う"":87,""アーキタイプ・共通メカニズムと相性が良い"":43}","[""保存WRを参考にした単体評価"",""現在の主色に合う"",""クリーチャー不足を補う"",""主色外のマナ供給が不足"",""アーキタイプ・共通メカニズムと相性が良い""]"
"b5dce42a-a769-4d7d-b29e-8722f79d4092","Kindred Judgment","35","2.8","12","3","0.25","1","0","","not-applicable-14-card-packs","59.095802","59.095802","","2.9268293","2.8983516","-0.12682930000000026","57.981400058","43.4","54.900000058","1.0875112499620807","0.5162184375429651","-0.1683116883116883","0","-0.06857142857142857","{""base"":57.98140005799998,""mana"":0,""color"":1.0875112499620807,""synergy"":0.5162184375429651,""curve"":-0.1683116883116883,""creature"":0,""removal"":0,""duplicate"":-0.06857142857142857,""fixing"":0}","{""保存WRを参考にした単体評価"":35,""現在の主色に合う"":21,""アーキタイプ・共通メカニズムと相性が良い"":15,""主色外のマナ供給が不足"":2}","[""保存WRを参考にした単体評価"",""現在の主色に合う"",""アーキタイプ・共通メカニズムと相性が良い"",""主色外のマナ供給が不足""]"
"b6b77cb9-49a5-4d1a-ae2d-02ae176dc1fa","Greenhouse Propagator","239","5.924686192468619","79","0","0","0.3670886075949367","0","","not-applicable-14-card-packs","54.602076","54.602076","55.213674999999995","6.1128122","4.410118","-0.18812600753138042","54.602076","48.2","54.602076","1.0125818490612821","0","0.4493343476607075","0","0","{""base"":54.60207599999976,""mana"":0,""color"":1.0125818490612821,""synergy"":0,""curve"":0.4493343476607075,""creature"":0.4041841004184101,""removal"":0,""duplicate"":0,""fixing"":0}","{""保存WRを参考にした単体評価"":239,""主色外のマナ供給が不足"":47,""現在の主色に合う"":162,""3マナのクリーチャーを補強"":103,""クリーチャー不足を補う"":104}","[""保存WRを参考にした単体評価"",""現在の主色に合う"",""クリーチャー不足を補う"",""3マナのクリーチャーを補強"",""主色外のマナ供給が不足""]"
"b7040175-7411-43a8-9b46-dba1d7c2135d","Bloombrute","90","6.5777777777777775","30","0","0","0.9","0","","not-applicable-14-card-packs","57.31707299999999","57.31707299999999","","4.7271062","3.8691427","1.8506715777777778","57.31707299999999","54.5","57.31707299999999","-4.032606162629211","0","0.11808080808080808","0","-0.016666666666666666","{""base"":57.31707300000007,""mana"":-0.32417910843612885,""color"":-4.032606162629211,""synergy"":0,""curve"":0.11808080808080808,""creature"":0.10181818181818182,""removal"":0,""duplicate"":-0.016666666666666666,""fixing"":0}","{""保存WRを参考にした単体評価"":90,""主色外のマナ供給が不足"":27,""スプラッシュ用のマナ供給あり"":20,""現在の主色に合う"":15,""4マナのクリーチャーを補強"":10,""クリーチャー不足を補う"":9}","[""保存WRを参考にした単体評価"",""主色外のマナ供給が不足"",""スプラッシュ用のマナ供給あり"",""現在の主色に合う"",""4マナのクリーチャーを補強""]"
"b73e35b0-b8c9-471a-bdff-f7dc8f453d7a","Recursive Recruitment","84","2.9047619047619047","23","23","1","1","0","","not-applicable-14-card-packs","62.324049","62.324049","61.386986","3.7270451","3.3742353","-0.8222831952380956","62.324049","43","62.324049","-0.8710868868564067","-0.14734941641707838","0","0","0","{""base"":62.32404899999992,""mana"":-0.3772021288838082,""color"":-0.8710868868564067,""synergy"":-0.14734941641707838,""curve"":0,""creature"":0,""removal"":0,""duplicate"":0,""fixing"":0}","{""保存WRを参考にした単体評価"":84,""現在の主色に合う"":27,""スプラッシュ用のマナ供給あり"":14,""主色外のマナ供給が不足"":19}","[""保存WRを参考にした単体評価"",""現在の主色に合う"",""主色外のマナ供給が不足"",""スプラッシュ用のマナ供給あり""]"
"b775a404-ec0a-47ff-bb9d-eae2273d945b","Repurposed Enforcer","36","2.3055555555555554","5","2","0.4","1","0","","not-applicable-14-card-packs","60.202605","60.202605","","1.7580645","1.8450704","0.5474910555555554","57.884300055","52.699999999999996","41.600000054999995","1.2489867094982061","0.3389514049065627","0.5866161616161618","0","0","{""base"":57.884300055000026,""mana"":0,""color"":1.2489867094982061,""synergy"":0.3389514049065627,""curve"":0.5866161616161618,""creature"":0.5757575757575757,""removal"":0,""duplicate"":0,""fixing"":0}","{""保存WRを参考にした単体評価"":36,""現在の主色に合う"":29,""2マナのクリーチャーを補強"":17,""クリーチャー不足を補う"":17,""アーキタイプ・共通メカニズムと相性が良い"":13,""主色外のマナ供給が不足"":2}","[""保存WRを参考にした単体評価"",""現在の主色に合う"",""2マナのクリーチャーを補強"",""クリーチャー不足を補う"",""アーキタイプ・共通メカニズムと相性が良い""]"
"b796ecc8-a2e8-4ab9-8736-6825b650434d","Entrust the Spark","31","12.741935483870968","12","0","0","0","0","","not-applicable-14-card-packs","","","","10.293436","6.736168","2.448499483870968","43.4","43.4","0","-5.194671729600748","0.08595846945652248","0","0","0","{""base"":43.40000000000001,""mana"":-0.23052982236854927,""color"":-5.194671729600748,""synergy"":0.08595846945652248,""curve"":0,""creature"":0,""removal"":0,""duplicate"":0,""fixing"":0}","{""カード情報からの推定単体評価"":31,""スプラッシュ用のマナ供給あり"":4,""主色外のマナ供給が不足"":18,""現在の主色に合う"":9,""アーキタイプ・共通メカニズムと相性が良い"":3}","[""カード情報からの推定単体評価"",""主色外のマナ供給が不足"",""現在の主色に合う"",""スプラッシュ用のマナ供給あり"",""アーキタイプ・共通メカニズムと相性が良い""]"
"b97648b7-ae98-45c9-8f0f-a52d6faf2d2d","Surveillance Phantasm","242","2.822314049586777","80","7","0.0875","0.9375","0","","not-applicable-14-card-packs","56.863406000000005","56.863406000000005","53.243633","5.8374939","4.5957269","-3.0151798504132232","56.863406000000005","51.8","56.863406000000005","1.5081622511602797","0.269280616719546","0.6216942148760332","0","0","{""base"":56.86340600000027,""mana"":0,""color"":1.5081622511602797,""synergy"":0.269280616719546,""curve"":0.6216942148760332,""creature"":0.4555221637866266,""removal"":0,""duplicate"":0,""fixing"":0}","{""保存WRを参考にした単体評価"":242,""現在の主色に合う"":164,""2マナのクリーチャーを補強"":123,""アーキタイプ・共通メカニズムと相性が良い"":67,""クリーチャー不足を補う"":88,""主色外のマナ供給が不足"":3}","[""保存WRを参考にした単体評価"",""現在の主色に合う"",""2マナのクリーチャーを補強"",""クリーチャー不足を補う"",""アーキタイプ・共通メカニズムと相性が良い""]"
"bad2e3b2-ad47-4e17-b35e-0fcc13e82937","Konstrari Improviser // Soul Tether","230","9.182608695652174","74","0","0","0.17567567567567569","0","","not-applicable-14-card-packs","54.521118","54.521118","55.988456","6.181362","4.4258456","3.001246695652174","54.521118","49","54.521118","-4.0600320716829525","0","0.12747035573122528","0","0","{""base"":54.52111800000011,""mana"":-0.27820486480802276,""color"":-4.0600320716829525,""synergy"":0,""curve"":0.12747035573122528,""creature"":0.12023715415019763,""removal"":0,""duplicate"":0,""fixing"":0}","{""保存WRを参考にした単体評価"":230,""主色外のマナ供給が不足"":161,""現在の主色に合う"":55,""2マナのクリーチャーを補強"":29,""クリーチャー不足を補う"":29}","[""保存WRを参考にした単体評価"",""主色外のマナ供給が不足"",""現在の主色に合う"",""2マナのクリーチャーを補強"",""クリーチャー不足を補う""]"
"bb3996b6-b68d-4ea1-b3dd-1600f8da2f1c","Fateshaper Aspirant","232","9.474137931034482","78","0","0","0","0","","not-applicable-14-card-packs","50.639659","50.639659","","10.463668","7.022174","-0.989530068965518","50.544200142","49.1","47.500000142","0.5206785266706001","0","0","0","0","{""base"":50.544200141999816,""mana"":0,""color"":0.5206785266706001,""synergy"":0,""curve"":0,""creature"":0.39451410658307223,""removal"":0,""duplicate"":0,""fixing"":0}","{""保存WRを参考にした単体評価"":232,""現在の主色に合う"":166,""クリーチャー不足を補う"":96,""主色外のマナ供給が不足"":49,""スプラッシュ用のマナ供給あり"":16}","[""保存WRを参考にした単体評価"",""現在の主色に合う"",""クリーチャー不足を補う"",""主色外のマナ供給が不足"",""スプラッシュ用のマナ供給あり""]"
"bc00f29a-e9d2-4b86-bb22-33b686ac4365","Bestial Incursion","248","4.088709677419355","87","6","0.06896551724137931","0.9080459770114943","0","","not-applicable-14-card-packs","56.58955","56.58955","53.813856","6.3408551","4.7489268","-2.2521454225806448","56.58955","43","56.58955","1.099488403247657","0","0","0","0","{""base"":56.58955000000017,""mana"":0,""color"":1.099488403247657,""synergy"":0,""curve"":0,""creature"":0,""removal"":0,""duplicate"":0,""fixing"":0}","{""保存WRを参考にした単体評価"":248,""スプラッシュ用のマナ供給あり"":10,""現在の主色に合う"":148,""主色外のマナ供給が不足"":11}","[""保存WRを参考にした単体評価"",""現在の主色に合う"",""主色外のマナ供給が不足"",""スプラッシュ用のマナ供給あり""]"
"bc71ebf6-2056-41f7-be35-b2e5c34afa99","Plains","456","14","141","0","0","0","1","","not-applicable-14-card-packs","","","","","","","12","12","0","0","0","0","0","0","{""base"":12,""mana"":0,""color"":0,""synergy"":0,""curve"":0,""creature"":0,""removal"":0,""duplicate"":0,""fixing"":0}","{""カード情報からの推定単体評価"":456}","[""カード情報からの推定単体評価""]"
"bcf29dd7-6d5a-4139-958e-7c59434c0770","Cast Away Doubt","233","8.798283261802576","82","0","0","0","0","","not-applicable-14-card-packs","51.889401","51.889401","","10.527341","7.1631311","-1.7290577381974241","51.889401","45.5","51.889401","0.7554171972188992","0","0","0","0","{""base"":51.88940100000021,""mana"":0,""color"":0.7554171972188992,""synergy"":0,""curve"":0,""creature"":0,""removal"":0,""duplicate"":0,""fixing"":0}","{""保存WRを参考にした単体評価"":233,""現在の主色に合う"":174,""主色外のマナ供給が不足"":59}","[""保存WRを参考にした単体評価"",""現在の主色に合う"",""主色外のマナ供給が不足""]"
"bd416426-d037-45e3-9647-816bf982cbea","Vigorbloom Vanguard // Seed Suture","77","6.883116883116883","23","2","0.08695652173913043","0.9565217391304348","0","","not-applicable-14-card-packs","56.853104","56.853104","57.054263999999996","4.5206612","3.408559","2.362455683116883","56.853104","49","56.853104","-3.157429166501","0","0.18955135773317594","0","0","{""base"":56.85310399999991,""mana"":-0.3100281382865091,""color"":-3.157429166501,""synergy"":0,""curve"":0.18955135773317594,""creature"":0.18842975206611565,""removal"":0,""duplicate"":0,""fixing"":0}","{""保存WRを参考にした単体評価"":77,""主色外のマナ供給が不足"":34,""現在の主色に合う"":20,""クリーチャー不足を補う"":16,""2マナのクリーチャーを補強"":15}","[""保存WRを参考にした単体評価"",""主色外のマナ供給が不足"",""現在の主色に合う"",""クリーチャー不足を補う"",""2マナのクリーチャーを補強""]"
"bda098cb-31ec-41a1-a9d7-122877cc69d2","Ingris Stingerquill","15","10.533333333333333","4","0","0","0","0","","not-applicable-14-card-packs","53.10834800000001","","","","2.2189542","","51.354003520000006","50.800000000000004","12.74600352","-2.5706190161930693","0","0.19090909090909092","0","0","{""base"":51.35400352,""mana"":-0.6115079746336602,""color"":-2.5706190161930693,""synergy"":0,""curve"":0.19090909090909092,""creature"":0.2909090909090909,""removal"":0,""duplicate"":0,""fixing"":0}","{""カード情報からの推定単体評価"":15,""現在の主色に合う"":6,""クリーチャー不足を補う"":5,""主色外のマナ供給が不足"":9,""3マナのクリーチャーを補強"":2}","[""カード情報からの推定単体評価"",""主色外のマナ供給が不足"",""現在の主色に合う"",""クリーチャー不足を補う"",""3マナのクリーチャーを補強""]"
"bf0e9e00-fba5-448a-9052-ae730aea4bf8","Jace, Reality Sculptor","44","3.272727272727273","17","1","0.058823529411764705","1","0","","not-applicable-14-card-packs","58.333332999999996","58.333332999999996","","1.8125","1.7550111","1.460227272727273","56.900799711999994","47.8","50.399999711999996","1.3126371585398278","0","0","0.22407024793388433","-0.056818181818181816","{""base"":56.90079971200003,""mana"":0,""color"":1.3126371585398278,""synergy"":0,""curve"":0,""creature"":0,""removal"":0.22407024793388433,""duplicate"":-0.056818181818181816,""fixing"":0}","{""保存WRを参考にした単体評価"":44,""火力・マイナス修整"":35,""現在の主色に合う"":26,""主色外のマナ供給が不足"":1}","[""保存WRを参考にした単体評価"",""火力・マイナス修整"",""現在の主色に合う"",""主色外のマナ供給が不足""]"
"c00a0be5-d9a9-4263-a87e-7bf2d128ab3a","Yoshimaru, Beloved Companion","77","9.311688311688311","19","0","0","0","0","","not-applicable-14-card-packs","51.40306100000001","51.40306100000001","","6.9245283","4.8702659","2.3871600116883105","50.53839982400001","47.4","40.29999982400001","0.7285910545309724","0","0.48707201889020063","0","-0.032467532467532464","{""base"":50.53839982399997,""mana"":0,""color"":0.7285910545309724,""synergy"":0,""curve"":0.48707201889020063,""creature"":0.505076741440378,""removal"":0,""duplicate"":-0.032467532467532464,""fixing"":0}","{""保存WRを参考にした単体評価"":77,""現在の主色に合う"":55,""クリーチャー不足を補う"":40,""3マナのクリーチャーを補強"":31,""主色外のマナ供給が不足"":21}","[""保存WRを参考にした単体評価"",""現在の主色に合う"",""クリーチャー不足を補う"",""3マナのクリーチャーを補強"",""主色外のマナ供給が不足""]"
"c04197ad-d2f3-499f-b863-bed0c869519c","The Echoverse Fulcrum","13","9.538461538461538","3","0","0","0","0","","not-applicable-14-card-packs","56.410256000000004","","","","1.8317757","","50.471548544","46.1","23.917948544","0","0.20564578969548358","0","0","0","{""base"":50.471548544000015,""mana"":0,""color"":0,""synergy"":0.20564578969548358,""curve"":0,""creature"":0,""removal"":0,""duplicate"":0,""fixing"":0}","{""カード情報からの推定単体評価"":13,""アーキタイプ・共通メカニズムと相性が良い"":3}","[""カード情報からの推定単体評価"",""アーキタイプ・共通メカニズムと相性が良い""]"
"c1994d6a-984d-4b75-9198-1f1822eab6eb","Wrath of the Bloodmane","243","5.962962962962963","70","2","0.02857142857142857","0.5857142857142857","0","","not-applicable-14-card-packs","55.233453","55.233453","51.143451","5.0147453","3.8818011","0.9482176629629624","55.233453","47.4","55.233453","0.9703876536580369","0","0","0.05572390572390573","0","{""base"":55.23345300000021,""mana"":0,""color"":0.9703876536580369,""synergy"":0,""curve"":0,""creature"":0,""removal"":0.05572390572390573,""duplicate"":0,""fixing"":0}","{""保存WRを参考にした単体評価"":243,""現在の主色に合う"":157,""火力・マイナス修整"":165,""主色外のマナ供給が不足"":45}","[""保存WRを参考にした単体評価"",""火力・マイナス修整"",""現在の主色に合う"",""主色外のマナ供給が不足""]"
"c1a9d60f-a469-48f9-8f1c-3ca5ae86bd64","Campus Crier","236","5.5974576271186445","75","0","0","0.3333333333333333","0","","not-applicable-14-card-packs","54.562383999999994","54.562383999999994","53.463855","7.5366943","5.5084189","-1.9392366728813553","54.562383999999994","51.5","54.562383999999994","1.2865200615600823","0.3599842262405258","0.5843412942989213","0","0","{""base"":54.5623840000002,""mana"":0,""color"":1.2865200615600823,""synergy"":0.3599842262405258,""curve"":0.5843412942989213,""creature"":0.4835130970724194,""removal"":0,""duplicate"":0,""fixing"":0}","{""保存WRを参考にした単体評価"":236,""現在の主色に合う"":172,""2マナのクリーチャーを補強"":116,""クリーチャー不足を補う"":114,""アーキタイプ・共通メカニズムと相性が良い"":93,""主色外のマナ供給が不足"":39}","[""保存WRを参考にした単体評価"",""現在の主色に合う"",""2マナのクリーチャーを補強"",""クリーチャー不足を補う"",""アーキタイプ・共通メカニズムと相性が良い""]"
"c21fafaf-4510-4752-a501-606ae68e6699","Primal Witchstalker","74","5.608108108108108","18","13","0.7222222222222222","1","0","","not-applicable-14-card-packs","59.344423","59.344423","59.852216999999996","6.2395515","5.2863944","-0.6314433918918922","59.344423","48.6","59.344423","-2.3389750504658235","0","0.19527027027027027","0","0","{""base"":59.34442299999997,""mana"":-0.3041380851234998,""color"":-2.3389750504658235,""synergy"":0,""curve"":0.19527027027027027,""creature"":0.20933660933660933,""removal"":0,""duplicate"":0,""fixing"":0}","{""保存WRを参考にした単体評価"":74,""主色外のマナ供給が不足"":32,""現在の主色に合う"":24,""3マナのクリーチャーを補強"":15,""クリーチャー不足を補う"":13}","[""保存WRを参考にした単体評価"",""主色外のマナ供給が不足"",""現在の主色に合う"",""3マナのクリーチャーを補強"",""クリーチャー不足を補う""]"
"c251b676-0e98-4047-bed1-d72c83aa8da0","Precise Redaction","76","10.736842105263158","21","0","0","0","0","","not-applicable-14-card-packs","","","","12.358162","8.5394885","-1.6213198947368426","45.42","45.42","0","2.275473453961174","0","0","0.24599282296650712","0","{""base"":45.420000000000044,""mana"":0,""color"":2.275473453961174,""synergy"":0,""curve"":0,""creature"":0,""removal"":0.24599282296650712,""duplicate"":0,""fixing"":0}","{""カード情報からの推定単体評価"":76,""主色外のマナ供給が不足"":4,""現在の主色に合う"":72,""バウンス・打ち消し"":72}","[""カード情報からの推定単体評価"",""現在の主色に合う"",""バウンス・打ち消し"",""主色外のマナ供給が不足""]"
"c3936db3-d3b6-4a92-9773-6f3c52dc419d","Seasoned Cryomancer","16","6.9375","2","0","0","0","0","","not-applicable-14-card-packs","53.609467","","","","1.6181818","","51.90547908400001","50.5","24.231479084","2.9039667637671873","0.47169587171426985","0.20795454545454545","0","0","{""base"":51.90547908400003,""mana"":0,""color"":2.9039667637671873,""synergy"":0.47169587171426985,""curve"":0.20795454545454545,""creature"":0.6886363636363635,""removal"":0,""duplicate"":0,""fixing"":0}","{""カード情報からの推定単体評価"":16,""現在の主色に合う"":16,""アーキタイプ・共通メカニズムと相性が良い"":9,""3マナのクリーチャーを補強"":7,""クリーチャー不足を補う"":11}","[""カード情報からの推定単体評価"",""現在の主色に合う"",""クリーチャー不足を補う"",""アーキタイプ・共通メカニズムと相性が良い"",""3マナのクリーチャーを補強""]"
"c3dfa1e2-6785-49a0-a194-fb842a8eb63c","Chandra, Chill of Compliance","20","7.55","5","0","0","0","0","","not-applicable-14-card-packs","56.840796000000005","","","","1.9036145","","50.71854228000001","46.1","24.44154228","2.4174891934240526","0.504749195665234","0","0","0","{""base"":50.71854228000003,""mana"":0,""color"":2.4174891934240526,""synergy"":0.504749195665234,""curve"":0,""creature"":0,""removal"":0,""duplicate"":0,""fixing"":0}","{""カード情報からの推定単体評価"":20,""現在の主色に合う"":20,""アーキタイプ・共通メカニズムと相性が良い"":13}","[""カード情報からの推定単体評価"",""現在の主色に合う"",""アーキタイプ・共通メカニズムと相性が良い""]"
"c612ba0a-5134-45fa-a762-f4621bda4f83","Proctor of Potential","38","5.421052631578948","15","1","0.06666666666666667","0.6666666666666666","0","","not-applicable-14-card-packs","58.333332999999996","58.333332999999996","","2.9390244","3.0045924","2.4820282315789477","56.475199736","49.4","46.199999736","-0.4978310543645265","0.2721973985909699","0.28875598086124404","0","0","{""base"":56.47519973599997,""mana"":-0.3312688677853566,""color"":-0.4978310543645265,""synergy"":0.2721973985909699,""curve"":0.28875598086124404,""creature"":0.2325358851674641,""removal"":0,""duplicate"":0,""fixing"":0}","{""保存WRを参考にした単体評価"":38,""主色外のマナ供給が不足"":10,""現在の主色に合う"":18,""アーキタイプ・共通メカニズムと相性が良い"":12,""2マナのクリーチャーを補強"":12,""クリーチャー不足を補う"":9}","[""保存WRを参考にした単体評価"",""現在の主色に合う"",""アーキタイプ・共通メカニズムと相性が良い"",""2マナのクリーチャーを補強"",""主色外のマナ供給が不足""]"
"c6e87760-4cd0-4281-82d4-7a377ea960ad","Roiling Canopy","42","11.738095238095237","14","0","0","0","0","","not-applicable-14-card-packs","","","","","5.3290018","","45.4","45.4","0","0","0","0","0","0","{""base"":45.400000000000034,""mana"":0,""color"":0,""synergy"":0,""curve"":0,""creature"":0,""removal"":0,""duplicate"":0,""fixing"":0}","{""カード情報からの推定単体評価"":42}","[""カード情報からの推定単体評価""]"
"c87da757-3daa-4874-a1e4-be0aa2adcb28","Yoshimaru, Scrappy Stray","79","4.329113924050633","17","0","0","0.7058823529411765","0","","not-applicable-14-card-packs","55.713219","55.713219","51.356239","5.5420875","4.1434029","-1.2129735759493672","55.713219","50.699999999999996","55.713219","0.9357630981819292","0","0.5548906789413118","0.15017261219792868","-0.06329113924050633","{""base"":55.7132190000001,""mana"":0,""color"":0.9357630981819292,""synergy"":0,""curve"":0.5548906789413118,""creature"":0.49643268124280804,""removal"":0.15017261219792868,""duplicate"":-0.06329113924050633,""fixing"":0}","{""保存WRを参考にした単体評価"":79,""主色外のマナ供給が不足"":8,""現在の主色に合う"":59,""条件付き除去"":59,""2マナのクリーチャーを補強"":38,""クリーチャー不足を補う"":37}","[""保存WRを参考にした単体評価"",""現在の主色に合う"",""条件付き除去"",""2マナのクリーチャーを補強"",""クリーチャー不足を補う""]"
"c8b3a070-408e-4a8f-8597-6476eeec0a5f","Heartwood Crafter // Soul Tether","76","4.302631578947368","28","0","0","0.8214285714285714","0","","not-applicable-14-card-packs","56.107306","56.107306","60.352423","4.220339","3.5195174","0.08229257894736808","56.107306","49","56.107306","1.107706892488484","0","0","0","0","{""base"":56.107305999999966,""mana"":0,""color"":1.107706892488484,""synergy"":0,""curve"":0,""creature"":0.37105263157894736,""removal"":0,""duplicate"":0,""fixing"":0}","{""保存WRを参考にした単体評価"":76,""現在の主色に合う"":47,""クリーチャー不足を補う"":24,""主色外のマナ供給が不足"":6}","[""保存WRを参考にした単体評価"",""現在の主色に合う"",""クリーチャー不足を補う"",""主色外のマナ供給が不足""]"
"c8e9a7e1-28ae-40e3-8715-1bb0aa2057c7","Bloodline Recollector // Ancestral Craving","12","9.833333333333334","4","0","0","0","0","","not-applicable-14-card-packs","","","","","3.2364341","","49.6","49.6","0","0.6058028061252109","0","0.12121212121212122","0","0","{""base"":49.600000000000016,""mana"":0,""color"":0.6058028061252109,""synergy"":0,""curve"":0.12121212121212122,""creature"":0.23636363636363636,""removal"":0,""duplicate"":0,""fixing"":0}","{""カード情報からの推定単体評価"":12,""現在の主色に合う"":9,""クリーチャー不足を補う"":3,""主色外のマナ供給が不足"":3,""2マナのクリーチャーを補強"":2}","[""カード情報からの推定単体評価"",""現在の主色に合う"",""クリーチャー不足を補う"",""主色外のマナ供給が不足"",""2マナのクリーチャーを補強""]"
"c8f08704-7330-4fa9-b456-2e96aa252a2c","Gideon's Memorial","33","11.242424242424242","9","0","0","0","0","","not-applicable-14-card-packs","46.275072","","","","3.8655022","","47.315072896","47.8","14.715472896000001","0.19857147104698425","0.26923546276697674","0","0.14442148760330578","-0.07575757575757576","{""base"":47.31507289599997,""mana"":0,""color"":0.19857147104698425,""synergy"":0.26923546276697674,""curve"":0,""creature"":0,""removal"":0.14442148760330578,""duplicate"":-0.07575757575757576,""fixing"":0}","{""カード情報からの推定単体評価"":33,""現在の主色に合う"":21,""アーキタイプ・共通メカニズムと相性が良い"":10,""火力・マイナス修整"":21,""主色外のマナ供給が不足"":12}","[""カード情報からの推定単体評価"",""現在の主色に合う"",""火力・マイナス修整"",""主色外のマナ供給が不足"",""アーキタイプ・共通メカニズムと相性が良い""]"
"c8f802ad-4621-4f71-b52d-fbc55853dc88","Eye of Jace","74","11.121621621621621","30","0","0","0","0","","not-applicable-14-card-packs","50.947368000000004","","","9.8052434","6.5594039","1.3163782216216209","46.480947184","43","22.314947184","0","0.5639554395239925","0","0","0","{""base"":46.48094718399992,""mana"":0,""color"":0,""synergy"":0.5639554395239925,""curve"":0,""creature"":0,""removal"":0,""duplicate"":0,""fixing"":0}","{""カード情報からの推定単体評価"":74,""アーキタイプ・共通メカニズムと相性が良い"":37}","[""カード情報からの推定単体評価"",""アーキタイプ・共通メカニズムと相性が良い""]"
"c92c7744-0c92-4a36-9ada-4ffca812009e","Tam, the Possibility","35","11.542857142857143","16","0","0","0","0","","not-applicable-14-card-packs","","","","10.178707","6.6348342","1.3641501428571434","49.4","49.4","0","-2.665194366710464","0","0.19324675324675322","0","0","{""base"":49.40000000000003,""mana"":-0.2858902312427324,""color"":-2.665194366710464,""synergy"":0,""curve"":0.19324675324675322,""creature"":0.16987012987012987,""removal"":0,""duplicate"":0,""fixing"":0}","{""カード情報からの推定単体評価"":35,""現在の主色に合う"":17,""3マナのクリーチャーを補強"":5,""クリーチャー不足を補う"":6,""主色外のマナ供給が不足"":18}","[""カード情報からの推定単体評価"",""主色外のマナ供給が不足"",""現在の主色に合う"",""クリーチャー不足を補う"",""3マナのクリーチャーを補強""]"
"cab2bc93-f38b-4301-ac42-05765615586b","Edgar, Ancient Bloodlord","77","10.61038961038961","31","0","0","0","0","","not-applicable-14-card-packs","51.609553","","","9.7369369","6.6064315","0.8734527103896106","51.715441532","51.8","22.914641532","-3.7926068500619663","0.020532576268333973","0.2273907910271547","0","-0.12987012987012986","{""base"":51.715441532000085,""mana"":-0.2798183216862865,""color"":-3.7926068500619663,""synergy"":0.020532576268333973,""curve"":0.2273907910271547,""creature"":0.11617473435655254,""removal"":0,""duplicate"":-0.12987012987012986,""fixing"":0}","{""カード情報からの推定単体評価"":77,""主色外のマナ供給が不足"":60,""現在の主色に合う"":17,""2マナのクリーチャーを補強"":13,""クリーチャー不足を補う"":9,""アーキタイプ・共通メカニズムと相性が良い"":2}","[""カード情報からの推定単体評価"",""主色外のマナ供給が不足"",""現在の主色に合う"",""2マナのクリーチャーを補強"",""クリーチャー不足を補う""]"
"cad63b31-667b-4518-bc49-be4ffb82bc63","Vraska, Soul of Stone","44","12.318181818181818","11","0","0","0","0","","not-applicable-14-card-packs","52.380952","","","6.8076923","4.7894737","5.510489518181818","50.24957132","49.4","14.92857132","-10.320637318785396","0","0","0","0","{""base"":50.24957132000004,""mana"":-0.7748072692825025,""color"":-10.320637318785396,""synergy"":0,""curve"":0,""creature"":0,""removal"":0,""duplicate"":0,""fixing"":0}","{""カード情報からの推定単体評価"":44,""主色外のマナ供給が不足"":44}","[""カード情報からの推定単体評価"",""主色外のマナ供給が不足""]"
"cb1e697f-6689-4f0b-8725-61d51432b8dd","Restore with Empathy","85","7.788235294117647","22","0","0","0.09090909090909091","0","","not-applicable-14-card-packs","53.947368","53.947368","","7.8674699","5.7386836","-0.07923460588235276","53.947368","45.5","53.947368","0.7729289082727812","0","0","0","0","{""base"":53.94736800000006,""mana"":0,""color"":0.7729289082727812,""synergy"":0,""curve"":0,""creature"":0,""removal"":0,""duplicate"":0,""fixing"":0}","{""保存WRを参考にした単体評価"":85,""主色外のマナ供給が不足"":18,""現在の主色に合う"":65}","[""保存WRを参考にした単体評価"",""現在の主色に合う"",""主色外のマナ供給が不足""]"
"cb27dc83-85ee-4f54-b032-41cd1806d3ac","Way of the Healer","75","4.48","27","1","0.037037037037037035","0.8518518518518519","0","","not-applicable-14-card-packs","56.764853","56.764853","56.634747","3.6490566","3.2271987","0.8309434000000002","56.764853","45.5","56.764853","1.1932066086927127","0.2723075180147548","0","0","-0.1","{""base"":56.76485300000002,""mana"":0,""color"":1.1932066086927127,""synergy"":0.2723075180147548,""curve"":0,""creature"":0,""removal"":0,""duplicate"":-0.1,""fixing"":0}","{""保存WRを参考にした単体評価"":75,""現在の主色に合う"":46,""アーキタイプ・共通メカニズムと相性が良い"":23,""主色外のマナ供給が不足"":4,""スプラッシュ用のマナ供給あり"":2}","[""保存WRを参考にした単体評価"",""現在の主色に合う"",""アーキタイプ・共通メカニズムと相性が良い"",""主色外のマナ供給が不足"",""スプラッシュ用のマナ供給あり""]"
"cd61c26b-8d3c-4730-92f2-0d94d961bafd","Blossom-Blessed Angel // Seed Suture","235","5.812765957446809","72","0","0","0.4027777777777778","0","","not-applicable-14-card-packs","54.711467999999996","54.711467999999996","51.376147","7.1391881","4.9695561","-1.3264221425531915","54.711467999999996","49.4","54.711467999999996","0.9784862104924938","0","0.6724564796905224","0","0","{""base"":54.71146799999995,""mana"":0,""color"":0.9784862104924938,""synergy"":0,""curve"":0.6724564796905224,""creature"":0.44982591876208927,""removal"":0,""duplicate"":0,""fixing"":0}","{""保存WRを参考にした単体評価"":235,""主色外のマナ供給が不足"":34,""現在の主色に合う"":161,""4マナのクリーチャーを補強"":120,""クリーチャー不足を補う"":110,""スプラッシュ用のマナ供給あり"":11}","[""保存WRを参考にした単体評価"",""現在の主色に合う"",""4マナのクリーチャーを補強"",""クリーチャー不足を補う"",""主色外のマナ供給が不足""]"
"ce924285-f4c5-44e6-909b-f5f7d302ebaf","Way of the Mentor","71","11.253521126760564","19","0","0","0","0","","not-applicable-14-card-packs","49.787686","","","8.6658879","5.6253065","2.5876332267605644","47.433746385999996","45.5","22.454246386","0.27770522432846734","0.40728825828467324","0","0","-0.07042253521126761","{""base"":47.43374638600004,""mana"":0,""color"":0.27770522432846734,""synergy"":0.40728825828467324,""curve"":0,""creature"":0,""removal"":0,""duplicate"":-0.07042253521126761,""fixing"":0}","{""カード情報からの推定単体評価"":71,""主色外のマナ供給が不足"":21,""現在の主色に合う"":50,""アーキタイプ・共通メカニズムと相性が良い"":33}","[""カード情報からの推定単体評価"",""現在の主色に合う"",""アーキタイプ・共通メカニズムと相性が良い"",""主色外のマナ供給が不足""]"
"ceeeacbc-01b0-4421-aaca-2ce6cdbe45d7","Tetsuko Umezawa, Fugitive","74","6.608108108108108","20","0","0","0.15","0","","not-applicable-14-card-packs","53.494448000000006","53.494448000000006","51.92307699999999","7.7493827","5.6601148","-1.141274591891892","53.494448000000006","49","53.494448000000006","2.0451458333820685","0","0.7204545454545452","0","-0.10135135135135136","{""base"":53.49444799999995,""mana"":0,""color"":2.0451458333820685,""synergy"":0,""curve"":0.7204545454545452,""creature"":0.564619164619165,""removal"":0,""duplicate"":-0.10135135135135136,""fixing"":0}","{""保存WRを参考にした単体評価"":74,""現在の主色に合う"":67,""2マナのクリーチャーを補強"":42,""クリーチャー不足を補う"":45,""主色外のマナ供給が不足"":4}","[""保存WRを参考にした単体評価"",""現在の主色に合う"",""クリーチャー不足を補う"",""2マナのクリーチャーを補強"",""主色外のマナ供給が不足""]"
"cf527bbd-e898-4aa9-909d-daec2f4b62ad","Theorix Charm","85","5.882352941176471","32","1","0.03125","0.96875","0","","not-applicable-14-card-packs","57.136128","57.136128","51.846591","6.5926316","5.1137606","-0.7102786588235288","57.136128","49.9","57.136128","-1.1594738148638808","0","0","0.07556149732620324","0","{""base"":57.13612800000008,""mana"":-0.34181437126877645,""color"":-1.1594738148638808,""synergy"":0,""curve"":0,""creature"":0,""removal"":0.07556149732620324,""duplicate"":0,""fixing"":0}","{""保存WRを参考にした単体評価"":85,""現在の主色に合う"":26,""火力・マイナス修整"":30,""主色外のマナ供給が不足"":28}","[""保存WRを参考にした単体評価"",""火力・マイナス修整"",""主色外のマナ供給が不足"",""現在の主色に合う""]"
"d0372cde-bf30-4a1b-93bb-9ff4ac1c116d","Overwrite the Multiverse","23","8.043478260869565","5","0","0","0","0","","not-applicable-14-card-packs","58.006719","","","","1.6157205","","51.553277302000005","46.1","26.567077302","2.2025714751040106","1.05997813952938","-0.10434782608695652","0","0","{""base"":51.55327730199999,""mana"":0,""color"":2.2025714751040106,""synergy"":1.05997813952938,""curve"":-0.10434782608695652,""creature"":0,""removal"":0,""duplicate"":0,""fixing"":0}","{""カード情報からの推定単体評価"":23,""現在の主色に合う"":22,""アーキタイプ・共通メカニズムと相性が良い"":17,""主色外のマナ供給が不足"":1}","[""カード情報からの推定単体評価"",""現在の主色に合う"",""アーキタイプ・共通メカニズムと相性が良い"",""主色外のマナ供給が不足""]"
"d06a5642-861b-4b0d-9ea5-07046b7e1d37","Predictive Preparations","234","11.61965811965812","78","0","0","0","0","","not-applicable-14-card-packs","48.850575","48.850575","","11.18223","7.4590354","0.4374281196581187","46.05400015","43","25.50000015","-0.3968214378672562","0","0","0","0","{""base"":46.054000149999965,""mana"":0,""color"":-0.3968214378672562,""synergy"":0,""curve"":0,""creature"":0,""removal"":0,""duplicate"":0,""fixing"":0}","{""保存WRを参考にした単体評価"":234,""主色外のマナ供給が不足"":87,""現在の主色に合う"":147}","[""保存WRを参考にした単体評価"",""現在の主色に合う"",""主色外のマナ供給が不足""]"
"d0ce03fa-2284-4217-85b2-4db6b8a88c94","Divining Duelist","233","5.527896995708154","69","0","0","0.2318840579710145","0","","not-applicable-14-card-packs","54.201411","54.201411","51.403509","10.090909","6.9005864","-4.563012004291846","54.201411","51.800000000000004","54.201411","1.7261098893177749","0.25311842818099617","0.5872415138509556","0.21973273507608274","0","{""base"":54.201411,""mana"":0,""color"":1.7261098893177749,""synergy"":0.25311842818099617,""curve"":0.5872415138509556,""creature"":0.49746390948107705,""removal"":0.21973273507608274,""duplicate"":0,""fixing"":0}","{""保存WRを参考にした単体評価"":233,""現在の主色に合う"":204,""タップ"":211,""アーキタイプ・共通メカニズムと相性が良い"":64,""3マナのクリーチャーを補強"":117,""クリーチャー不足を補う"":119,""主色外のマナ供給が不足"":13}","[""保存WRを参考にした単体評価"",""タップ"",""現在の主色に合う"",""クリーチャー不足を補う"",""3マナのクリーチャーを補強""]"
"d13c111a-ebfc-48ac-b734-f203c7c29d21","Puppet Crafting","33","11.878787878787879","12","0","0","0","0","","not-applicable-14-card-packs","","","","","4.916388","","45.9","45.9","0","-0.745927689686266","0","0","0","0","{""base"":45.90000000000001,""mana"":0,""color"":-0.745927689686266,""synergy"":0,""curve"":0,""creature"":0,""removal"":0,""duplicate"":0,""fixing"":0}","{""カード情報からの推定単体評価"":33,""主色外のマナ供給が不足"":14,""現在の主色に合う"":19}","[""カード情報からの推定単体評価"",""現在の主色に合う"",""主色外のマナ供給が不足""]"
"d1af8018-35b5-4b6f-93c8-1ed6bd8c92b1","Hallway Heckler // Vicious Verse","247","8.068825910931174","72","0","0","0","0","","not-applicable-14-card-packs","52.01262800000001","52.01262800000001","","10.272654","7.0451463","-2.203828089068825","52.01262800000001","50.7","52.01262800000001","0.9443536524870766","0.35480292265480773","0.46930437983069534","0","0","{""base"":52.01262800000026,""mana"":0,""color"":0.9443536524870766,""synergy"":0.35480292265480773,""curve"":0.46930437983069534,""creature"":0.47456753772543253,""removal"":0,""duplicate"":0,""fixing"":0}","{""保存WRを参考にした単体評価"":247,""現在の主色に合う"":186,""アーキタイプ・共通メカニズムと相性が良い"":100,""3マナのクリーチャーを補強"":98,""クリーチャー不足を補う"":123,""主色外のマナ供給が不足"":61}","[""保存WRを参考にした単体評価"",""現在の主色に合う"",""クリーチャー不足を補う"",""アーキタイプ・共通メカニズムと相性が良い"",""3マナのクリーチャーを補強""]"
"d25284b9-50e4-4dcb-9aaf-6f6478c4a90a","Craftwork Crusher","86","4.476744186046512","23","20","0.8695652173913043","1","0","","not-applicable-14-card-packs","60.897732999999995","60.897732999999995","57.055215000000004","3.5978391","3.4091471","0.8789050860465117","60.897732999999995","54.3","60.897732999999995","-2.6350439804945083","0.1875269080815082","-0.12494714587737844","0.019027484143763214","-0.15348837209302324","{""base"":60.897732999999874,""mana"":-1.122185102512752,""color"":-2.6350439804945083,""synergy"":0.1875269080815082,""curve"":-0.12494714587737844,""creature"":0.17885835095137423,""removal"":0.019027484143763214,""duplicate"":-0.15348837209302324,""fixing"":0}","{""保存WRを参考にした単体評価"":86,""主色外のマナ供給が不足"":40,""現在の主色に合う"":23,""アーキタイプ・共通メカニズムと相性が良い"":18,""クリーチャー不足を補う"":13,""火力・マイナス修整"":23}","[""保存WRを参考にした単体評価"",""主色外のマナ供給が不足"",""現在の主色に合う"",""火力・マイナス修整"",""アーキタイプ・共通メカニズムと相性が良い""]"
"d3576617-7867-4c3d-aa31-d6742483465b","Chandra's Emberling","229","8.737991266375547","80","0","0","0","0","","not-applicable-14-card-packs","52.069917","52.069917","","10.653404","7.1535281","-1.9154127336244535","52.069917","47.4","52.069917","0.29799250220191176","0","0.447518856689162","0","0","{""base"":52.069917000000125,""mana"":0,""color"":0.29799250220191176,""synergy"":0,""curve"":0.447518856689162,""creature"":0.3973005160778089,""removal"":0,""duplicate"":0,""fixing"":0}","{""保存WRを参考にした単体評価"":229,""主色外のマナ供給が不足"":68,""現在の主色に合う"":161,""3マナのクリーチャーを補強"":83,""クリーチャー不足を補う"":95}","[""保存WRを参考にした単体評価"",""現在の主色に合う"",""クリーチャー不足を補う"",""3マナのクリーチャーを補強"",""主色外のマナ供給が不足""]"
"d35876a3-e891-43d3-a50c-69e8469497e0","Fatehold Annex","250","5.516","81","1","0.012345679012345678","0.4691358024691358","0","","not-applicable-14-card-packs","54.811083","54.811083","54.683544","8.8200202","6.2350262","-3.3040202","54.811083","45","54.811083","0","0","0","0","0","{""base"":54.8110830000001,""mana"":0,""color"":0,""synergy"":0,""curve"":0,""creature"":0,""removal"":0,""duplicate"":0,""fixing"":1.9647429568034904}","{""保存WRを参考にした単体評価"":250,""主色のマナ基盤を補強"":97}","[""保存WRを参考にした単体評価"",""主色のマナ基盤を補強""]"
"d4e0749a-e179-4c19-8536-bf8f1a198549","Dedicated Commons","228","8.81140350877193","81","0","0","0.012345679012345678","0","","not-applicable-14-card-packs","50.86956500000001","50.86956500000001","","9.6260658","6.669313","-0.8146622912280694","50.86956500000001","45","50.86956500000001","0","0","0","0","0","{""base"":50.869565000000236,""mana"":0,""color"":0,""synergy"":0,""curve"":0,""creature"":0,""removal"":0,""duplicate"":0,""fixing"":0.6703495462783876}","{""保存WRを参考にした単体評価"":228,""主色のマナ基盤を補強"":24}","[""保存WRを参考にした単体評価"",""主色のマナ基盤を補強""]"
"d53ae01b-87e1-48e1-9fc3-23a734ce6622","No Admittance","214","3.4205607476635516","78","8","0.10256410256410256","0.9358974358974359","0","","not-applicable-14-card-packs","57.202602","57.202602","56.104824","4.1628197","3.3129408","-0.7422589523364485","57.202602","49.9","57.202602","1.1518655608960477","0.1975573795580248","0","0.060790144435004245","0","{""base"":57.20260199999987,""mana"":0,""color"":1.1518655608960477,""synergy"":0.1975573795580248,""curve"":0,""creature"":0,""removal"":0.060790144435004245,""duplicate"":0,""fixing"":0}","{""保存WRを参考にした単体評価"":214,""現在の主色に合う"":123,""アーキタイプ・共通メカニズムと相性が良い"":46,""火力・マイナス修整"":133,""主色外のマナ供給が不足"":18}","[""保存WRを参考にした単体評価"",""火力・マイナス修整"",""現在の主色に合う"",""アーキタイプ・共通メカニズムと相性が良い"",""主色外のマナ供給が不足""]"
"d6b478d1-5015-49ba-b1aa-cbc2b08107a6","Vindictive Triumph","39","12.64102564102564","15","0","0","0","0","","not-applicable-14-card-packs","49.922958","","","5.2711864","4.1268462","7.36983924102564","47.77646797199999","46.699999999999996","16.674267972000003","-5.03961427238025","0","0","0.007342657342657343","0","{""base"":47.776467972000034,""mana"":-0.6554883640697382,""color"":-5.03961427238025,""synergy"":0,""curve"":0,""creature"":0,""removal"":0.007342657342657343,""duplicate"":0,""fixing"":0}","{""カード情報からの推定単体評価"":39,""現在の主色に合う"":6,""条件付き除去"":6,""主色外のマナ供給が不足"":33}","[""カード情報からの推定単体評価"",""主色外のマナ供給が不足"",""現在の主色に合う"",""条件付き除去""]"
"d7d59fef-1401-464b-b1bb-ee5da92cde51","Hunter's Axe","91","12.054945054945055","22","0","0","0","0","","not-applicable-14-card-packs","50.415184","","","10.174538","6.725647","1.8804070549450547","45.587899216000004","43","17.594899216","-0.9138746918462767","0.019149962068899254","0","0","0","{""base"":45.58789921600006,""mana"":0,""color"":-0.9138746918462767,""synergy"":0.019149962068899254,""curve"":0,""creature"":0,""removal"":0,""duplicate"":0,""fixing"":0}","{""カード情報からの推定単体評価"":91,""主色外のマナ供給が不足"":35,""現在の主色に合う"":56,""アーキタイプ・共通メカニズムと相性が良い"":2}","[""カード情報からの推定単体評価"",""現在の主色に合う"",""主色外のマナ供給が不足"",""アーキタイプ・共通メカニズムと相性が良い""]"
"d824a319-fa74-42e4-9cbe-dba1576d6bad","Perfected Theory","78","11.679487179487179","26","0","0","0","0","","not-applicable-14-card-packs","44.444444","","","10.061224","6.6209793","1.6182631794871796","43.44055542","43","13.55555542","1.6790761303159178","0","0","0","0","{""base"":43.44055541999992,""mana"":0,""color"":1.6790761303159178,""synergy"":0,""curve"":0,""creature"":0,""removal"":0,""duplicate"":0,""fixing"":0}","{""カード情報からの推定単体評価"":78,""現在の主色に合う"":64,""主色外のマナ供給が不足"":13}","[""カード情報からの推定単体評価"",""現在の主色に合う"",""主色外のマナ供給が不足""]"
"d9060fff-0b65-4b3d-930d-6e36315b802c","Lyra, Tolarian Archangel","36","1.3888888888888888","11","9","0.8181818181818182","1","0","","not-applicable-14-card-packs","60.787825","60.787825","","1.9085546","1.8411215","-0.5196657111111112","60.787825","53.9","60.787825","1.1704789095024777","0.06811349566365117","0.4434343434343434","0","0","{""base"":60.787824999999934,""mana"":0,""color"":1.1704789095024777,""synergy"":0.06811349566365117,""curve"":0.4434343434343434,""creature"":0.35151515151515156,""removal"":0,""duplicate"":0,""fixing"":0}","{""保存WRを参考にした単体評価"":36,""現在の主色に合う"":21,""3マナのクリーチャーを補強"":9,""クリーチャー不足を補う"":8,""主色外のマナ供給が不足"":3}","[""保存WRを参考にした単体評価"",""現在の主色に合う"",""3マナのクリーチャーを補強"",""クリーチャー不足を補う"",""主色外のマナ供給が不足""]"
"d940611f-f84d-43fa-82d6-eecb4fb54164","Multiply by Zero","81","3.111111111111111","24","10","0.4166666666666667","1","0","","not-applicable-14-card-packs","57.62066","57.62066","54.672897","2.9207683","2.5297947","0.19034281111111095","57.62066","43","57.62066","1.6903987092056876","0","0","0","0","{""base"":57.62065999999998,""mana"":0,""color"":1.6903987092056876,""synergy"":0,""curve"":0,""creature"":0,""removal"":0,""duplicate"":0,""fixing"":0}","{""保存WRを参考にした単体評価"":81,""現在の主色に合う"":54,""主色外のマナ供給が不足"":3}","[""保存WRを参考にした単体評価"",""現在の主色に合う"",""主色外のマナ供給が不足""]"
"db655c5a-06f6-42bc-8180-d9ca1c1d939a","Carnivorous Cultivator // Enroot","37","5.621621621621622","10","0","0","0.2","0","","not-applicable-14-card-packs","55.316456","55.316456","","2.4802867","2.2798742","3.1413349216216218","55.187000239999996","54.699999999999996","43.70000024","1.4774390131106352","0","0.7402948402948404","0","0","{""base"":55.18700024000003,""mana"":0,""color"":1.4774390131106352,""synergy"":0,""curve"":0.7402948402948404,""creature"":0.4982800982800981,""removal"":0,""duplicate"":0,""fixing"":0}","{""保存WRを参考にした単体評価"":37,""現在の主色に合う"":30,""2マナのクリーチャーを補強"":23,""クリーチャー不足を補う"":20,""主色外のマナ供給が不足"":5}","[""保存WRを参考にした単体評価"",""現在の主色に合う"",""2マナのクリーチャーを補強"",""クリーチャー不足を補う"",""主色外のマナ供給が不足""]"
"dc0a51d4-5b7e-4987-b1fe-349fd118a625","Hall of Echoes","56","10.714285714285714","16","0","0","0","0","","not-applicable-14-card-packs","52.544529","","","6.8190476","4.7075351","3.8952381142857133","47.821995331","45.4","17.812595331","0","0","0","0","0","{""base"":47.82199533099996,""mana"":0,""color"":0,""synergy"":0,""curve"":0,""creature"":0,""removal"":0,""duplicate"":0,""fixing"":0}","{""カード情報からの推定単体評価"":56}","[""カード情報からの推定単体評価""]"
"df6fc0b4-333b-4f6c-804c-ba6c8e29c88e","Rescue Girl, First Responder","83","9.19277108433735","32","0","0","0.03125","0","","not-applicable-14-card-packs","51.076922999999994","51.076922999999994","","5.9030391","4.6712521","3.28973198433735","51.076922999999994","49.4","51.076922999999994","0.7252110778139178","0","0.3363636363636364","0","-0.060240963855421686","{""base"":51.07692300000004,""mana"":0,""color"":0.7252110778139178,""synergy"":0,""curve"":0.3363636363636364,""creature"":0.35553121577217955,""removal"":0,""duplicate"":-0.060240963855421686,""fixing"":0}","{""保存WRを参考にした単体評価"":83,""現在の主色に合う"":60,""3マナのクリーチャーを補強"":27,""クリーチャー不足を補う"":32,""主色外のマナ供給が不足"":22}","[""保存WRを参考にした単体評価"",""現在の主色に合う"",""クリーチャー不足を補う"",""3マナのクリーチャーを補強"",""主色外のマナ供給が不足""]"
"dfa95c0e-393d-4b22-9de3-45a7efc0ba14","Saheeli, Consul of Oversight","59","6.593220338983051","16","0","0","0.25","0","","not-applicable-14-card-packs","54.869358999999996","54.869358999999996","","4.8558394","3.9919056","1.7373809389830512","54.869358999999996","49.4","54.869358999999996","0.32379202668969986","0.35462696637741614","0","0","-0.0847457627118644","{""base"":54.869358999999946,""mana"":0,""color"":0.32379202668969986,""synergy"":0.35462696637741614,""curve"":0,""creature"":0.375346687211094,""removal"":0,""duplicate"":-0.0847457627118644,""fixing"":0}","{""保存WRを参考にした単体評価"":59,""現在の主色に合う"":38,""アーキタイプ・共通メカニズムと相性が良い"":24,""クリーチャー不足を補う"":25,""主色外のマナ供給が不足"":17}","[""保存WRを参考にした単体評価"",""現在の主色に合う"",""クリーチャー不足を補う"",""アーキタイプ・共通メカニズムと相性が良い"",""主色外のマナ供給が不足""]"
"e0142e7d-7b0b-4290-a56c-5fa950fdccf8","Loot, the Anomaly","86","9.616279069767442","28","0","0","0","0","","not-applicable-14-card-packs","","","","10.930108","7.364849","-1.3138289302325585","50.199999999999996","50.199999999999996","0","1.9213935232295332","0.1788526565754113","0.37637420718816067","0.12201374207188159","-0.1744186046511628","{""base"":50.199999999999925,""mana"":0,""color"":1.9213935232295332,""synergy"":0.1788526565754113,""curve"":0.37637420718816067,""creature"":0.457293868921776,""removal"":0.12201374207188159,""duplicate"":-0.1744186046511628,""fixing"":0}","{""カード情報からの推定単体評価"":86,""現在の主色に合う"":76,""火力・マイナス修整"":76,""クリーチャー不足を補う"":41,""アーキタイプ・共通メカニズムと相性が良い"":18,""3マナのクリーチャーを補強"":30,""主色外のマナ供給が不足"":10}","[""カード情報からの推定単体評価"",""現在の主色に合う"",""火力・マイナス修整"",""クリーチャー不足を補う"",""3マナのクリーチャーを補強""]"
"e1ffb884-a89e-4e2a-9beb-8bd5838b6a94","Whiplash Wordsmith // Vicious Verse","241","12.439834024896266","70","0","0","0","0","","not-applicable-14-card-packs","44.878706","44.878706","","10.57548","7.0867461","1.8643540248962651","46.045199851999996","49.4","33.299999852","-5.5762921593291646","0","0.2159562429271973","0","0","{""base"":46.04519985200018,""mana"":-0.20777446377251071,""color"":-5.5762921593291646,""synergy"":0,""curve"":0.2159562429271973,""creature"":0.13376084496416443,""removal"":0,""duplicate"":0,""fixing"":0}","{""保存WRを参考にした単体評価"":241,""主色外のマナ供給が不足"":178,""現在の主色に合う"":63,""4マナのクリーチャーを補強"":35,""クリーチャー不足を補う"":30}","[""保存WRを参考にした単体評価"",""主色外のマナ供給が不足"",""現在の主色に合う"",""4マナのクリーチャーを補強"",""クリーチャー不足を補う""]"
"e2a37967-4212-4553-9f77-bcb613405807","Haunted Ridge","52","9.923076923076923","21","0","0","0","0","","not-applicable-14-card-packs","52.352940999999994","52.352940999999994","","6.4505495","4.5557656","3.472527423076923","48.94599991","45.4","26.69999991","0","0","0","0","0","{""base"":48.94599990999997,""mana"":0,""color"":0,""synergy"":0,""curve"":0,""creature"":0,""removal"":0,""duplicate"":0,""fixing"":1.5398865642530235}","{""保存WRを参考にした単体評価"":52,""主色のマナ基盤を補強"":14}","[""保存WRを参考にした単体評価"",""主色のマナ基盤を補強""]"
"e4b51c2d-7e56-435b-89d6-85e33df65879","Darklight Phoenix","19","10.473684210526315","10","0","0","0","0","","not-applicable-14-card-packs","50.465548999999996","","","","2.4098837","","49.506262858","49.2","12.212662857999998","0.5248164620224302","0","0.5421052631578948","0","0","{""base"":49.50626285800001,""mana"":0,""color"":0.5248164620224302,""synergy"":0,""curve"":0.5421052631578948,""creature"":0.2124401913875598,""removal"":0,""duplicate"":0,""fixing"":0}","{""カード情報からの推定単体評価"":19,""主色外のマナ供給が不足"":6,""現在の主色に合う"":13,""4マナのクリーチャーを補強"":7,""クリーチャー不足を補う"":4}","[""カード情報からの推定単体評価"",""現在の主色に合う"",""4マナのクリーチャーを補強"",""主色外のマナ供給が不足"",""クリーチャー不足を補う""]"
"e70bb7f8-8098-49c5-929c-68f63cd821c5","Kiora of Salt and Sand","89","9.9438202247191","28","0","0","0","0","","not-applicable-14-card-packs","53.670472999999994","53.670472999999994","","9.1159196","6.4577435","0.827900624719101","51.862999949","49","32.899999949","-2.5151126691097736","0","0.18677221654749748","0","-0.2247191011235955","{""base"":51.86299994899999,""mana"":-0.2444503314950153,""color"":-2.5151126691097736,""synergy"":0,""curve"":0.18677221654749748,""creature"":0.24698672114402445,""removal"":0,""duplicate"":-0.2247191011235955,""fixing"":0}","{""保存WRを参考にした単体評価"":89,""主色外のマナ供給が不足"":50,""現在の主色に合う"":39,""3マナのクリーチャーを補強"":20,""クリーチャー不足を補う"":25}","[""保存WRを参考にした単体評価"",""主色外のマナ供給が不足"",""現在の主色に合う"",""クリーチャー不足を補う"",""3マナのクリーチャーを補強""]"
"e729fce5-a1cf-4e95-9fd5-fccf4f704d31","Awaken the Inferno","235","4.782978723404256","63","1","0.015873015873015872","0.7777777777777778","0","","not-applicable-14-card-packs","55.758774","55.758774","53.421927000000004","6.1656995","4.5699507","-1.382720776595744","55.758774","47.4","55.758774","1.071709460325357","0.34366834308317606","0","0.09966150870406189","0","{""base"":55.75877399999992,""mana"":0,""color"":1.071709460325357,""synergy"":0.34366834308317606,""curve"":0,""creature"":0,""removal"":0.09966150870406189,""duplicate"":0,""fixing"":0}","{""保存WRを参考にした単体評価"":235,""現在の主色に合う"":158,""火力・マイナス修整"":173,""アーキタイプ・共通メカニズムと相性が良い"":84,""スプラッシュ用のマナ供給あり"":14,""主色外のマナ供給が不足"":14}","[""保存WRを参考にした単体評価"",""火力・マイナス修整"",""現在の主色に合う"",""アーキタイプ・共通メカニズムと相性が良い"",""スプラッシュ用のマナ供給あり""]"
"e74a2a4c-ca3c-49e8-9b0f-b4d1bb91fb54","Gardenize","16","12.1875","5","0","0","0","0","","not-applicable-14-card-packs","","","","","5.8944575","","43.6","43.6","0","-2.062126398029286","0","0","0","0","{""base"":43.600000000000016,""mana"":0,""color"":-2.062126398029286,""synergy"":0,""curve"":0,""creature"":0,""removal"":0,""duplicate"":0,""fixing"":0}","{""カード情報からの推定単体評価"":16,""現在の主色に合う"":6,""主色外のマナ供給が不足"":10}","[""カード情報からの推定単体評価"",""主色外のマナ供給が不足"",""現在の主色に合う""]"
"e7b78acd-5288-4528-97a8-a5b43de90bf5","Diviner of Victory // Unwind History","34","1.7352941176470589","9","5","0.5555555555555556","1","0","","not-applicable-14-card-packs","59.530026","59.530026","","2.5444444","2.4626866","-0.8091502823529413","59.530026","51.82","59.530026","1.454381626326077","0.2647597706292113","0","0.21657754010695188","0","{""base"":59.530025999999964,""mana"":0,""color"":1.454381626326077,""synergy"":0.2647597706292113,""curve"":0,""creature"":0.47807486631016033,""removal"":0.21657754010695188,""duplicate"":0,""fixing"":0}","{""保存WRを参考にした単体評価"":34,""現在の主色に合う"":24,""アーキタイプ・共通メカニズムと相性が良い"":9,""クリーチャー不足を補う"":12,""バウンス・打ち消し"":27,""主色外のマナ供給が不足"":1}","[""保存WRを参考にした単体評価"",""バウンス・打ち消し"",""現在の主色に合う"",""クリーチャー不足を補う"",""アーキタイプ・共通メカニズムと相性が良い""]"
"e853e2fb-f90d-4934-aa70-c8d3cdf12e56","Grim Repriser","78","8.602564102564102","32","0","0","0.0625","0","","not-applicable-14-card-packs","55.30303","55.30303","","8.8989114","6.3410028","-0.29634729743589716","53.99199976","49","43.79999976","-1.2980724535828727","0","0.4374125874125873","0","0","{""base"":53.99199976,""mana"":-0.2938345740362181,""color"":-1.2980724535828727,""synergy"":0,""curve"":0.4374125874125873,""creature"":0.2986013986013985,""removal"":0,""duplicate"":0,""fixing"":0}","{""保存WRを参考にした単体評価"":78,""現在の主色に合う"":31,""2マナのクリーチャーを補強"":24,""クリーチャー不足を補う"":24,""主色外のマナ供給が不足"":45}","[""保存WRを参考にした単体評価"",""主色外のマナ供給が不足"",""現在の主色に合う"",""2マナのクリーチャーを補強"",""クリーチャー不足を補う""]"
"e8c36337-135c-460d-a1da-cc01743dda71","Master of Barbs","31","8.419354838709678","13","0","0","0","0","","not-applicable-14-card-packs","53.34796899999999","","","","3.3016043","","51.6991876","50.6","21.3391876","0.5864437633071544","0","0.6255131964809383","0","0","{""base"":51.69918759999997,""mana"":0,""color"":0.5864437633071544,""synergy"":0,""curve"":0.6255131964809383,""creature"":0.256891495601173,""removal"":0,""duplicate"":0,""fixing"":0}","{""カード情報からの推定単体評価"":31,""現在の主色に合う"":22,""2マナのクリーチャーを補強"":14,""クリーチャー不足を補う"":9,""主色外のマナ供給が不足"":9}","[""カード情報からの推定単体評価"",""現在の主色に合う"",""2マナのクリーチャーを補強"",""クリーチャー不足を補う"",""主色外のマナ供給が不足""]"
"e8ecec61-cc47-4051-a599-0e7470764488","Violent Echoes","84","2.0357142857142856","31","22","0.7096774193548387","1","0","","not-applicable-14-card-packs","59.265734","59.265734","57.575758","3.2082811","2.8467485","-1.1725668142857146","59.265734","49.9","59.265734","0.9268709663588519","0.23520275295342588","0","0.044805194805194806","0","{""base"":59.265733999999966,""mana"":0,""color"":0.9268709663588519,""synergy"":0.23520275295342588,""curve"":0,""creature"":0,""removal"":0.044805194805194806,""duplicate"":0,""fixing"":0}","{""保存WRを参考にした単体評価"":84,""現在の主色に合う"":45,""火力・マイナス修整"":46,""アーキタイプ・共通メカニズムと相性が良い"":18,""主色外のマナ供給が不足"":8}","[""保存WRを参考にした単体評価"",""火力・マイナス修整"",""現在の主色に合う"",""アーキタイプ・共通メカニズムと相性が良い"",""主色外のマナ供給が不足""]"
"e8f755f7-ec93-4d2e-bffc-c719984fa13d","Stingerquill Voxmancer // Vicious Verse","86","7.127906976744186","28","0","0","0.7857142857142857","0","","not-applicable-14-card-packs","56.060606","56.060606","","6.1943958","4.5001383","0.9335111767441866","56.060606","49.8","56.060606","-3.0601882439961092","0","0","0","0","{""base"":56.060606,""mana"":-0.2995992961724126,""color"":-3.0601882439961092,""synergy"":0,""curve"":0,""creature"":0.18900634249471454,""removal"":0,""duplicate"":0,""fixing"":0}","{""保存WRを参考にした単体評価"":86,""現在の主色に合う"":22,""クリーチャー不足を補う"":17,""主色外のマナ供給が不足"":42}","[""保存WRを参考にした単体評価"",""主色外のマナ供給が不足"",""現在の主色に合う"",""クリーチャー不足を補う""]"
"eacfe895-5106-437c-b8c1-2ff03c107744","Medic's Kitesail","233","7.725321888412017","101","0","0","0.04950495049504951","0","","not-applicable-14-card-packs","53.310981","53.310981","","10.364448","7.0297002","-2.6391261115879825","53.310981","43","53.310981","0","0.0025091387419813337","0","0","0","{""base"":53.310981000000076,""mana"":0,""color"":0,""synergy"":0.0025091387419813337,""curve"":0,""creature"":0,""removal"":0,""duplicate"":0,""fixing"":0}","{""保存WRを参考にした単体評価"":233,""アーキタイプ・共通メカニズムと相性が良い"":1}","[""保存WRを参考にした単体評価"",""アーキタイプ・共通メカニズムと相性が良い""]"
"eb03f6c1-c94f-4f09-b2e9-a55ce5533653","Marwyn, the Preserver","76","6.105263157894737","25","0","0","0.24","0","","not-applicable-14-card-packs","54.307373999999996","54.307373999999996","51.24999999999999","7.4257975","5.3741007","-1.3205343421052627","54.307373999999996","52.3","54.307373999999996","0.4142833062382694","0","0.5316985645933014","0","-0.03289473684210526","{""base"":54.307373999999996,""mana"":0,""color"":0.4142833062382694,""synergy"":0,""curve"":0.5316985645933014,""creature"":0.39043062200956935,""removal"":0,""duplicate"":-0.03289473684210526,""fixing"":0}","{""保存WRを参考にした単体評価"":76,""主色外のマナ供給が不足"":19,""現在の主色に合う"":51,""2マナのクリーチャーを補強"":33,""クリーチャー不足を補う"":30}","[""保存WRを参考にした単体評価"",""現在の主色に合う"",""2マナのクリーチャーを補強"",""クリーチャー不足を補う"",""主色外のマナ供給が不足""]"
"ecdfee75-15fd-41ea-89d4-4bfc1fa4d032","Keeper of the Quiet Hour","232","3.7801724137931036","72","2","0.027777777777777776","0.875","0","","not-applicable-14-card-packs","55.98526700000001","55.98526700000001","55.555555999999996","9.1276013","6.4988427","-5.347428886206897","55.98526700000001","50.7","55.98526700000001","0","0.2452579308723323","0.6156739811912225","0","0","{""base"":55.985267000000015,""mana"":0,""color"":0,""synergy"":0.2452579308723323,""curve"":0.6156739811912225,""creature"":0.48079937304075265,""removal"":0,""duplicate"":0,""fixing"":0}","{""保存WRを参考にした単体評価"":232,""3マナのクリーチャーを補強"":126,""クリーチャー不足を補う"":101,""アーキタイプ・共通メカニズムと相性が良い"":62}","[""保存WRを参考にした単体評価"",""3マナのクリーチャーを補強"",""クリーチャー不足を補う"",""アーキタイプ・共通メカニズムと相性が良い""]"
"ed66cd31-958f-4b28-82a3-e04acc819afc","Yargle, Glutton of Urborg","66","9.863636363636363","26","0","0","0","0","","not-applicable-14-card-packs","","","","12.210428","8.3806584","-2.346791636363637","50.6","50.6","0","0.49150170318591146","0","0","0","-0.11363636363636363","{""base"":50.599999999999945,""mana"":0,""color"":0.49150170318591146,""synergy"":0,""curve"":0,""creature"":0.30578512396694213,""removal"":0,""duplicate"":-0.11363636363636363,""fixing"":0}","{""カード情報からの推定単体評価"":66,""現在の主色に合う"":49,""主色外のマナ供給が不足"":11,""クリーチャー不足を補う"":21,""スプラッシュ用のマナ供給あり"":6}","[""カード情報からの推定単体評価"",""現在の主色に合う"",""クリーチャー不足を補う"",""主色外のマナ供給が不足"",""スプラッシュ用のマナ供給あり""]"
"ef32a4a9-14e2-4738-b4c2-53ce5e1d2a53","Geist of Saint Thalia","80","3.3875","22","3","0.13636363636363635","0.8636363636363636","0","","not-applicable-14-card-packs","56.57327599999999","56.57327599999999","56.240822","5.2561983","4.0199275","-1.8686983000000001","56.57327599999999","50.2","56.57327599999999","1.669695105895304","0","0.667556818181818","0","-0.0625","{""base"":56.57327600000004,""mana"":0,""color"":1.669695105895304,""synergy"":0,""curve"":0.667556818181818,""creature"":0.5618181818181822,""removal"":0,""duplicate"":-0.0625,""fixing"":0}","{""保存WRを参考にした単体評価"":80,""現在の主色に合う"":58,""2マナのクリーチャーを補強"":43,""クリーチャー不足を補う"":37,""主色外のマナ供給が不足"":2}","[""保存WRを参考にした単体評価"",""現在の主色に合う"",""2マナのクリーチャーを補強"",""クリーチャー不足を補う"",""主色外のマナ供給が不足""]"
"f0c533a2-751a-4c5a-8cec-b83da3c8c62f","Afterthought Sentry","260","9.288461538461538","84","0","0","0","0","","not-applicable-14-card-packs","49.939099","49.939099","","11.154793","7.8611852","-1.8663314615384614","50.129000279","51","41.000000279","0","0","0.590979020979021","0","0","{""base"":50.129000278999776,""mana"":0,""color"":0,""synergy"":0,""curve"":0.590979020979021,""creature"":0.536013986013986,""removal"":0,""duplicate"":0,""fixing"":0}","{""保存WRを参考にした単体評価"":260,""2マナのクリーチャーを補強"":121,""クリーチャー不足を補う"":142}","[""保存WRを参考にした単体評価"",""クリーチャー不足を補う"",""2マナのクリーチャーを補強""]"
"f0ec8681-da50-466b-8cdd-1dc710deccd9","Deserted Beach","43","9.44186046511628","14","0","0","0","0","","not-applicable-14-card-packs","54.774775","54.774775","","6.1423488","4.3529028","3.29951166511628","50.603000124999994","45.4","30.400000125000002","0","0","0","0","0","{""base"":50.60300012500006,""mana"":0,""color"":0,""synergy"":0,""curve"":0,""creature"":0,""removal"":0,""duplicate"":0,""fixing"":1.805994938189273}","{""保存WRを参考にした単体評価"":43,""主色のマナ基盤を補強"":17}","[""保存WRを参考にした単体評価"",""主色のマナ基盤を補強""]"
"f1216f36-00fd-4d03-85c1-f4910a02d4d0","Essence Burn","79","11.481012658227849","31","0","0","0","0","","not-applicable-14-card-packs","","","","11.996569","8.15316","-0.5155563417721503","47.4","47.4","0","-1.112774508932444","0","0","0.03598964326812428","0","{""base"":47.40000000000006,""mana"":0,""color"":-1.112774508932444,""synergy"":0,""curve"":0,""creature"":0,""removal"":0.03598964326812428,""duplicate"":0,""fixing"":0}","{""カード情報からの推定単体評価"":79,""現在の主色に合う"":43,""火力・マイナス修整"":43,""主色外のマナ供給が不足"":35}","[""カード情報からの推定単体評価"",""現在の主色に合う"",""火力・マイナス修整"",""主色外のマナ供給が不足""]"
"f3087daa-d2ff-4227-abff-3398da6297af","Way of the Necromancer","81","11.74074074074074","29","0","0","0","0","","not-applicable-14-card-packs","","","","11.101796","7.2203763","0.6389447407407403","45.5","45.5","0","0.6352812781634173","0.30013408075377657","0","0","-0.12345679012345678","{""base"":45.5,""mana"":0,""color"":0.6352812781634173,""synergy"":0.30013408075377657,""curve"":0,""creature"":0,""removal"":0,""duplicate"":-0.12345679012345678,""fixing"":0}","{""カード情報からの推定単体評価"":81,""現在の主色に合う"":60,""アーキタイプ・共通メカニズムと相性が良い"":27,""主色外のマナ供給が不足"":21}","[""カード情報からの推定単体評価"",""現在の主色に合う"",""アーキタイプ・共通メカニズムと相性が良い"",""主色外のマナ供給が不足""]"
"f30a084c-5705-40f5-8e0d-2083d33973c7","Curse-Marred Demon","56","6.928571428571429","15","0","0","0.06666666666666667","0","","not-applicable-14-card-packs","54.344392","54.344392","","2.0592885","2.0371622","4.869282928571429","53.263800136","51.4","34.400000136","1.6300985374636807","0.40121232821761527","0.7082792207792209","0","0","{""base"":53.26380013600006,""mana"":0,""color"":1.6300985374636807,""synergy"":0.40121232821761527,""curve"":0.7082792207792209,""creature"":0.47435064935064924,""removal"":0,""duplicate"":0,""fixing"":0}","{""保存WRを参考にした単体評価"":56,""現在の主色に合う"":45,""アーキタイプ・共通メカニズムと相性が良い"":26,""4マナのクリーチャーを補強"":32,""クリーチャー不足を補う"":27,""主色外のマナ供給が不足"":10}","[""保存WRを参考にした単体評価"",""現在の主色に合う"",""4マナのクリーチャーを補強"",""クリーチャー不足を補う"",""アーキタイプ・共通メカニズムと相性が良い""]"
"f3ed157f-a09b-405f-aec4-0e7a81d80fc8","Woodwork Prodigy // Soul Tether","70","11.857142857142858","17","0","0","0","0","","not-applicable-14-card-packs","49.587397","49.587397","48.45735","4.7089041","3.6364559","7.148238757142858","49.587397","49","49.587397","-5.711595703701595","0","0.06831168831168832","0","0","{""base"":49.58739699999991,""mana"":-0.17933753560056376,""color"":-5.711595703701595,""synergy"":0,""curve"":0.06831168831168832,""creature"":0.08493506493506493,""removal"":0,""duplicate"":0,""fixing"":0}","{""保存WRを参考にした単体評価"":70,""主色外のマナ供給が不足"":56,""現在の主色に合う"":14,""3マナのクリーチャーを補強"":5,""クリーチャー不足を補う"":6}","[""保存WRを参考にした単体評価"",""主色外のマナ供給が不足"",""現在の主色に合う"",""クリーチャー不足を補う"",""3マナのクリーチャーを補強""]"
"f47419a5-b975-4934-a987-ea064a0c7c1a","Warrior's Blades","96","10.21875","39","0","0","0.02564102564102564","0","","not-applicable-14-card-packs","53.215859","53.215859","","6.3437014","4.7719156","3.8750486000000004","53.215859","47.4","53.215859","-4.591137495279802","0","0","0.0004261363636363636","0","{""base"":53.21585899999994,""mana"":-0.271110870769326,""color"":-4.591137495279802,""synergy"":0,""curve"":0,""creature"":0,""removal"":0.0004261363636363636,""duplicate"":0,""fixing"":0}","{""保存WRを参考にした単体評価"":96,""現在の主色に合う"":16,""火力・マイナス修整"":16,""主色外のマナ供給が不足"":56,""スプラッシュ用のマナ供給あり"":23}","[""保存WRを参考にした単体評価"",""主色外のマナ供給が不足"",""スプラッシュ用のマナ供給あり"",""現在の主色に合う"",""火力・マイナス修整""]"
"f7b754d3-9863-420d-895d-00e70b8b078a","Danitha, Sword of Hope","69","10.492753623188406","22","0","0","0","0","","not-applicable-14-card-packs","48.556875999999995","48.556875999999995","","8.7583774","6.052","1.7343762231884057","49.108899963999995","49.9","28.599999963999995","-0.7941524274064474","0","0.31805006587615275","0","-0.18115942028985507","{""base"":49.10889996400007,""mana"":0,""color"":-0.7941524274064474,""synergy"":0,""curve"":0.31805006587615275,""creature"":0.28063241106719367,""removal"":0,""duplicate"":-0.18115942028985507,""fixing"":0}","{""保存WRを参考にした単体評価"":69,""現在の主色に合う"":43,""3マナのクリーチャーを補強"":19,""主色外のマナ供給が不足"":26,""クリーチャー不足を補う"":21}","[""保存WRを参考にした単体評価"",""現在の主色に合う"",""主色外のマナ供給が不足"",""クリーチャー不足を補う"",""3マナのクリーチャーを補強""]"
"f8601f5f-0f7c-4689-9d15-137f1e82c49c","Generous Revival","102","6.490196078431373","35","0","0","0.6285714285714286","0","","not-applicable-14-card-packs","55.193327999999994","55.193327999999994","","5.6687403","4.5069483","0.821455778431373","55.193327999999994","43","55.193327999999994","0.8285351957986158","0","0","0","0","{""base"":55.19332800000002,""mana"":0,""color"":0.8285351957986158,""synergy"":0,""curve"":0,""creature"":0,""removal"":0,""duplicate"":0,""fixing"":0}","{""保存WRを参考にした単体評価"":102,""主色外のマナ供給が不足"":18,""現在の主色に合う"":62}","[""保存WRを参考にした単体評価"",""現在の主色に合う"",""主色外のマナ供給が不足""]"
"f89b0143-4b19-4ab1-a96b-356b21e435ef","Yuriko, Blade of the Mighty","63","9.301587301587302","20","0","0","0","0","","not-applicable-14-card-packs","52.310230999999995","52.310230999999995","","7.839196","5.1763192","1.462391301587302","50.06039998599999","46.6","31.699999985999995","-0.3908813218938947","0","0.4252525252525253","0","-0.1984126984126984","{""base"":50.06039998599999,""mana"":0,""color"":-0.3908813218938947,""synergy"":0,""curve"":0.4252525252525253,""creature"":0.35238095238095224,""removal"":0,""duplicate"":-0.1984126984126984,""fixing"":0}","{""保存WRを参考にした単体評価"":63,""現在の主色に合う"":41,""4マナのクリーチャーを補強"":21,""クリーチャー不足を補う"":23,""主色外のマナ供給が不足"":12,""スプラッシュ用のマナ供給あり"":10}","[""保存WRを参考にした単体評価"",""現在の主色に合う"",""クリーチャー不足を補う"",""4マナのクリーチャーを補強"",""主色外のマナ供給が不足""]"
"fa1cc78f-26bc-4d5d-973b-7cb7d7490973","Twinned Vision","247","5.255060728744939","80","9","0.1125","0.9875","0","","not-applicable-14-card-packs","57.662800999999995","57.662800999999995","56.79071999999999","6.4393505","4.903497","-1.1842897712550604","57.662800999999995","45.5","57.662800999999995","-0.6252242893482591","0.2197612241045883","0","0","0","{""base"":57.662801000000265,""mana"":-0.32432989551863733,""color"":-0.6252242893482591,""synergy"":0.2197612241045883,""curve"":0,""creature"":0,""removal"":0,""duplicate"":0,""fixing"":0}","{""保存WRを参考にした単体評価"":247,""現在の主色に合う"":106,""アーキタイプ・共通メカニズムと相性が良い"":58,""主色外のマナ供給が不足"":62}","[""保存WRを参考にした単体評価"",""現在の主色に合う"",""主色外のマナ供給が不足"",""アーキタイプ・共通メカニズムと相性が良い""]"
"fa8b3557-b35a-4a68-ab85-cf09683f3bc5","Jiang Yanggu, Alone","95","7.094736842105263","45","0","0","0.2222222222222222","0","","not-applicable-14-card-packs","55.387204999999994","55.387204999999994","","8.878327","6.0103806","-1.7835901578947375","53.97139976999999","51.9","32.899999769999994","0.5073401073508598","0.24858848247917628","0","0","-0.2631578947368421","{""base"":53.97139977000004,""mana"":0,""color"":0.5073401073508598,""synergy"":0.24858848247917628,""curve"":0,""creature"":0.3054545454545455,""removal"":0,""duplicate"":-0.2631578947368421,""fixing"":0}","{""保存WRを参考にした単体評価"":95,""現在の主色に合う"":59,""クリーチャー不足を補う"":35,""アーキタイプ・共通メカニズムと相性が良い"":28,""主色外のマナ供給が不足"":24,""スプラッシュ用のマナ供給あり"":2}","[""保存WRを参考にした単体評価"",""現在の主色に合う"",""クリーチャー不足を補う"",""アーキタイプ・共通メカニズムと相性が良い"",""主色外のマナ供給が不足""]"
"fc3353e9-fe24-4ca7-bff8-9da767f2903a","Countersculpt","92","1.5108695652173914","37","34","0.918918918918919","1","0","","not-applicable-14-card-packs","60.376812","60.376812","57.231041000000005","3.9973118","3.4908907","-2.4864422347826087","60.376812","47.92","60.376812","0.8494050991809934","0.10763404885886145","0","0.16719367588932812","0","{""base"":60.3768120000001,""mana"":0,""color"":0.8494050991809934,""synergy"":0.10763404885886145,""curve"":0,""creature"":0,""removal"":0.16719367588932812,""duplicate"":0,""fixing"":0}","{""保存WRを参考にした単体評価"":92,""現在の主色に合う"":44,""バウンス・打ち消し"":45,""主色外のマナ供給が不足"":10}","[""保存WRを参考にした単体評価"",""バウンス・打ち消し"",""現在の主色に合う"",""主色外のマナ供給が不足""]"
"fcb35d42-bcd2-427c-9640-ff3602b79912","Vigorbloom Annex","256","7.640625","80","0","0","0.025","0","","not-applicable-14-card-packs","52.86944","52.86944","53.468697","9.2766467","6.3110295","-1.6360217000000006","52.86944","45","52.86944","0","0","0","0","0","{""base"":52.86944000000026,""mana"":0,""color"":0,""synergy"":0,""curve"":0,""creature"":0,""removal"":0,""duplicate"":0,""fixing"":0.8422969018703991}","{""保存WRを参考にした単体評価"":256,""主色のマナ基盤を補強"":44}","[""保存WRを参考にした単体評価"",""主色のマナ基盤を補強""]"
"fe7938ce-6289-4bf8-a8f5-85ecccbb7f86","Graft Surgeon","245","9.718367346938775","91","0","0","0","0","","not-applicable-14-card-packs","51.082803","51.082803","","10.728483","7.1011713","-1.0101156530612254","50.291000354999994","47.4","40.100000355","0.47160519505100773","0","0.36061224489795884","0","0","{""base"":50.29100035500005,""mana"":0,""color"":0.47160519505100773,""synergy"":0,""curve"":0.36061224489795884,""creature"":0.34441558441558456,""removal"":0,""duplicate"":0,""fixing"":0}","{""保存WRを参考にした単体評価"":245,""現在の主色に合う"":180,""3マナのクリーチャーを補強"":74,""クリーチャー不足を補う"":88,""主色外のマナ供給が不足"":65}","[""保存WRを参考にした単体評価"",""現在の主色に合う"",""クリーチャー不足を補う"",""3マナのクリーチャーを補強"",""主色外のマナ供給が不足""]"
"fe99d90e-4809-4310-a3f7-ceb540511d55","Blessed Ghoul","270","11.781481481481482","88","0","0","0","0","","not-applicable-14-card-packs","49.666913","49.666913","53.309481000000005","9.1655172","6.0495059","2.6159642814814816","49.666913","53.5","49.666913","-5.0152952181642245","0","0","0","0","{""base"":49.66691299999967,""mana"":-0.22793789185677404,""color"":-5.0152952181642245,""synergy"":0,""curve"":0,""creature"":0.15212121212121213,""removal"":0,""duplicate"":0,""fixing"":0}","{""保存WRを参考にした単体評価"":270,""主色外のマナ供給が不足"":211,""現在の主色に合う"":59,""クリーチャー不足を補う"":41}","[""保存WRを参考にした単体評価"",""主色外のマナ供給が不足"",""現在の主色に合う"",""クリーチャー不足を補う""]"
