"key","name","appearances","averagePick","p1Appearances","p1p1Count","p1p1Rate","p1p5Rate","lastPickRate","survivesTo15Rate","survivesTo15Status","wr","gihWR","ohWR","ata","alsa","ataDifference","baseValue","heuristicValue","wrContribution","meanColorAdjustment","meanSynergyAdjustment","meanCurveAdjustment","meanRemovalAdjustment","meanDuplicateAdjustment","meanComponents","reasonCounts","reasons"
"008a11c1-d283-49fe-abd7-ff4fe8b1fe79","Rhovanion Rampager","57","5.684210526315789","24","0","0","0.2916666666666667","0","","not-applicable-14-card-packs","","","","","","","48.6","48.6","0","0.8880689656542244","0.2790787113332056","0.4558213716108453","0","0","{""base"":48.59999999999995,""mana"":0,""color"":0.8880689656542244,""synergy"":0.2790787113332056,""curve"":0.4558213716108453,""creature"":0.2765550239234449,""removal"":0,""duplicate"":0,""fixing"":0}","{""カード情報からの推定単体評価"":57,""現在の主色に合う"":38,""アーキタイプ・共通メカニズムと相性が良い"":17,""3マナのクリーチャーを補強"":23,""主色外のマナ供給が不足"":12,""クリーチャー不足を補う"":16}","[""カード情報からの推定単体評価"",""現在の主色に合う"",""3マナのクリーチャーを補強"",""アーキタイプ・共通メカニズムと相性が良い"",""クリーチャー不足を補う""]"
"011da9c5-aa8a-4fa0-b1f2-62b9f3760476","Belladonna Took","54","2","21","16","0.7619047619047619","1","0","","not-applicable-14-card-packs","","","","","","","51.9","51.9","0","1.1975333019728795","0","0.46220538720538734","0","-0.09259259259259259","{""base"":51.90000000000005,""mana"":0,""color"":1.1975333019728795,""synergy"":0,""curve"":0.46220538720538734,""creature"":0.3555555555555556,""removal"":0,""duplicate"":-0.09259259259259259,""fixing"":0}","{""カード情報からの推定単体評価"":54,""現在の主色に合う"":30,""2マナのクリーチャーを補強"":19,""クリーチャー不足を補う"":14,""主色外のマナ供給が不足"":3}","[""カード情報からの推定単体評価"",""現在の主色に合う"",""2マナのクリーチャーを補強"",""クリーチャー不足を補う"",""主色外のマナ供給が不足""]"
"0296d57e-e5b9-456f-bb21-eb584adefb4c","Gollum, Silent Slinker // Meager Meal","292","3.7945205479452055","104","12","0.11538461538461539","0.8846153846153846","0","","not-applicable-14-card-packs","","","","","","","50.2","50.2","0","1.5994098216220378","0","0.7164072229140727","0","-0.4452054794520548","{""base"":50.200000000000244,""mana"":0,""color"":1.5994098216220378,""synergy"":0,""curve"":0.7164072229140727,""creature"":0.3780821917808222,""removal"":0,""duplicate"":-0.4452054794520548,""fixing"":0}","{""カード情報からの推定単体評価"":292,""主色外のマナ供給が不足"":11,""現在の主色に合う"":189,""4マナのクリーチャーを補強"":153,""クリーチャー不足を補う"":99}","[""カード情報からの推定単体評価"",""現在の主色に合う"",""4マナのクリーチャーを補強"",""クリーチャー不足を補う"",""主色外のマナ供給が不足""]"
"03253076-9add-4efb-9227-b0a062c86534","Nori, Teller of Tales","293","8.948805460750853","83","0","0","0.3132530120481928","0","","not-applicable-14-card-packs","","","","","","","49","49","0","-2.830162168850306","0","0.129304995345951","0","-0.5802047781569966","{""base"":49,""mana"":-0.23623035677759394,""color"":-2.830162168850306,""synergy"":0,""curve"":0.129304995345951,""creature"":0.1185851690971145,""removal"":0,""duplicate"":-0.5802047781569966,""fixing"":0}","{""カード情報からの推定単体評価"":293,""主色外のマナ供給が不足"":161,""現在の主色に合う"":105,""2マナのクリーチャーを補強"":47,""クリーチャー不足を補う"":40}","[""カード情報からの推定単体評価"",""主色外のマナ供給が不足"",""現在の主色に合う"",""2マナのクリーチャーを補強"",""クリーチャー不足を補う""]"
"051ff7e0-dd00-4467-8796-a5d1c21934ed","Bejeweled Warg","49","1.836734693877551","16","15","0.9375","1","0","","not-applicable-14-card-packs","","","","","","","52.199999999999996","52.199999999999996","0","1.454137682641737","0.3019879802224224","0.40241187384044536","0","0","{""base"":52.199999999999996,""mana"":0,""color"":1.454137682641737,""synergy"":0.3019879802224224,""curve"":0.40241187384044536,""creature"":0.3016697588126159,""removal"":0,""duplicate"":0,""fixing"":0}","{""カード情報からの推定単体評価"":49,""現在の主色に合う"":29,""アーキタイプ・共通メカニズムと相性が良い"":16,""2マナのクリーチャーを補強"":14,""クリーチャー不足を補う"":12,""主色外のマナ供給が不足"":4}","[""カード情報からの推定単体評価"",""現在の主色に合う"",""アーキタイプ・共通メカニズムと相性が良い"",""2マナのクリーチャーを補強"",""クリーチャー不足を補う""]"
"0523e271-5e0b-4e4b-9eac-86f915d18952","Head of the Hunt","52","4.826923076923077","13","0","0","0.5384615384615384","0","","not-applicable-14-card-packs","","","","","","","48.6","48.6","0","2.2919172213698786","0","0.9043706293706293","0","0","{""base"":48.59999999999995,""mana"":0,""color"":2.2919172213698786,""synergy"":0,""curve"":0.9043706293706293,""creature"":0.4342657342657342,""removal"":0,""duplicate"":0,""fixing"":0}","{""カード情報からの推定単体評価"":52,""現在の主色に合う"":42,""4マナのクリーチャーを補強"":35,""主色外のマナ供給が不足"":3,""クリーチャー不足を補う"":23}","[""カード情報からの推定単体評価"",""現在の主色に合う"",""4マナのクリーチャーを補強"",""クリーチャー不足を補う"",""主色外のマナ供給が不足""]"
"09f09d0a-6054-4545-b81e-0295773cc5f0","The Arkenstone // Seek the Heart","31","8.612903225806452","10","0","0","0","0","","not-applicable-14-card-packs","","","","","","","46.1","46.1","0","0","0","0","0","0","{""base"":46.09999999999999,""mana"":0,""color"":0,""synergy"":0,""curve"":0,""creature"":0,""removal"":0,""duplicate"":0,""fixing"":0}","{""カード情報からの推定単体評価"":31}","[""カード情報からの推定単体評価""]"
"0d420e41-43e9-41d6-832c-5a9f410c994e","Balin, Loremaster","43","7.674418604651163","19","0","0","0.05263157894736842","0","","not-applicable-14-card-packs","","","","","","","47.8","47.8","0","0.95397778539006","0.17241907712015844","0","0","-0.05813953488372093","{""base"":47.79999999999997,""mana"":0,""color"":0.95397778539006,""synergy"":0.17241907712015844,""curve"":0,""creature"":0.11543340380549684,""removal"":0,""duplicate"":-0.05813953488372093,""fixing"":0}","{""カード情報からの推定単体評価"":43,""現在の主色に合う"":31,""アーキタイプ・共通メカニズムと相性が良い"":9,""クリーチャー不足を補う"":6,""主色外のマナ供給が不足"":11}","[""カード情報からの推定単体評価"",""現在の主色に合う"",""主色外のマナ供給が不足"",""アーキタイプ・共通メカニズムと相性が良い"",""クリーチャー不足を補う""]"
"0ea58cfe-b37c-49a6-a3be-7e60065b8238","Tom, Bert, and William","68","7.852941176470588","21","0","0","0.5714285714285714","0","","not-applicable-14-card-packs","","","","","","","49.4","49.4","0","-2.309648335534251","0.31373846223726465","0","0","-0.14705882352941177","{""base"":49.400000000000055,""mana"":-0.2586082411221797,""color"":-2.309648335534251,""synergy"":0.31373846223726465,""curve"":0,""creature"":0.09545454545454544,""removal"":0,""duplicate"":-0.14705882352941177,""fixing"":0}","{""カード情報からの推定単体評価"":68,""主色外のマナ供給が不足"":23,""現在の主色に合う"":25,""アーキタイプ・共通メカニズムと相性が良い"":16,""クリーチャー不足を補う"":8,""スプラッシュ用のマナ供給あり"":8}","[""カード情報からの推定単体評価"",""現在の主色に合う"",""主色外のマナ供給が不足"",""アーキタイプ・共通メカニズムと相性が良い"",""クリーチャー不足を補う""]"
"0f208cd3-7673-4380-9cb8-5b6f09966ebd","Lake-town Toymaker","164","5.987804878048781","64","0","0","0.34375","0","","not-applicable-14-card-packs","","","","","","","48.2","48.2","0","1.3314730161016184","0","0.6904101995565407","0","0","{""base"":48.199999999999875,""mana"":0,""color"":1.3314730161016184,""synergy"":0,""curve"":0.6904101995565407,""creature"":0.3003325942350335,""removal"":0,""duplicate"":0,""fixing"":0}","{""カード情報からの推定単体評価"":164,""現在の主色に合う"":121,""4マナのクリーチャーを補強"":85,""クリーチャー不足を補う"":54,""主色外のマナ供給が不足"":16,""スプラッシュ用のマナ供給あり"":5}","[""カード情報からの推定単体評価"",""現在の主色に合う"",""4マナのクリーチャーを補強"",""クリーチャー不足を補う"",""主色外のマナ供給が不足""]"
"11932191-4b19-49b1-bfe4-abb7b83b2e59","Silvan Reveler","176","7.704545454545454","66","0","0","0.42424242424242425","0","","not-applicable-14-card-packs","","","","","","","49.1","49.1","0","-1.846555169882818","0.3298760498050946","0.15232438016528926","0","0","{""base"":49.10000000000016,""mana"":-0.2858550214696098,""color"":-1.846555169882818,""synergy"":0.3298760498050946,""curve"":0.15232438016528926,""creature"":0.05981404958677686,""removal"":0,""duplicate"":0,""fixing"":0}","{""カード情報からの推定単体評価"":176,""スプラッシュ用のマナ供給あり"":18,""主色外のマナ供給が不足"":64,""現在の主色に合う"":66,""4マナのクリーチャーを補強"":33,""アーキタイプ・共通メカニズムと相性が良い"":43,""クリーチャー不足を補う"":10}","[""カード情報からの推定単体評価"",""現在の主色に合う"",""主色外のマナ供給が不足"",""アーキタイプ・共通メカニズムと相性が良い"",""4マナのクリーチャーを補強""]"
"15211eaa-d906-4b95-8942-2f49d3cb4b81","Uneasy Partings","279","11.505376344086022","94","0","0","0","0","","not-applicable-14-card-packs","","","","","","","43","43","0","0.14035482007059472","0","0","0","0","{""base"":43,""mana"":0,""color"":0.14035482007059472,""synergy"":0,""curve"":0,""creature"":0,""removal"":0,""duplicate"":0,""fixing"":0}","{""カード情報からの推定単体評価"":279,""現在の主色に合う"":196,""主色外のマナ供給が不足"":60,""スプラッシュ用のマナ供給あり"":23}","[""カード情報からの推定単体評価"",""現在の主色に合う"",""主色外のマナ供給が不足"",""スプラッシュ用のマナ供給あり""]"
"169a4a77-12ff-4997-9550-bdcd456aa2f7","The Eagles Are Coming!","55","10.527272727272727","20","0","0","0","0","","not-applicable-14-card-packs","","","","","","","43.4","43.4","0","0.32856313711735297","0","0","0","0","{""base"":43.40000000000004,""mana"":0,""color"":0.32856313711735297,""synergy"":0,""curve"":0,""creature"":0,""removal"":0,""duplicate"":0,""fixing"":0}","{""カード情報からの推定単体評価"":55,""現在の主色に合う"":38,""主色外のマナ供給が不足"":17}","[""カード情報からの推定単体評価"",""現在の主色に合う"",""主色外のマナ供給が不足""]"
"17492186-9814-4c41-8111-1f000a96c212","Hobbit Hole","284","9.538732394366198","89","0","0","0","0","","not-applicable-14-card-packs","","","","","","","45","45","0","0","0.7607291986191567","0","0","0","{""base"":45,""mana"":0,""color"":0,""synergy"":0.7607291986191567,""curve"":0,""creature"":0,""removal"":0,""duplicate"":0,""fixing"":0}","{""カード情報からの推定単体評価"":284,""アーキタイプ・共通メカニズムと相性が良い"":162}","[""カード情報からの推定単体評価"",""アーキタイプ・共通メカニズムと相性が良い""]"
"188a3f61-3f7c-450d-8ee7-e12ad13b86c6","Gnashing of Teeth","158","7.474683544303797","50","0","0","0.06","0","","not-applicable-14-card-packs","","","","","","","47.4","47.4","0","1.5821396517990933","0","0","0.12790563866513233","0","{""base"":47.39999999999987,""mana"":0,""color"":1.5821396517990933,""synergy"":0,""curve"":0,""creature"":0,""removal"":0.12790563866513233,""duplicate"":0,""fixing"":0}","{""カード情報からの推定単体評価"":158,""現在の主色に合う"":129,""火力・マイナス修整"":131,""主色外のマナ供給が不足"":26}","[""カード情報からの推定単体評価"",""火力・マイナス修整"",""現在の主色に合う"",""主色外のマナ供給が不足""]"
"20535126-f811-4386-bdce-d73f30691724","Smaug, Wicked Worm","45","2.8","16","16","1","1","0","","not-applicable-14-card-packs","","","","","","","53.9","53.9","0","-0.1905242303881161","0","0","0","-0.05555555555555555","{""base"":53.90000000000004,""mana"":-0.3844751501211115,""color"":-0.1905242303881161,""synergy"":0,""curve"":0,""creature"":0.20727272727272725,""removal"":0,""duplicate"":-0.05555555555555555,""fixing"":0}","{""カード情報からの推定単体評価"":45,""主色外のマナ供給が不足"":6,""現在の主色に合う"":19,""クリーチャー不足を補う"":7,""スプラッシュ用のマナ供給あり"":4}","[""カード情報からの推定単体評価"",""現在の主色に合う"",""クリーチャー不足を補う"",""主色外のマナ供給が不足"",""スプラッシュ用のマナ供給あり""]"
"27e17542-549b-4c05-8091-c10a245c916b","Great Ugly-Looking Goblin // Clap! Snap!","154","8.733766233766234","46","0","0","0.021739130434782608","0","","not-applicable-14-card-packs","","","","","","","45.8","45.8","0","1.1773052132109585","0","-0.020897284533648166","0","-0.10909090909090907","{""base"":45.80000000000012,""mana"":0,""color"":1.1773052132109585,""synergy"":0,""curve"":-0.020897284533648166,""creature"":0.29681227863046067,""removal"":0,""duplicate"":-0.10909090909090907,""fixing"":0}","{""カード情報からの推定単体評価"":154,""現在の主色に合う"":128,""クリーチャー不足を補う"":48,""主色外のマナ供給が不足"":25}","[""カード情報からの推定単体評価"",""現在の主色に合う"",""クリーチャー不足を補う"",""主色外のマナ供給が不足""]"
"2802069f-201e-43a7-b5d3-43a95951a2ec","Glamdring, Foe-hammer // Gleam of Death","55","10.763636363636364","17","0","0","0","0","","not-applicable-14-card-packs","","","","","","","43.4","43.4","0","0","0.30462411399599604","0","0","-0.18181818181818182","{""base"":43.40000000000004,""mana"":0,""color"":0,""synergy"":0.30462411399599604,""curve"":0,""creature"":0,""removal"":0,""duplicate"":-0.18181818181818182,""fixing"":0}","{""カード情報からの推定単体評価"":55,""アーキタイプ・共通メカニズムと相性が良い"":17}","[""カード情報からの推定単体評価"",""アーキタイプ・共通メカニズムと相性が良い""]"
"288da486-393c-4995-ad02-c5093a71970d","Beorn, Reluctant Host // Till and Tend","327","3.492354740061162","115","29","0.25217391304347825","1","0","","not-applicable-14-card-packs","","","","","","","51","51","0","1.5308366158945828","0","0","0","-0.4740061162079511","{""base"":51,""mana"":0,""color"":1.5308366158945828,""synergy"":0,""curve"":0,""creature"":0.19566305254378674,""removal"":0,""duplicate"":-0.4740061162079511,""fixing"":0}","{""カード情報からの推定単体評価"":327,""現在の主色に合う"":202,""クリーチャー不足を補う"":48,""主色外のマナ供給が不足"":10}","[""カード情報からの推定単体評価"",""現在の主色に合う"",""クリーチャー不足を補う"",""主色外のマナ供給が不足""]"
"28ffddca-a3c4-467d-a2dc-2c5e62393e11","Woodland Weavemaster","159","6.459119496855346","50","0","0","0.22","0","","not-applicable-14-card-packs","","","","","","","48.2","48.2","0","1.7138886196900178","0","0.31829616923956544","0","0","{""base"":48.199999999999875,""mana"":0,""color"":1.7138886196900178,""synergy"":0,""curve"":0.31829616923956544,""creature"":0.19519725557461404,""removal"":0,""duplicate"":0,""fixing"":0}","{""カード情報からの推定単体評価"":159,""主色外のマナ供給が不足"":21,""現在の主色に合う"":127,""2マナのクリーチャーを補強"":60,""クリーチャー不足を補う"":33}","[""カード情報からの推定単体評価"",""現在の主色に合う"",""2マナのクリーチャーを補強"",""クリーチャー不足を補う"",""主色外のマナ供給が不足""]"
"2a2ea189-b663-4f4a-bb23-ff7a4af25f71","Settle the Wreckage","43","10.627906976744185","18","0","0","0","0","","not-applicable-14-card-packs","","","","","","","43.4","43.4","0","0.66194898432341","0","0","0","0","{""base"":43.400000000000034,""mana"":0,""color"":0.66194898432341,""synergy"":0,""curve"":0,""creature"":0,""removal"":0,""duplicate"":0,""fixing"":0}","{""カード情報からの推定単体評価"":43,""主色外のマナ供給が不足"":9,""現在の主色に合う"":34}","[""カード情報からの推定単体評価"",""現在の主色に合う"",""主色外のマナ供給が不足""]"
"2c195485-83f9-424f-854a-50c4f5b04182","Thranduil's Company","53","8.528301886792454","13","0","0","0.15384615384615385","0","","not-applicable-14-card-packs","","","","","","","48.6","48.6","0","-2.2043772806868835","0.24383341080086152","0.14777015437392796","0","0","{""base"":48.59999999999995,""mana"":-0.19923846997700617,""color"":-2.2043772806868835,""synergy"":0.24383341080086152,""curve"":0.14777015437392796,""creature"":0.10600343053173242,""removal"":0,""duplicate"":0,""fixing"":0}","{""カード情報からの推定単体評価"":53,""現在の主色に合う"":22,""アーキタイプ・共通メカニズムと相性が良い"":14,""主色外のマナ供給が不足"":20,""スプラッシュ用のマナ供給あり"":9,""クリーチャー不足を補う"":5,""4マナのクリーチャーを補強"":8}","[""カード情報からの推定単体評価"",""現在の主色に合う"",""主色外のマナ供給が不足"",""アーキタイプ・共通メカニズムと相性が良い"",""スプラッシュ用のマナ供給あり""]"
"2e728381-6db0-4c66-883d-82d718fef833","My Precious // Allure of Power","45","8.733333333333333","16","0","0","0","0","","not-applicable-14-card-packs","","","","","","","45.9","45.9","0","0","0.5920080068376451","0","0","-0.05555555555555555","{""base"":45.90000000000003,""mana"":0,""color"":0,""synergy"":0.5920080068376451,""curve"":0,""creature"":0,""removal"":0,""duplicate"":-0.05555555555555555,""fixing"":0}","{""カード情報からの推定単体評価"":45,""アーキタイプ・共通メカニズムと相性が良い"":19}","[""カード情報からの推定単体評価"",""アーキタイプ・共通メカニズムと相性が良い""]"
"30c3c700-46f4-4a77-8c45-5c7e3a21bd62","Wizard's Staff","52","10.615384615384615","10","0","0","0","0","","not-applicable-14-card-packs","","","","","","","43.4","43.4","0","0.9432585917008005","0.13238634910343977","0","0","0","{""base"":43.40000000000004,""mana"":0,""color"":0.9432585917008005,""synergy"":0.13238634910343977,""curve"":0,""creature"":0,""removal"":0,""duplicate"":0,""fixing"":0}","{""カード情報からの推定単体評価"":52,""現在の主色に合う"":40,""主色外のマナ供給が不足"":12,""アーキタイプ・共通メカニズムと相性が良い"":7}","[""カード情報からの推定単体評価"",""現在の主色に合う"",""主色外のマナ供給が不足"",""アーキタイプ・共通メカニズムと相性が良い""]"
"30ca8e92-5955-46a1-86c1-094a873f518f","Beorn the Fierce","31","1.5483870967741935","6","6","1","1","0","","not-applicable-14-card-packs","","","","","","","55.7","55.7","0","0.9569750667916632","0","0","0","0","{""base"":55.70000000000003,""mana"":0,""color"":0.9569750667916632,""synergy"":0,""curve"":0,""creature"":0.3571847507331378,""removal"":0,""duplicate"":0,""fixing"":0}","{""カード情報からの推定単体評価"":31,""現在の主色に合う"":20,""クリーチャー不足を補う"":7,""主色外のマナ供給が不足"":5}","[""カード情報からの推定単体評価"",""現在の主色に合う"",""クリーチャー不足を補う"",""主色外のマナ供給が不足""]"
"32ad5b3e-92c0-45be-b2e4-6f1794552f36","The Mountain-king's Return","161","8.726708074534162","54","0","0","0","0","","not-applicable-14-card-packs","","","","","","","45.5","45.5","0","1.6441274562993942","0.7182732821675931","0","0","0","{""base"":45.5,""mana"":0,""color"":1.6441274562993942,""synergy"":0.7182732821675931,""curve"":0,""creature"":0,""removal"":0,""duplicate"":0,""fixing"":0}","{""カード情報からの推定単体評価"":161,""現在の主色に合う"":139,""アーキタイプ・共通メカニズムと相性が良い"":82,""主色外のマナ供給が不足"":22}","[""カード情報からの推定単体評価"",""現在の主色に合う"",""アーキタイプ・共通メカニズムと相性が良い"",""主色外のマナ供給が不足""]"
"34d34f2c-06ff-4acf-8f2f-ff867774b777","Most Decrepit Old Bird // Speak Secrets","42","2.380952380952381","9","5","0.5555555555555556","1","0","","not-applicable-14-card-packs","","","","","","","51.4","51.4","0","1.792084624082597","0","0","0","0","{""base"":51.400000000000034,""mana"":0,""color"":1.792084624082597,""synergy"":0,""curve"":0,""creature"":0.39090909090909093,""removal"":0,""duplicate"":0,""fixing"":0}","{""カード情報からの推定単体評価"":42,""現在の主色に合う"":31,""クリーチャー不足を補う"":13,""主色外のマナ供給が不足"":2}","[""カード情報からの推定単体評価"",""現在の主色に合う"",""クリーチャー不足を補う"",""主色外のマナ供給が不足""]"
"3678c06f-8a33-4a6d-bf20-5b92d5c05a95","The Lonely Mountain","54","9.37037037037037","11","0","0","0","0","","not-applicable-14-card-packs","","","","","","","45.4","45.4","0","0","0.2976490428729279","0","0","0","{""base"":45.40000000000004,""mana"":0,""color"":0,""synergy"":0.2976490428729279,""curve"":0,""creature"":0,""removal"":0,""duplicate"":0,""fixing"":0}","{""カード情報からの推定単体評価"":54,""アーキタイプ・共通メカニズムと相性が良い"":18}","[""カード情報からの推定単体評価"",""アーキタイプ・共通メカニズムと相性が良い""]"
"372d7086-b7dc-4b6d-bdf6-e9ed9c995456","Chief Warg's Company","56","3.4464285714285716","19","17","0.8947368421052632","1","0","","not-applicable-14-card-packs","","","","","","","53","53","0","-0.7583695274461677","0","0.27451298701298704","0","0","{""base"":53,""mana"":-0.34364445990900866,""color"":-0.7583695274461677,""synergy"":0,""curve"":0.27451298701298704,""creature"":0.14707792207792209,""removal"":0,""duplicate"":0,""fixing"":0}","{""カード情報からの推定単体評価"":56,""主色外のマナ供給が不足"":16,""現在の主色に合う"":21,""3マナのクリーチャーを補強"":12,""クリーチャー不足を補う"":6}","[""カード情報からの推定単体評価"",""現在の主色に合う"",""主色外のマナ供給が不足"",""3マナのクリーチャーを補強"",""クリーチャー不足を補う""]"
"37f82ad8-4f0b-4b17-abcc-03f43d4fdf1c","Great Fierce Bee","287","4.2787456445993035","85","3","0.03529411764705882","0.7529411764705882","0","","not-applicable-14-card-packs","","","","","","","49.4","49.4","0","1.692939226379825","0","0.6085999366487177","0","0","{""base"":49.399999999999764,""mana"":0,""color"":1.692939226379825,""synergy"":0,""curve"":0.6085999366487177,""creature"":0.4238200823566679,""removal"":0,""duplicate"":0,""fixing"":0}","{""カード情報からの推定単体評価"":287,""現在の主色に合う"":208,""3マナのクリーチャーを補強"":140,""クリーチャー不足を補う"":110,""主色外のマナ供給が不足"":15}","[""カード情報からの推定単体評価"",""現在の主色に合う"",""3マナのクリーチャーを補強"",""クリーチャー不足を補う"",""主色外のマナ供給が不足""]"
"38503d34-f4f9-4eeb-9b1e-4fec1df921b3","An Unexpected Party // At the Door","59","10.966101694915254","22","0","0","0","0","","not-applicable-14-card-packs","","","","","","","43.4","43.4","0","0.233446311109263","0","0","0","0","{""base"":43.40000000000004,""mana"":-0.3999999999999997,""color"":0.233446311109263,""synergy"":0,""curve"":0,""creature"":0,""removal"":0,""duplicate"":0,""fixing"":0}","{""カード情報からの推定単体評価"":59,""現在の主色に合う"":45,""主色外のマナ供給が不足"":14}","[""カード情報からの推定単体評価"",""現在の主色に合う"",""主色外のマナ供給が不足""]"
"399cd159-7376-421c-b001-c26f1cbadced","Mirkwood Meditator","311","5.173633440514469","109","1","0.009174311926605505","0.5137614678899083","0","","not-applicable-14-card-packs","","","","","","","49","49","0","1.3958720405253113","0.0838255531383419","0.3581408944752995","0","0","{""base"":49,""mana"":0,""color"":1.3958720405253113,""synergy"":0.0838255531383419,""curve"":0.3581408944752995,""creature"":0.2709733995907631,""removal"":0,""duplicate"":0,""fixing"":0}","{""カード情報からの推定単体評価"":311,""主色外のマナ供給が不足"":43,""現在の主色に合う"":212,""クリーチャー不足を補う"":82,""アーキタイプ・共通メカニズムと相性が良い"":28,""3マナのクリーチャーを補強"":115}","[""カード情報からの推定単体評価"",""現在の主色に合う"",""3マナのクリーチャーを補強"",""クリーチャー不足を補う"",""主色外のマナ供給が不足""]"
"3b38f314-d997-4c2a-b4c9-40dbe780993d","The Lord of the Eagles","48","8.395833333333334","11","0","0","0","0","","not-applicable-14-card-packs","","","","","","","47.8","47.8","0","1.0205073037178798","0","-0.33409090909090905","0","-0.2604166666666667","{""base"":47.79999999999999,""mana"":0,""color"":1.0205073037178798,""synergy"":0,""curve"":-0.33409090909090905,""creature"":0.25340909090909086,""removal"":0,""duplicate"":-0.2604166666666667,""fixing"":0}","{""カード情報からの推定単体評価"":48,""現在の主色に合う"":35,""クリーチャー不足を補う"":13,""主色外のマナ供給が不足"":13}","[""カード情報からの推定単体評価"",""現在の主色に合う"",""クリーチャー不足を補う"",""主色外のマナ供給が不足""]"
"3c4da169-1e50-4790-abdc-214e7b8a2ad5","Thorin's Last Stand","290","4.627586206896551","100","3","0.03","0.8","0","","not-applicable-14-card-packs","","","","","","","49.6","49.6","0","1.5281355786171211","0","0","0.1673040752351098","0","{""base"":49.600000000000236,""mana"":0,""color"":1.5281355786171211,""synergy"":0,""curve"":0,""creature"":0,""removal"":0.1673040752351098,""duplicate"":0,""fixing"":0}","{""カード情報からの推定単体評価"":290,""確定除去"":229,""現在の主色に合う"":197,""主色外のマナ供給が不足"":13}","[""カード情報からの推定単体評価"",""確定除去"",""現在の主色に合う"",""主色外のマナ供給が不足""]"
"3cc333a1-c854-4b7c-8002-910e48222371","Well-Worn Spatula","302","11.105960264900663","102","0","0","0","0","","not-applicable-14-card-packs","","","","","","","43","43","0","0","0.24886755129767016","0","0","0","{""base"":43,""mana"":0,""color"":0,""synergy"":0.24886755129767016,""curve"":0,""creature"":0,""removal"":0,""duplicate"":0,""fixing"":0}","{""カード情報からの推定単体評価"":302,""アーキタイプ・共通メカニズムと相性が良い"":82}","[""カード情報からの推定単体評価"",""アーキタイプ・共通メカニズムと相性が良い""]"
"3cc64ce6-45e2-4dc3-9b28-d7206a131873","Dreaded Bat-Cloud","144","6.791666666666667","51","0","0","0.21568627450980393","0","","not-applicable-14-card-packs","","","","","","","47.8","47.8","0","1.812290076676745","0","0","0","0","{""base"":47.80000000000012,""mana"":0,""color"":1.812290076676745,""synergy"":0,""curve"":0,""creature"":0.29356060606060624,""removal"":0,""duplicate"":0,""fixing"":0}","{""カード情報からの推定単体評価"":144,""現在の主色に合う"":116,""クリーチャー不足を補う"":47,""スプラッシュ用のマナ供給あり"":3,""主色外のマナ供給が不足"":14}","[""カード情報からの推定単体評価"",""現在の主色に合う"",""クリーチャー不足を補う"",""主色外のマナ供給が不足"",""スプラッシュ用のマナ供給あり""]"
"3cd3cdc9-2ed2-4cdf-b58a-12c3a2ef218b","Roads Go Ever, Ever On","50","10.54","17","0","0","0","0","","not-applicable-14-card-packs","","","","","","","43.4","43.4","0","1.1640592159120517","0.34551082558053253","0","0","0","{""base"":43.400000000000034,""mana"":0,""color"":1.1640592159120517,""synergy"":0.34551082558053253,""curve"":0,""creature"":0,""removal"":0,""duplicate"":0,""fixing"":0}","{""カード情報からの推定単体評価"":50,""主色外のマナ供給が不足"":8,""現在の主色に合う"":42,""アーキタイプ・共通メカニズムと相性が良い"":20}","[""カード情報からの推定単体評価"",""現在の主色に合う"",""アーキタイプ・共通メカニズムと相性が良い"",""主色外のマナ供給が不足""]"
"3d39db09-67b7-4a4e-9667-4e1b806f51a5","Moment of Glory","297","11.272727272727273","92","0","0","0","0","","not-applicable-14-card-packs","","","","","","","43","43","0","0.10160715854795431","0","0","0","0","{""base"":43,""mana"":0,""color"":0.10160715854795431,""synergy"":0,""curve"":0,""creature"":0,""removal"":0,""duplicate"":0,""fixing"":0}","{""カード情報からの推定単体評価"":297,""現在の主色に合う"":214,""主色外のマナ供給が不足"":83}","[""カード情報からの推定単体評価"",""現在の主色に合う"",""主色外のマナ供給が不足""]"
"3f4d6f91-95ad-4687-8899-5a21a0abb49e","Elrond, Moon-Reader","39","2.0256410256410255","14","11","0.7857142857142857","1","0","","not-applicable-14-card-packs","","","","","","","52.1","52.1","0","0.7453604670830704","0","0.3497668997668997","0","-0.1282051282051282","{""base"":52.09999999999996,""mana"":0,""color"":0.7453604670830704,""synergy"":0,""curve"":0.3497668997668997,""creature"":0.31048951048951057,""removal"":0,""duplicate"":-0.1282051282051282,""fixing"":0}","{""カード情報からの推定単体評価"":39,""現在の主色に合う"":22,""3マナのクリーチャーを補強"":9,""クリーチャー不足を補う"":8,""主色外のマナ供給が不足"":3}","[""カード情報からの推定単体評価"",""現在の主色に合う"",""3マナのクリーチャーを補強"",""クリーチャー不足を補う"",""主色外のマナ供給が不足""]"
"45d652c4-188e-4f00-acdd-1be014922cbc","Attercop","283","3.381625441696113","80","11","0.1375","0.975","0","","not-applicable-14-card-packs","","","","","","","50.2","50.2","0","1.8113572347035136","0.13749209672667503","0.4283006745904272","0","0","{""base"":50.20000000000023,""mana"":0,""color"":1.8113572347035136,""synergy"":0.13749209672667503,""curve"":0.4283006745904272,""creature"":0.24092515258593025,""removal"":0,""duplicate"":0,""fixing"":0}","{""カード情報からの推定単体評価"":283,""現在の主色に合う"":198,""2マナのクリーチャーを補強"":117,""クリーチャー不足を補う"":59,""アーキタイプ・共通メカニズムと相性が良い"":44,""主色外のマナ供給が不足"":7}","[""カード情報からの推定単体評価"",""現在の主色に合う"",""2マナのクリーチャーを補強"",""クリーチャー不足を補う"",""アーキタイプ・共通メカニズムと相性が良い""]"
"4a5f76e7-40be-4b06-9935-4a3b2672e1c2","Thranduil, the Elvenking","52","8.01923076923077","19","10","0.5263157894736842","1","0","","not-applicable-14-card-packs","","","","","","","52.699999999999996","52.699999999999996","0","-7.258030574424309","0","0","0","-0.04807692307692308","{""base"":52.699999999999974,""mana"":-0.9562044149864198,""color"":-7.258030574424309,""synergy"":0,""curve"":0,""creature"":0,""removal"":0,""duplicate"":-0.04807692307692308,""fixing"":0}","{""カード情報からの推定単体評価"":52,""スプラッシュ用のマナ供給あり"":6,""主色外のマナ供給が不足"":27}","[""カード情報からの推定単体評価"",""主色外のマナ供給が不足"",""スプラッシュ用のマナ供給あり""]"
"4c054431-3667-4e28-9d68-03b43447c35b","Bilbo's Deadly Slice","282","4.797872340425532","94","2","0.02127659574468085","0.8191489361702128","0","","not-applicable-14-card-packs","","","","","","","49.6","49.6","0","1.6076281856568422","0","0","0.12773210831721465","0","{""base"":49.600000000000236,""mana"":0,""color"":1.6076281856568422,""synergy"":0,""curve"":0,""creature"":0,""removal"":0.12773210831721465,""duplicate"":0,""fixing"":0}","{""カード情報からの推定単体評価"":282,""現在の主色に合う"":188,""確定除去"":230,""主色外のマナ供給が不足"":16}","[""カード情報からの推定単体評価"",""確定除去"",""現在の主色に合う"",""主色外のマナ供給が不足""]"
"4c67359d-5590-4eb0-827e-b411967ee238","Uncover the Moon-Letters","42","11.238095238095237","19","0","0","0","0","","not-applicable-14-card-packs","","","","","","","43.4","43.4","0","-0.5844502807000843","0.278535678193111","0","0","0","{""base"":43.400000000000034,""mana"":0,""color"":-0.5844502807000843,""synergy"":0.278535678193111,""curve"":0,""creature"":0,""removal"":0,""duplicate"":0,""fixing"":0}","{""カード情報からの推定単体評価"":42,""現在の主色に合う"":28,""スプラッシュ用のマナ供給あり"":8,""アーキタイプ・共通メカニズムと相性が良い"":13,""主色外のマナ供給が不足"":5}","[""カード情報からの推定単体評価"",""現在の主色に合う"",""アーキタイプ・共通メカニズムと相性が良い"",""スプラッシュ用のマナ供給あり"",""主色外のマナ供給が不足""]"
"4d891515-39da-492e-ac19-1aa524245449","Supper for Spiders","56","10.553571428571429","24","0","0","0","0","","not-applicable-14-card-packs","","","","","","","43.4","43.4","0","0.8958018357287705","0.45764221797342797","0","0","0","{""base"":43.40000000000004,""mana"":0,""color"":0.8958018357287705,""synergy"":0.45764221797342797,""curve"":0,""creature"":0,""removal"":0,""duplicate"":0,""fixing"":0}","{""カード情報からの推定単体評価"":56,""主色外のマナ供給が不足"":16,""現在の主色に合う"":40,""アーキタイプ・共通メカニズムと相性が良い"":26}","[""カード情報からの推定単体評価"",""現在の主色に合う"",""アーキタイプ・共通メカニズムと相性が良い"",""主色外のマナ供給が不足""]"
"514b451b-814d-45fb-a2ba-8fe6f0bdad60","Gollum, Riddle Master","33","2.6363636363636362","9","8","0.8888888888888888","1","0","","not-applicable-14-card-packs","","","","","","","52.1","52.1","0","1.5924102817462904","0","0.39393939393939387","0","0","{""base"":52.09999999999997,""mana"":0,""color"":1.5924102817462904,""synergy"":0,""curve"":0.39393939393939387,""creature"":0.31404958677685946,""removal"":0,""duplicate"":0,""fixing"":0}","{""カード情報からの推定単体評価"":33,""現在の主色に合う"":23,""2マナのクリーチャーを補強"":13,""クリーチャー不足を補う"":7,""主色外のマナ供給が不足"":1}","[""カード情報からの推定単体評価"",""現在の主色に合う"",""2マナのクリーチャーを補強"",""クリーチャー不足を補う"",""主色外のマナ供給が不足""]"
"526f520e-b4bb-4215-9c6b-afc298744f06","Plunder the Trollshaws","314","9.302547770700636","104","0","0","0.009615384615384616","0","","not-applicable-14-card-packs","","","","","","","45.5","45.5","0","0.9137485374257608","0","0","0","0","{""base"":45.5,""mana"":0,""color"":0.9137485374257608,""synergy"":0,""curve"":0,""creature"":0,""removal"":0,""duplicate"":0,""fixing"":0}","{""カード情報からの推定単体評価"":314,""主色外のマナ供給が不足"":66,""現在の主色に合う"":247}","[""カード情報からの推定単体評価"",""現在の主色に合う"",""主色外のマナ供給が不足""]"
"539583f4-21c8-4b61-a2c5-f612fadc3ffa","Last Light of Durin's Day","43","10.581395348837209","16","0","0","0","0","","not-applicable-14-card-packs","","","","","","","43.4","43.4","0","-0.12803333317621282","0.45150636853494763","0","0","0","{""base"":43.400000000000034,""mana"":0,""color"":-0.12803333317621282,""synergy"":0.45150636853494763,""curve"":0,""creature"":0,""removal"":0,""duplicate"":0,""fixing"":0}","{""カード情報からの推定単体評価"":43,""現在の主色に合う"":30,""アーキタイプ・共通メカニズムと相性が良い"":15,""主色外のマナ供給が不足"":13}","[""カード情報からの推定単体評価"",""現在の主色に合う"",""アーキタイプ・共通メカニズムと相性が良い"",""主色外のマナ供給が不足""]"
"53c6c6bf-0256-424d-b937-1cc7d9e2d574","Little Bear","279","6.2831541218638","95","0","0","0.15789473684210525","0","","not-applicable-14-card-packs","","","","","","","48.2","48.2","0","1.5740801622084322","0","0.44144672531769286","0","0","{""base"":48.20000000000021,""mana"":0,""color"":1.5740801622084322,""synergy"":0,""curve"":0.44144672531769286,""creature"":0.1913978494623658,""removal"":0,""duplicate"":0,""fixing"":0}","{""カード情報からの推定単体評価"":279,""主色外のマナ供給が不足"":39,""現在の主色に合う"":225,""3マナのクリーチャーを補強"":116,""クリーチャー不足を補う"":57}","[""カード情報からの推定単体評価"",""現在の主色に合う"",""3マナのクリーチャーを補強"",""クリーチャー不足を補う"",""主色外のマナ供給が不足""]"
"56719f6a-1a6c-4c0a-8d21-18f7d7350b68","Swamp","468","14","165","0","0","0","1","","not-applicable-14-card-packs","","","","","","","12","12","0","0","0","0","0","0","{""base"":12,""mana"":0,""color"":0,""synergy"":0,""curve"":0,""creature"":0,""removal"":0,""duplicate"":0,""fixing"":0}","{""カード情報からの推定単体評価"":468}","[""カード情報からの推定単体評価""]"
"5753f4d6-08d0-4e12-85c5-875ee6441626","Tidings of War","284","11.327464788732394","108","0","0","0","0","","not-applicable-14-card-packs","","","","","","","43","43","0","-0.021369713096161046","0","0","0","0","{""base"":43,""mana"":0,""color"":-0.021369713096161046,""synergy"":0,""curve"":0,""creature"":0,""removal"":0,""duplicate"":0,""fixing"":0}","{""カード情報からの推定単体評価"":284,""主色外のマナ供給が不足"":83,""現在の主色に合う"":201}","[""カード情報からの推定単体評価"",""現在の主色に合う"",""主色外のマナ供給が不足""]"
"58acd6b2-730c-4472-a34a-f2784977aca8","Dori, Bearer of Friends","285","3.9614035087719297","92","8","0.08695652173913043","0.967391304347826","0","","not-applicable-14-card-packs","","","","","","","50.2","50.2","0","1.1694748838903684","0.3208146443446534","0.5444178628389156","0","-0.38596491228070173","{""base"":50.20000000000024,""mana"":0,""color"":1.1694748838903684,""synergy"":0.3208146443446534,""curve"":0.5444178628389156,""creature"":0.2786602870813398,""removal"":0,""duplicate"":-0.38596491228070173,""fixing"":0}","{""カード情報からの推定単体評価"":285,""現在の主色に合う"":173,""アーキタイプ・共通メカニズムと相性が良い"":98,""3マナのクリーチャーを補強"":131,""クリーチャー不足を補う"":68,""主色外のマナ供給が不足"":23}","[""カード情報からの推定単体評価"",""現在の主色に合う"",""3マナのクリーチャーを補強"",""アーキタイプ・共通メカニズムと相性が良い"",""クリーチャー不足を補う""]"
"5b79b68a-db71-4638-824e-ab89b1716c86","Dáin, Lord of the Iron Hills","142","5.704225352112676","53","1","0.018867924528301886","0.5283018867924528","0","","not-applicable-14-card-packs","","","","","","","49","49","0","0.8779748624334268","0","0.33793213828425084","0","-0.1056338028169014","{""base"":49,""mana"":0,""color"":0.8779748624334268,""synergy"":0,""curve"":0.33793213828425084,""creature"":0.291549295774648,""removal"":0,""duplicate"":-0.1056338028169014,""fixing"":0}","{""カード情報からの推定単体評価"":142,""現在の主色に合う"":92,""2マナのクリーチャーを補強"":53,""クリーチャー不足を補う"":37,""主色外のマナ供給が不足"":22}","[""カード情報からの推定単体評価"",""現在の主色に合う"",""2マナのクリーチャーを補強"",""クリーチャー不足を補う"",""主色外のマナ供給が不足""]"
"5ba482e9-fbb0-4d9f-a3a9-414892bcdfed","Dancing from Dark to Dawn","32","10.25","13","0","0","0","0","","not-applicable-14-card-packs","","","","","","","43.6","43.6","0","1.8481737753236624","0.16023290133771922","0","0","0","{""base"":43.59999999999999,""mana"":0,""color"":1.8481737753236624,""synergy"":0.16023290133771922,""curve"":0,""creature"":0,""removal"":0,""duplicate"":0,""fixing"":0}","{""カード情報からの推定単体評価"":32,""現在の主色に合う"":28,""主色外のマナ供給が不足"":4,""アーキタイプ・共通メカニズムと相性が良い"":5}","[""カード情報からの推定単体評価"",""現在の主色に合う"",""アーキタイプ・共通メカニズムと相性が良い"",""主色外のマナ供給が不足""]"
"5c034266-8e63-4b43-8f9e-564e6fff6ec1","Smaug's Fury","294","10.435374149659864","99","0","0","0","0","","not-applicable-14-card-packs","","","","","","","44","44","0","-0.06479212687988957","0","0","0","-0.030612244897959183","{""base"":44,""mana"":0,""color"":-0.06479212687988957,""synergy"":0,""curve"":0,""creature"":0,""removal"":0,""duplicate"":-0.030612244897959183,""fixing"":0}","{""カード情報からの推定単体評価"":294,""現在の主色に合う"":200,""主色外のマナ供給が不足"":94}","[""カード情報からの推定単体評価"",""現在の主色に合う"",""主色外のマナ供給が不足""]"
"5c5bfbb2-0e63-4e43-b441-c4878983288f","Bard's Company","57","7.035087719298246","17","0","0","0.6470588235294118","0","","not-applicable-14-card-packs","","","","","","","49.5","49.5","0","-1.7089503776110697","0.28106699558117143","0.35725677830940994","0","0","{""base"":49.5,""mana"":-0.25270058871791723,""color"":-1.7089503776110697,""synergy"":0.28106699558117143,""curve"":0.35725677830940994,""creature"":0.16555023923444975,""removal"":0,""duplicate"":0,""fixing"":0}","{""カード情報からの推定単体評価"":57,""主色外のマナ供給が不足"":20,""現在の主色に合う"":21,""アーキタイプ・共通メカニズムと相性が良い"":18,""クリーチャー不足を補う"":8,""4マナのクリーチャーを補強"":16,""スプラッシュ用のマナ供給あり"":5}","[""カード情報からの推定単体評価"",""現在の主色に合う"",""主色外のマナ供給が不足"",""アーキタイプ・共通メカニズムと相性が良い"",""4マナのクリーチャーを補強""]"
"5ebe8de1-aa3d-410d-b43d-1685259c7a97","The Chief Warg","165","4.684848484848485","54","24","0.4444444444444444","1","0","","not-applicable-14-card-packs","","","","","","","51.9","51.9","0","-0.587143311428972","0","0.3877685950413221","0","-0.36363636363636365","{""base"":51.89999999999984,""mana"":-0.32257414302615856,""color"":-0.587143311428972,""synergy"":0,""curve"":0.3877685950413221,""creature"":0.17652892561983474,""removal"":0,""duplicate"":-0.36363636363636365,""fixing"":0}","{""カード情報からの推定単体評価"":165,""主色外のマナ供給が不足"":24,""現在の主色に合う"":74,""クリーチャー不足を補う"":26,""4マナのクリーチャーを補強"":51,""スプラッシュ用のマナ供給あり"":13}","[""カード情報からの推定単体評価"",""現在の主色に合う"",""4マナのクリーチャーを補強"",""クリーチャー不足を補う"",""主色外のマナ供給が不足""]"
"61773534-8da8-48fa-b51a-73c0a9a751c4","Gundabad Opportunist","315","6.920634920634921","96","0","0","0.0625","0","","not-applicable-14-card-packs","","","","","","","47.4","47.4","0","1.4156353763833203","0","0.6602308802308807","0","0","{""base"":47.39999999999976,""mana"":0,""color"":1.4156353763833203,""synergy"":0,""curve"":0.6602308802308807,""creature"":0.24155844155844175,""removal"":0,""duplicate"":0,""fixing"":0}","{""カード情報からの推定単体評価"":315,""現在の主色に合う"":254,""主色外のマナ供給が不足"":49,""4マナのクリーチャーを補強"":163,""クリーチャー不足を補う"":77,""スプラッシュ用のマナ供給あり"":6}","[""カード情報からの推定単体評価"",""現在の主色に合う"",""4マナのクリーチャーを補強"",""クリーチャー不足を補う"",""主色外のマナ供給が不足""]"
"6283e5ca-9924-478b-89a5-36924accb9aa","Duskwatch Hunter","318","9.323899371069182","120","0","0","0.05","0","","not-applicable-14-card-packs","","","","","","","47.4","47.4","0","-1.7164608832008315","0","0.18797884505431664","0","0","{""base"":47.39999999999976,""mana"":-0.27150405574258885,""color"":-1.7164608832008315,""synergy"":0,""curve"":0.18797884505431664,""creature"":0.09159519725557459,""removal"":0,""duplicate"":0,""fixing"":0}","{""カード情報からの推定単体評価"":318,""主色外のマナ供給が不足"":159,""現在の主色に合う"":153,""3マナのクリーチャーを補強"":65,""クリーチャー不足を補う"":31}","[""カード情報からの推定単体評価"",""主色外のマナ供給が不足"",""現在の主色に合う"",""3マナのクリーチャーを補強"",""クリーチャー不足を補う""]"
"6505a53b-00db-44c4-8eaa-09a1a01451a4","Glóin the Mighty // Easy Pickings","182","6.43956043956044","73","0","0","0.3013698630136986","0","","not-applicable-14-card-packs","","","","","","","48.2","48.2","0","0.9535570934166009","0","0.56038961038961","0","-0.3434065934065934","{""base"":48.199999999999925,""mana"":0,""color"":0.9535570934166009,""synergy"":0,""curve"":0.56038961038961,""creature"":0.19120879120879122,""removal"":0,""duplicate"":-0.3434065934065934,""fixing"":0}","{""カード情報からの推定単体評価"":182,""現在の主色に合う"":126,""4マナのクリーチャーを補強"":81,""クリーチャー不足を補う"":38,""主色外のマナ供給が不足"":33}","[""カード情報からの推定単体評価"",""現在の主色に合う"",""4マナのクリーチャーを補強"",""クリーチャー不足を補う"",""主色外のマナ供給が不足""]"
"66630640-9605-44da-afdf-eb9d458d056f","Mirkwood Nurturer","288","9.39236111111111","107","0","0","0.08411214953271028","0","","not-applicable-14-card-packs","","","","","","","48.2","48.2","0","-3.067396173291589","0","0.10317234848484852","0","0","{""base"":48.20000000000022,""mana"":-0.26306892810683236,""color"":-3.067396173291589,""synergy"":0,""curve"":0.10317234848484852,""creature"":0.03446969696969697,""removal"":0,""duplicate"":0,""fixing"":0}","{""カード情報からの推定単体評価"":288,""主色外のマナ供給が不足"":182,""現在の主色に合う"":96,""3マナのクリーチャーを補強"":39,""クリーチャー不足を補う"":11}","[""カード情報からの推定単体評価"",""主色外のマナ供給が不足"",""現在の主色に合う"",""3マナのクリーチャーを補強"",""クリーチャー不足を補う""]"
"66961bcb-f588-47a7-b3f3-12f4ac674477","Inside Information","30","11.066666666666666","9","0","0","0","0","","not-applicable-14-card-packs","","","","","","","43.6","43.6","0","0.31894048712483375","0","0","0","0","{""base"":43.599999999999994,""mana"":0,""color"":0.31894048712483375,""synergy"":0,""curve"":0,""creature"":0,""removal"":0,""duplicate"":0,""fixing"":0}","{""カード情報からの推定単体評価"":30,""主色外のマナ供給が不足"":8,""現在の主色に合う"":22}","[""カード情報からの推定単体評価"",""現在の主色に合う"",""主色外のマナ供給が不足""]"
"69cc089a-abd3-4edb-bc79-f02daac70837","Ori, Keeper of Songs","306","5.421568627450981","99","0","0","0.6060606060606061","0","","not-applicable-14-card-packs","","","","","","","49","49","0","1.1169018676412281","0","0.5637700534759362","0","-0.42483660130718953","{""base"":49,""mana"":0,""color"":1.1169018676412281,""synergy"":0,""curve"":0.5637700534759362,""creature"":0.32139037433155104,""removal"":0,""duplicate"":-0.42483660130718953,""fixing"":0}","{""カード情報からの推定単体評価"":306,""現在の主色に合う"":203,""3マナのクリーチャーを補強"":141,""主色外のマナ供給が不足"":43,""クリーチャー不足を補う"":90}","[""カード情報からの推定単体評価"",""現在の主色に合う"",""3マナのクリーチャーを補強"",""クリーチャー不足を補う"",""主色外のマナ供給が不足""]"
"6e275711-eb76-4924-ba38-c38a36d9d82a","Troll Negotiations","163","8.625766871165645","50","0","0","0.04","0","","not-applicable-14-card-packs","","","","","","","46.3","46.3","0","0.9415704593731574","0","0","0.14920524261015056","0","{""base"":46.30000000000012,""mana"":0,""color"":0.9415704593731574,""synergy"":0,""curve"":0,""creature"":0,""removal"":0.14920524261015056,""duplicate"":0,""fixing"":0}","{""カード情報からの推定単体評価"":163,""現在の主色に合う"":123,""条件付き除去"":125,""主色外のマナ供給が不足"":37}","[""カード情報からの推定単体評価"",""条件付き除去"",""現在の主色に合う"",""主色外のマナ供給が不足""]"
"6f83da19-fd89-44ec-88f3-0c3fddfbd1b2","Long-Bodied Grey Dog","296","6.652027027027027","82","0","0","0.10975609756097561","0","","not-applicable-14-card-packs","","","","","","","47.4","47.4","0","0","0.3782292076312517","0.6128839066339075","0","0","{""base"":47.399999999999764,""mana"":0,""color"":0,""synergy"":0.3782292076312517,""curve"":0.6128839066339075,""creature"":0.3617321867321868,""removal"":0,""duplicate"":0,""fixing"":0}","{""カード情報からの推定単体評価"":296,""アーキタイプ・共通メカニズムと相性が良い"":130,""3マナのクリーチャーを補強"":160,""クリーチャー不足を補う"":113}","[""カード情報からの推定単体評価"",""3マナのクリーチャーを補強"",""アーキタイプ・共通メカニズムと相性が良い"",""クリーチャー不足を補う""]"
"70538676-2ffb-4cad-827e-b55e81088678","Dwarven Mauler","164","4.219512195121951","55","1","0.01818181818181818","0.8727272727272727","0","","not-applicable-14-card-packs","","","","","","","49.8","49.8","0","1.4868343884636515","0.24715308850956436","0","0","0","{""base"":49.800000000000125,""mana"":0,""color"":1.4868343884636515,""synergy"":0.24715308850956436,""curve"":0,""creature"":0.2933481152993351,""removal"":0,""duplicate"":0,""fixing"":0}","{""カード情報からの推定単体評価"":164,""現在の主色に合う"":105,""クリーチャー不足を補う"":45,""アーキタイプ・共通メカニズムと相性が良い"":45,""主色外のマナ供給が不足"":11}","[""カード情報からの推定単体評価"",""現在の主色に合う"",""クリーチャー不足を補う"",""アーキタイプ・共通メカニズムと相性が良い"",""主色外のマナ供給が不足""]"
"70a702fe-1dd6-4d7b-a85a-45744ecad741","Velvetwing Butterflies // Gaze in Wonder","295","4.589830508474576","95","2","0.021052631578947368","0.7263157894736842","0","","not-applicable-14-card-packs","","","","","","","49.4","49.4","0","1.4453152499490454","0","0.4360554699537747","0","0","{""base"":49.39999999999976,""mana"":0,""color"":1.4453152499490454,""synergy"":0,""curve"":0.4360554699537747,""creature"":0.3376271186440681,""removal"":0,""duplicate"":0,""fixing"":0}","{""カード情報からの推定単体評価"":295,""現在の主色に合う"":201,""3マナのクリーチャーを補強"":120,""クリーチャー不足を補う"":85,""主色外のマナ供給が不足"":25}","[""カード情報からの推定単体評価"",""現在の主色に合う"",""3マナのクリーチャーを補強"",""クリーチャー不足を補う"",""主色外のマナ供給が不足""]"
"717c6beb-81c6-43ed-aab0-aedfc1cbac33","Lake-town","295","8.92542372881356","97","0","0","0","0","","not-applicable-14-card-packs","","","","","","","45","45","0","0","0.37728349688420343","0","0","0","{""base"":45,""mana"":0,""color"":0,""synergy"":0.37728349688420343,""curve"":0,""creature"":0,""removal"":0,""duplicate"":0,""fixing"":1.6690372031654133}","{""カード情報からの推定単体評価"":295,""アーキタイプ・共通メカニズムと相性が良い"":122,""主色のマナ基盤を補強"":88}","[""カード情報からの推定単体評価"",""アーキタイプ・共通メカニズムと相性が良い"",""主色のマナ基盤を補強""]"
"72a9a85d-7cfc-4b3c-82db-9d35be6c0982","Bilbo, Thief in the Night","27","4.851851851851852","12","1","0.08333333333333333","0.8333333333333334","0","","not-applicable-14-card-packs","","","","","","","49.6","49.6","0","0.8601799700815737","0","0.2326599326599327","0","0","{""base"":49.599999999999994,""mana"":0,""color"":0.8601799700815737,""synergy"":0,""curve"":0.2326599326599327,""creature"":0.14343434343434344,""removal"":0,""duplicate"":0,""fixing"":0}","{""カード情報からの推定単体評価"":27,""現在の主色に合う"":14,""2マナのクリーチャーを補強"":7,""クリーチャー不足を補う"":4,""主色外のマナ供給が不足"":3}","[""カード情報からの推定単体評価"",""現在の主色に合う"",""2マナのクリーチャーを補強"",""クリーチャー不足を補う"",""主色外のマナ供給が不足""]"
"72c6174c-fa2c-4ff2-b76e-eb6e890e97c9","Fateful Discovery","33","9.121212121212121","15","0","0","0","0","","not-applicable-14-card-packs","","","","","","","46.1","46.1","0","-0.4092007428435341","0","0","0","0","{""base"":46.09999999999999,""mana"":0,""color"":-0.4092007428435341,""synergy"":0,""curve"":0,""creature"":0,""removal"":0,""duplicate"":0,""fixing"":0}","{""カード情報からの推定単体評価"":33,""現在の主色に合う"":23,""主色外のマナ供給が不足"":10}","[""カード情報からの推定単体評価"",""現在の主色に合う"",""主色外のマナ供給が不足""]"
"73346137-3117-4dc3-b5a4-1aca1da54548","Large Bear","174","5.166666666666667","60","10","0.16666666666666666","0.9833333333333333","0","","not-applicable-14-card-packs","","","","","","","51","51","0","0.0037541894522550427","0","0","0","0","{""base"":51,""mana"":-0.30094291126043365,""color"":0.0037541894522550427,""synergy"":0,""curve"":0,""creature"":0.15799373040752349,""removal"":0,""duplicate"":0,""fixing"":0}","{""カード情報からの推定単体評価"":174,""現在の主色に合う"":80,""クリーチャー不足を補う"":26,""主色外のマナ供給が不足"":34}","[""カード情報からの推定単体評価"",""現在の主色に合う"",""主色外のマナ供給が不足"",""クリーチャー不足を補う""]"
"76c036df-44f5-4021-b7fc-656147351341","Key to the Side-Door","171","9.087719298245615","54","0","0","0","0","","not-applicable-14-card-packs","","","","","","","45.5","45.5","0","0","0.34979276708875395","0","0","0","{""base"":45.5,""mana"":0,""color"":0,""synergy"":0.34979276708875395,""curve"":0,""creature"":0,""removal"":0,""duplicate"":0,""fixing"":0}","{""カード情報からの推定単体評価"":171,""アーキタイプ・共通メカニズムと相性が良い"":68}","[""カード情報からの推定単体評価"",""アーキタイプ・共通メカニズムと相性が良い""]"
"77c97dad-17cc-4a28-a48b-907c044d9034","Cantankerous Keepers","39","10.820512820512821","13","0","0","0","0","","not-applicable-14-card-packs","","","","","","","43.4","43.4","0","0.30909740680670433","0","0","0","-0.030769230769230767","{""base"":43.40000000000003,""mana"":0,""color"":0.30909740680670433,""synergy"":0,""curve"":0,""creature"":0,""removal"":0,""duplicate"":-0.030769230769230767,""fixing"":0}","{""カード情報からの推定単体評価"":39,""現在の主色に合う"":29,""スプラッシュ用のマナ供給あり"":2,""主色外のマナ供給が不足"":8}","[""カード情報からの推定単体評価"",""現在の主色に合う"",""主色外のマナ供給が不足"",""スプラッシュ用のマナ供給あり""]"
"78bed291-0ec7-466f-bc7a-9dae7d0b56ae","Riddles in the Dark","46","11.391304347826088","23","0","0","0","0","","not-applicable-14-card-packs","","","","","","","43.4","43.4","0","0.030276845573858836","0","0","0","0","{""base"":43.400000000000034,""mana"":0,""color"":0.030276845573858836,""synergy"":0,""curve"":0,""creature"":0,""removal"":0,""duplicate"":0,""fixing"":0}","{""カード情報からの推定単体評価"":46,""主色外のマナ供給が不足"":16,""現在の主色に合う"":30}","[""カード情報からの推定単体評価"",""現在の主色に合う"",""主色外のマナ供給が不足""]"
"7907bbf0-f6d9-4e5b-b5de-73cd94979f98","Stone by Sunlight","153","8.57516339869281","51","0","0","0","0","","not-applicable-14-card-packs","","","","","","","46.3","46.3","0","1.0091650314814762","0","0","0.1411764705882353","0","{""base"":46.30000000000012,""mana"":0,""color"":1.0091650314814762,""synergy"":0,""curve"":0,""creature"":0,""removal"":0.1411764705882353,""duplicate"":0,""fixing"":0}","{""カード情報からの推定単体評価"":153,""主色外のマナ供給が不足"":30,""現在の主色に合う"":122,""条件付き除去"":122}","[""カード情報からの推定単体評価"",""現在の主色に合う"",""条件付き除去"",""主色外のマナ供給が不足""]"
"7a7d9887-3cc4-4fb9-9109-1315903ace45","Confusticate and Bebother","271","6.900369003690037","88","0","0","0.125","0","","not-applicable-14-card-packs","","","","","","","47.92","47.92","0","1.3316597175993894","0.3704295443869472","0","0.2867410265011743","0","{""base"":47.920000000000066,""mana"":0,""color"":1.3316597175993894,""synergy"":0.3704295443869472,""curve"":0,""creature"":0,""removal"":0.2867410265011743,""duplicate"":0,""fixing"":0}","{""カード情報からの推定単体評価"":271,""主色外のマナ供給が不足"":54,""現在の主色に合う"":205,""バウンス・打ち消し"":208,""アーキタイプ・共通メカニズムと相性が良い"":115}","[""カード情報からの推定単体評価"",""バウンス・打ち消し"",""現在の主色に合う"",""アーキタイプ・共通メカニズムと相性が良い"",""主色外のマナ供給が不足""]"
"7d070a95-49ea-4aea-b512-dbb0006a00ee","Elvenking's Harper","315","5.025396825396825","100","1","0.01","0.6","0","","not-applicable-14-card-packs","","","","","","","49","49","0","1.4986376615001302","0","0.4577777777777777","0","0","{""base"":49,""mana"":0,""color"":1.4986376615001302,""synergy"":0,""curve"":0.4577777777777777,""creature"":0.2891774891774894,""removal"":0,""duplicate"":0,""fixing"":0}","{""カード情報からの推定単体評価"":315,""主色外のマナ供給が不足"":36,""現在の主色に合う"":219,""クリーチャー不足を補う"":83,""2マナのクリーチャーを補強"":134}","[""カード情報からの推定単体評価"",""現在の主色に合う"",""2マナのクリーチャーを補強"",""クリーチャー不足を補う"",""主色外のマナ供給が不足""]"
"7ddbf891-7f80-44e9-b94c-70c1da0b91ed","Getaway Barrel","40","11.175","16","0","0","0","0","","not-applicable-14-card-packs","","","","","","","43.4","43.4","0","-0.022147993883243844","0","0","0","0","{""base"":43.40000000000003,""mana"":0,""color"":-0.022147993883243844,""synergy"":0,""curve"":0,""creature"":0,""removal"":0,""duplicate"":0,""fixing"":0}","{""カード情報からの推定単体評価"":40,""主色外のマナ供給が不足"":9,""現在の主色に合う"":28,""スプラッシュ用のマナ供給あり"":3}","[""カード情報からの推定単体評価"",""現在の主色に合う"",""主色外のマナ供給が不足"",""スプラッシュ用のマナ供給あり""]"
"7f961374-00b0-40df-83eb-9ced2bb519aa","Ravenhill Flock","139","4.712230215827338","47","2","0.0425531914893617","0.6808510638297872","0","","not-applicable-14-card-packs","","","","","","","49.5","49.5","0","1.0343173979961748","0","0.46330935251798544","0","0","{""base"":49.5,""mana"":0,""color"":1.0343173979961748,""synergy"":0,""curve"":0.46330935251798544,""creature"":0.24290385873119694,""removal"":0,""duplicate"":0,""fixing"":0}","{""カード情報からの推定単体評価"":139,""スプラッシュ用のマナ供給あり"":10,""現在の主色に合う"":85,""4マナのクリーチャーを補強"":51,""クリーチャー不足を補う"":32,""主色外のマナ供給が不足"":12}","[""カード情報からの推定単体評価"",""現在の主色に合う"",""4マナのクリーチャーを補強"",""クリーチャー不足を補う"",""主色外のマナ供給が不足""]"
"80433c2c-5196-42e0-b9fa-d7b12783f5fd","Giant's Boulder","268","4.75","91","2","0.02197802197802198","0.7692307692307693","0","","not-applicable-14-card-packs","","","","","","","49.6","49.6","0","0","0.3379657418584954","0","0.1818012211668928","0","{""base"":49.60000000000023,""mana"":0,""color"":0,""synergy"":0.3379657418584954,""curve"":0,""creature"":0,""removal"":0.1818012211668928,""duplicate"":0,""fixing"":0}","{""カード情報からの推定単体評価"":268,""アーキタイプ・共通メカニズムと相性が良い"":104,""確定除去"":268}","[""カード情報からの推定単体評価"",""確定除去"",""アーキタイプ・共通メカニズムと相性が良い""]"
"8060d231-7477-441d-b249-8e75aa1d7791","Ravening Warg","283","2.6784452296819787","99","25","0.25252525252525254","1","0","","not-applicable-14-card-packs","","","","","","","51","51","0","1.3705168452539527","0","0.33390619980725983","0","0","{""base"":51,""mana"":0,""color"":1.3705168452539527,""synergy"":0,""curve"":0.33390619980725983,""creature"":0.37661419852232575,""removal"":0,""duplicate"":0,""fixing"":0}","{""カード情報からの推定単体評価"":283,""現在の主色に合う"":175,""クリーチャー不足を補う"":80,""主色外のマナ供給が不足"":9,""2マナのクリーチャーを補強"":97}","[""カード情報からの推定単体評価"",""現在の主色に合う"",""2マナのクリーチャーを補強"",""クリーチャー不足を補う"",""主色外のマナ供給が不足""]"
"80bcb154-b4be-4bbd-bbc1-b116a59045b7","Lakeshore Apothecary","313","6.485623003194888","95","0","0","0.18947368421052632","0","","not-applicable-14-card-packs","","","","","","","48.2","48.2","0","1.117692981396572","0","0.3490560557653209","0","0","{""base"":48.200000000000266,""mana"":0,""color"":1.117692981396572,""synergy"":0,""curve"":0.3490560557653209,""creature"":0.21765901829799617,""removal"":0,""duplicate"":0,""fixing"":0}","{""カード情報からの推定単体評価"":313,""現在の主色に合う"":225,""2マナのクリーチャーを補強"":114,""主色外のマナ供給が不足"":70,""クリーチャー不足を補う"":67}","[""カード情報からの推定単体評価"",""現在の主色に合う"",""2マナのクリーチャーを補強"",""主色外のマナ供給が不足"",""クリーチャー不足を補う""]"
"81c2913f-42b7-4cfa-adc0-b3416fbe2ec6","Desert Were-Worm","52","11.211538461538462","16","0","0","0","0","","not-applicable-14-card-packs","","","","","","","43.4","43.4","0","0.44670833096334917","0","0","0","0","{""base"":43.40000000000004,""mana"":0,""color"":0.44670833096334917,""synergy"":0,""curve"":0,""creature"":0,""removal"":0,""duplicate"":0,""fixing"":0}","{""カード情報からの推定単体評価"":52,""現在の主色に合う"":37,""主色外のマナ供給が不足"":15}","[""カード情報からの推定単体評価"",""現在の主色に合う"",""主色外のマナ供給が不足""]"
"82bdf9cb-61fe-4eaf-8762-c32002403d96","Magnificent End","304","7.453947368421052","116","0","0","0.08620689655172414","0","","not-applicable-14-card-packs","","","","","","","47.4","47.4","0","1.070702793024756","0","0","0.13483851674641145","0","{""base"":47.399999999999764,""mana"":0,""color"":1.070702793024756,""synergy"":0,""curve"":0,""creature"":0,""removal"":0.13483851674641145,""duplicate"":0,""fixing"":0}","{""カード情報からの推定単体評価"":304,""主色外のマナ供給が不足"":57,""現在の主色に合う"":229,""火力・マイナス修整"":233,""スプラッシュ用のマナ供給あり"":8}","[""カード情報からの推定単体評価"",""火力・マイナス修整"",""現在の主色に合う"",""主色外のマナ供給が不足"",""スプラッシュ用のマナ供給あり""]"
"83dcfac0-6efd-4e37-9402-15f9889e84e1","The Great Goblin","52","8.596153846153847","14","0","0","0.14285714285714285","0","","not-applicable-14-card-packs","","","","","","","48.6","48.6","0","-1.5361479202697095","0","0.29318181818181827","0","0","{""base"":48.59999999999995,""mana"":-0.22380280580522768,""color"":-1.5361479202697095,""synergy"":0,""curve"":0.29318181818181827,""creature"":0.20559440559440553,""removal"":0,""duplicate"":0,""fixing"":0}","{""カード情報からの推定単体評価"":52,""主色外のマナ供給が不足"":24,""現在の主色に合う"":26,""クリーチャー不足を補う"":10,""3マナのクリーチャーを補強"":13}","[""カード情報からの推定単体評価"",""現在の主色に合う"",""主色外のマナ供給が不足"",""3マナのクリーチャーを補強"",""クリーチャー不足を補う""]"
"840de40b-590e-4bf0-8d16-22b0eff61202","Kíli the Resourceful","43","2.86046511627907","14","3","0.21428571428571427","1","0","","not-applicable-14-card-packs","","","","","","","51.1","51.1","0","1.4258397194374997","0.19330998817330866","0.5701902748414378","0","-0.05813953488372093","{""base"":51.09999999999996,""mana"":0,""color"":1.4258397194374997,""synergy"":0.19330998817330866,""curve"":0.5701902748414378,""creature"":0.42494714587737836,""removal"":0,""duplicate"":-0.05813953488372093,""fixing"":0}","{""カード情報からの推定単体評価"":43,""現在の主色に合う"":27,""主色外のマナ供給が不足"":2,""2マナのクリーチャーを補強"":18,""クリーチャー不足を補う"":14,""アーキタイプ・共通メカニズムと相性が良い"":9}","[""カード情報からの推定単体評価"",""現在の主色に合う"",""2マナのクリーチャーを補強"",""クリーチャー不足を補う"",""アーキタイプ・共通メカニズムと相性が良い""]"
"84597236-2cfc-4654-b126-a8ee252f4d14","Esgaroth Garrison","296","2.1587837837837838","93","54","0.5806451612903226","1","0","","not-applicable-14-card-packs","","","","","","","51.5","51.5","0","1.6689857283606486","0.29147737862326073","0","0","0","{""base"":51.5,""mana"":0,""color"":1.6689857283606486,""synergy"":0.29147737862326073,""curve"":0,""creature"":0.39434889434889453,""removal"":0,""duplicate"":0,""fixing"":0}","{""カード情報からの推定単体評価"":296,""主色外のマナ供給が不足"":8,""現在の主色に合う"":193,""アーキタイプ・共通メカニズムと相性が良い"":91,""クリーチャー不足を補う"":87,""スプラッシュ用のマナ供給あり"":2}","[""カード情報からの推定単体評価"",""現在の主色に合う"",""アーキタイプ・共通メカニズムと相性が良い"",""クリーチャー不足を補う"",""主色外のマナ供給が不足""]"
"84d648c7-655e-4590-a3e0-366a8a4a4cb3","Radagast of Rhosgobel","40","6.05","11","0","0","0.09090909090909091","0","","not-applicable-14-card-packs","","","","","","","48.6","48.6","0","1.7431849278002212","0","0.6211363636363637","0","0","{""base"":48.599999999999966,""mana"":0,""color"":1.7431849278002212,""synergy"":0,""curve"":0.6211363636363637,""creature"":0.26999999999999996,""removal"":0,""duplicate"":0,""fixing"":0}","{""カード情報からの推定単体評価"":40,""現在の主色に合う"":33,""4マナのクリーチャーを補強"":20,""クリーチャー不足を補う"":11,""主色外のマナ供給が不足"":6}","[""カード情報からの推定単体評価"",""現在の主色に合う"",""4マナのクリーチャーを補強"",""クリーチャー不足を補う"",""主色外のマナ供給が不足""]"
"85ceb4ac-7a1c-4c7e-95a3-515a5b5d6116","Goblin-town Flunkies","308","7.282467532467533","104","0","0","0.10576923076923077","0","","not-applicable-14-card-packs","","","","","","","47.4","47.4","0","1.3378823607552803","0","0.3683293978748522","0","0","{""base"":47.39999999999976,""mana"":0,""color"":1.3378823607552803,""synergy"":0,""curve"":0.3683293978748522,""creature"":0.1829397874852422,""removal"":0,""duplicate"":0,""fixing"":0}","{""カード情報からの推定単体評価"":308,""現在の主色に合う"":231,""2マナのクリーチャーを補強"":113,""クリーチャー不足を補う"":62,""主色外のマナ供給が不足"":66}","[""カード情報からの推定単体評価"",""現在の主色に合う"",""2マナのクリーチャーを補強"",""主色外のマナ供給が不足"",""クリーチャー不足を補う""]"
"85e1556d-c4da-4979-a5db-4ce3842c7797","Gathering of Darkness","154","8.896103896103897","51","0","0","0","0","","not-applicable-14-card-packs","","","","","","","45.5","45.5","0","1.0403647534753806","0","0","0","0","{""base"":45.5,""mana"":0,""color"":1.0403647534753806,""synergy"":0,""curve"":0,""creature"":0,""removal"":0,""duplicate"":0,""fixing"":0}","{""カード情報からの推定単体評価"":154,""現在の主色に合う"":127,""スプラッシュ用のマナ供給あり"":12,""主色外のマナ供給が不足"":15}","[""カード情報からの推定単体評価"",""現在の主色に合う"",""主色外のマナ供給が不足"",""スプラッシュ用のマナ供給あり""]"
"86214b4c-a3ad-4372-b5fe-8f742a7a3d4c","Reverent Howl","291","10.268041237113403","106","0","0","0","0","","not-applicable-14-card-packs","","","","","","","44","44","0","1.0924051929657475","0","0","0","-0.05154639175257732","{""base"":44,""mana"":0,""color"":1.0924051929657475,""synergy"":0,""curve"":0,""creature"":0,""removal"":0,""duplicate"":-0.05154639175257732,""fixing"":0}","{""カード情報からの推定単体評価"":291,""主色外のマナ供給が不足"":59,""現在の主色に合う"":232}","[""カード情報からの推定単体評価"",""現在の主色に合う"",""主色外のマナ供給が不足""]"
"8790f842-e842-4bed-adf4-5b3cc5fd68a9","Old Fat Spider","168","3.7916666666666665","50","4","0.08","1","0","","not-applicable-14-card-packs","","","","","","","50.3","50.3","0","1.6561890932109156","0","-0.03506493506493506","0","-0.13571428571428568","{""base"":50.3000000000001,""mana"":0,""color"":1.6561890932109156,""synergy"":0,""curve"":-0.03506493506493506,""creature"":0.24285714285714297,""removal"":0,""duplicate"":-0.13571428571428568,""fixing"":0}","{""カード情報からの推定単体評価"":168,""現在の主色に合う"":112,""クリーチャー不足を補う"":38,""主色外のマナ供給が不足"":6}","[""カード情報からの推定単体評価"",""現在の主色に合う"",""クリーチャー不足を補う"",""主色外のマナ供給が不足""]"
"88522a0f-5377-4522-97f4-4148bef954af","Bolg of the North","128","8.65625","36","0","0","0.3333333333333333","0","","not-applicable-14-card-packs","","","","","","","49","49","0","-2.116624289160316","0.279302266806399","0","0","-0.390625","{""base"":49,""mana"":-0.23172642846304928,""color"":-2.116624289160316,""synergy"":0.279302266806399,""curve"":0,""creature"":0.12784090909090906,""removal"":0,""duplicate"":-0.390625,""fixing"":0}","{""カード情報からの推定単体評価"":128,""主色外のマナ供給が不足"":49,""現在の主色に合う"":49,""アーキタイプ・共通メカニズムと相性が良い"":39,""クリーチャー不足を補う"":19,""スプラッシュ用のマナ供給あり"":18}","[""カード情報からの推定単体評価"",""主色外のマナ供給が不足"",""現在の主色に合う"",""アーキタイプ・共通メカニズムと相性が良い"",""クリーチャー不足を補う""]"
"88d7bd11-7b1d-426c-8552-01448531c6ad","Gigantic Big Bear","51","4.431372549019608","13","0","0","0.9230769230769231","0","","not-applicable-14-card-packs","","","","","","","49.8","49.8","0","1.602649213129923","0","-0.023529411764705882","0","-0.023529411764705882","{""base"":49.80000000000001,""mana"":0,""color"":1.602649213129923,""synergy"":0,""curve"":-0.023529411764705882,""creature"":0.1807486631016043,""removal"":0,""duplicate"":-0.023529411764705882,""fixing"":0}","{""カード情報からの推定単体評価"":51,""現在の主色に合う"":36,""クリーチャー不足を補う"":7,""主色外のマナ供給が不足"":3}","[""カード情報からの推定単体評価"",""現在の主色に合う"",""クリーチャー不足を補う"",""主色外のマナ供給が不足""]"
"8973bd99-20f8-4867-90ef-50392147ee1b","Wood Elves","269","8.338289962825279","90","0","0","0.022222222222222223","0","","not-applicable-14-card-packs","","","","","","","45.8","45.8","0","1.1590448263527928","0","0.4778641432916521","0","0","{""base"":45.79999999999984,""mana"":0,""color"":1.1590448263527928,""synergy"":0,""curve"":0.4778641432916521,""creature"":0.2066238594119637,""removal"":0,""duplicate"":0,""fixing"":0}","{""カード情報からの推定単体評価"":269,""現在の主色に合う"":227,""3マナのクリーチャーを補強"":106,""クリーチャー不足を補う"":57,""主色外のマナ供給が不足"":40}","[""カード情報からの推定単体評価"",""現在の主色に合う"",""3マナのクリーチャーを補強"",""クリーチャー不足を補う"",""主色外のマナ供給が不足""]"
"89a2fab8-b074-42aa-a871-d9c5de2d0895","Ordinary Bear","309","3.6990291262135924","117","2","0.017094017094017096","0.8803418803418803","0","","not-applicable-14-card-packs","","","","","","","49.8","49.8","0","1.551927489489852","0","0.5122830244189469","0","0","{""base"":49.79999999999973,""mana"":0,""color"":1.551927489489852,""synergy"":0,""curve"":0.5122830244189469,""creature"":0.22594880847308052,""removal"":0,""duplicate"":0,""fixing"":0}","{""カード情報からの推定単体評価"":309,""現在の主色に合う"":199,""4マナのクリーチャーを補強"":132,""クリーチャー不足を補う"":60,""スプラッシュ用のマナ供給あり"":3,""主色外のマナ供給が不足"":4}","[""カード情報からの推定単体評価"",""現在の主色に合う"",""4マナのクリーチャーを補強"",""クリーチャー不足を補う"",""主色外のマナ供給が不足""]"
"89aa97d0-1aef-4ed8-b29c-7943bb3d0e60","Nighthowl Pursuer","149","2.778523489932886","64","15","0.234375","0.984375","0","","not-applicable-14-card-packs","","","","","","","51","51","0","1.3621124787220156","0","0","0","0","{""base"":51,""mana"":0,""color"":1.3621124787220156,""synergy"":0,""curve"":0,""creature"":0.2913971934106164,""removal"":0,""duplicate"":0,""fixing"":0}","{""カード情報からの推定単体評価"":149,""現在の主色に合う"":81,""クリーチャー不足を補う"":33,""主色外のマナ供給が不足"":5}","[""カード情報からの推定単体評価"",""現在の主色に合う"",""クリーチャー不足を補う"",""主色外のマナ供給が不足""]"
"89c3c81b-8960-4f79-b2ec-f13560058071","The Master of Lake-town","58","2.086206896551724","11","10","0.9090909090909091","1","0","","not-applicable-14-card-packs","","","","","","","53.1","53.1","0","1.9799355546370987","0","0.48644200626959255","0","-0.08620689655172414","{""base"":53.09999999999995,""mana"":0,""color"":1.9799355546370987,""synergy"":0,""curve"":0.48644200626959255,""creature"":0.44388714733542306,""removal"":0,""duplicate"":-0.08620689655172414,""fixing"":0}","{""カード情報からの推定単体評価"":58,""現在の主色に合う"":44,""3マナのクリーチャーを補強"":25,""クリーチャー不足を補う"":20,""主色外のマナ供給が不足"":3}","[""カード情報からの推定単体評価"",""現在の主色に合う"",""3マナのクリーチャーを補強"",""クリーチャー不足を補う"",""主色外のマナ供給が不足""]"
"8a0e35ac-6c03-4922-b3b4-e419419fe3d7","Bofur, Reliable Guardian // Concerted Care","194","3.443298969072165","64","24","0.375","1","0","","not-applicable-14-card-packs","","","","","","","51","51","0","0.9725388864096973","0","0","0","-0.24484536082474226","{""base"":51,""mana"":0,""color"":0.9725388864096973,""synergy"":0,""curve"":0,""creature"":0.2870665417057173,""removal"":0,""duplicate"":-0.24484536082474226,""fixing"":0}","{""カード情報からの推定単体評価"":194,""主色外のマナ供給が不足"":15,""現在の主色に合う"":115,""クリーチャー不足を補う"":47}","[""カード情報からの推定単体評価"",""現在の主色に合う"",""クリーチャー不足を補う"",""主色外のマナ供給が不足""]"
"8a2946ad-7a7b-4cda-8591-da8c7da5e072","Wilderland Scrounger","162","6.506172839506172","56","0","0","0.32142857142857145","0","","not-applicable-14-card-packs","","","","","","","48.2","48.2","0","1.272200974935705","0","0","0","0","{""base"":48.199999999999875,""mana"":0,""color"":1.272200974935705,""synergy"":0,""curve"":0,""creature"":0.15387205387205385,""removal"":0,""duplicate"":0,""fixing"":0}","{""カード情報からの推定単体評価"":162,""現在の主色に合う"":119,""クリーチャー不足を補う"":26,""主色外のマナ供給が不足"":19,""スプラッシュ用のマナ供給あり"":6}","[""カード情報からの推定単体評価"",""現在の主色に合う"",""クリーチャー不足を補う"",""主色外のマナ供給が不足"",""スプラッシュ用のマナ供給あり""]"
"8c7641b6-3a6c-4441-a98c-3b5d61d91f76","Rage into the Valley","286","9","95","0","0","0.010526315789473684","0","","not-applicable-14-card-packs","","","","","","","45.5","45.5","0","0.9959556698446339","0","0","0","0","{""base"":45.5,""mana"":0,""color"":0.9959556698446339,""synergy"":0,""curve"":0,""creature"":0,""removal"":0,""duplicate"":0,""fixing"":0}","{""カード情報からの推定単体評価"":286,""主色外のマナ供給が不足"":51,""現在の主色に合う"":234}","[""カード情報からの推定単体評価"",""現在の主色に合う"",""主色外のマナ供給が不足""]"
"8d88facd-cf7e-498e-ab6b-6bd021316162","Gollum the Abandoned","162","2.580246913580247","54","35","0.6481481481481481","1","0","","not-applicable-14-card-packs","","","","","","","51.5","51.5","0","1.279511080113399","0.25531226666858997","0.4379629629629629","0","-0.24691358024691357","{""base"":51.5,""mana"":0,""color"":1.279511080113399,""synergy"":0.25531226666858997,""curve"":0.4379629629629629,""creature"":0.37710437710437755,""removal"":0,""duplicate"":-0.24691358024691357,""fixing"":0}","{""カード情報からの推定単体評価"":162,""現在の主色に合う"":103,""アーキタイプ・共通メカニズムと相性が良い"":44,""2マナのクリーチャーを補強"":60,""クリーチャー不足を補う"":51,""主色外のマナ供給が不足"":5}","[""カード情報からの推定単体評価"",""現在の主色に合う"",""2マナのクリーチャーを補強"",""クリーチャー不足を補う"",""アーキタイプ・共通メカニズムと相性が良い""]"
"8fcab221-8737-4357-b8ee-bad9421739a3","Dwarven Provisioner","301","5.352159468438538","107","1","0.009345794392523364","0.5887850467289719","0","","not-applicable-14-card-packs","","","","","","","49","49","0","1.4188741094790411","0","0.3937330111748717","0","0","{""base"":49,""mana"":0,""color"":1.4188741094790411,""synergy"":0,""curve"":0.3937330111748717,""creature"":0.2995469646632439,""removal"":0,""duplicate"":0,""fixing"":0}","{""カード情報からの推定単体評価"":301,""現在の主色に合う"":203,""2マナのクリーチャーを補強"":120,""クリーチャー不足を補う"":83,""主色外のマナ供給が不足"":35}","[""カード情報からの推定単体評価"",""現在の主色に合う"",""2マナのクリーチャーを補強"",""クリーチャー不足を補う"",""主色外のマナ供給が不足""]"
"925cacdc-6d09-4fbd-9258-9f0539da180c","Thrór's Map","142","9.32394366197183","45","0","0","0","0","","not-applicable-14-card-packs","","","","","","","45.5","45.5","0","0","0.30775757944425564","0","0","-0.14084507042253522","{""base"":45.5,""mana"":0,""color"":0,""synergy"":0.30775757944425564,""curve"":0,""creature"":0,""removal"":0,""duplicate"":-0.14084507042253522,""fixing"":0}","{""カード情報からの推定単体評価"":142,""アーキタイプ・共通メカニズムと相性が良い"":47}","[""カード情報からの推定単体評価"",""アーキタイプ・共通メカニズムと相性が良い""]"
"925ce68e-9323-4985-8fef-0d3f36e0d74c","Bombur, Gentle Dreamer","183","3.2841530054644807","53","8","0.1509433962264151","0.9622641509433962","0","","not-applicable-14-card-packs","","","","","","","50.6","50.6","0","1.4191021840391451","0","0.6556631892697462","0","-0.20491803278688525","{""base"":50.60000000000017,""mana"":0,""color"":1.4191021840391451,""synergy"":0,""curve"":0.6556631892697462,""creature"":0.3189269746646799,""removal"":0,""duplicate"":-0.20491803278688525,""fixing"":0}","{""カード情報からの推定単体評価"":183,""現在の主色に合う"":121,""3マナのクリーチャーを補強"":90,""クリーチャー不足を補う"":46,""主色外のマナ供給が不足"":11}","[""カード情報からの推定単体評価"",""現在の主色に合う"",""3マナのクリーチャーを補強"",""クリーチャー不足を補う"",""主色外のマナ供給が不足""]"
"94917b80-ac32-45ab-b4ee-157ade024bcd","Thorin, Mountain-king","29","2.1379310344827585","8","8","1","1","0","","not-applicable-14-card-packs","","","","","","","54.1","54.1","0","1.480181281726028","0.09316253533540639","0.5664576802507837","0.19326018808777432","0","{""base"":54.09999999999998,""mana"":0,""color"":1.480181281726028,""synergy"":0.09316253533540639,""curve"":0.5664576802507837,""creature"":0.2501567398119122,""removal"":0.19326018808777432,""duplicate"":0,""fixing"":0}","{""カード情報からの推定単体評価"":29,""現在の主色に合う"":18,""4マナのクリーチャーを補強"":11,""条件付き除去"":18,""スプラッシュ用のマナ供給あり"":2,""アーキタイプ・共通メカニズムと相性が良い"":3,""クリーチャー不足を補う"":5,""主色外のマナ供給が不足"":1}","[""カード情報からの推定単体評価"",""現在の主色に合う"",""条件付き除去"",""4マナのクリーチャーを補強"",""クリーチャー不足を補う""]"
"95e1c368-b58a-4e69-9583-587560ad558d","Eagle's Rescue","177","12.519774011299434","53","0","0","0","0","","not-applicable-14-card-packs","","","","","","","43","43","0","-6.465216600002937","0","0","0","0","{""base"":43,""mana"":-0.19006223043920784,""color"":-6.465216600002937,""synergy"":0,""curve"":0,""creature"":0,""removal"":0,""duplicate"":0,""fixing"":0}","{""カード情報からの推定単体評価"":177,""主色外のマナ供給が不足"":135,""現在の主色に合う"":42}","[""カード情報からの推定単体評価"",""主色外のマナ供給が不足"",""現在の主色に合う""]"
"961e3023-39ea-4141-99b6-738280a2815d","Pinecone Strike","292","8.726027397260275","88","0","0","0.03409090909090909","0","","not-applicable-14-card-packs","","","","","","","46.3","46.3","0","0.8040981034341078","0","0","0.11901463262764628","0","{""base"":46.29999999999979,""mana"":0,""color"":0.8040981034341078,""synergy"":0,""curve"":0,""creature"":0,""removal"":0.11901463262764628,""duplicate"":0,""fixing"":0}","{""カード情報からの推定単体評価"":292,""現在の主色に合う"":222,""条件付き除去"":224,""主色外のマナ供給が不足"":66}","[""カード情報からの推定単体評価"",""条件付き除去"",""現在の主色に合う"",""主色外のマナ供給が不足""]"
"9779f32c-b1a2-42a3-8e78-14c28c3ad254","Sting, Bilbo's Sword","50","10.98","24","0","0","0","0","","not-applicable-14-card-packs","","","","","","","43.4","43.4","0","0","0.1982808944093382","0","0","0","{""base"":43.400000000000034,""mana"":0,""color"":0,""synergy"":0.1982808944093382,""curve"":0,""creature"":0,""removal"":0,""duplicate"":0,""fixing"":0}","{""カード情報からの推定単体評価"":50,""アーキタイプ・共通メカニズムと相性が良い"":10}","[""カード情報からの推定単体評価"",""アーキタイプ・共通メカニズムと相性が良い""]"
"978e07fd-8b8c-4eab-850e-e4c0e712251e","Bothersome Noisemaker","154","5.0064935064935066","47","0","0","0.6808510638297872","0","","not-applicable-14-card-packs","","","","","","","49","49","0","1.3467637393406633","0","0.3764757969303422","0","0","{""base"":49,""mana"":0,""color"":1.3467637393406633,""synergy"":0,""curve"":0.3764757969303422,""creature"":0.20011806375442745,""removal"":0,""duplicate"":0,""fixing"":0}","{""カード情報からの推定単体評価"":154,""現在の主色に合う"":106,""2マナのクリーチャーを補強"":61,""クリーチャー不足を補う"":28,""主色外のマナ供給が不足"":16}","[""カード情報からの推定単体評価"",""現在の主色に合う"",""2マナのクリーチャーを補強"",""クリーチャー不足を補う"",""主色外のマナ供給が不足""]"
"97a2cd39-6b54-496b-b3ac-dab9dfed7edc","Elven Passage","45","9.555555555555555","8","0","0","0","0","","not-applicable-14-card-packs","","","","","","","45.4","45.4","0","0","0.5160303572941658","0","0","0","{""base"":45.400000000000034,""mana"":0,""color"":0,""synergy"":0.5160303572941658,""curve"":0,""creature"":0,""removal"":0,""duplicate"":0,""fixing"":0}","{""カード情報からの推定単体評価"":45,""アーキタイプ・共通メカニズムと相性が良い"":25}","[""カード情報からの推定単体評価"",""アーキタイプ・共通メカニズムと相性が良い""]"
"98d20908-6d68-4d31-b719-207f93c9b402","Goblin-town","303","8.966996699669966","115","0","0","0","0","","not-applicable-14-card-packs","","","","","","","45","45","0","0","0.4435293874732214","0","0","0","{""base"":45,""mana"":0,""color"":0,""synergy"":0.4435293874732214,""curve"":0,""creature"":0,""removal"":0,""duplicate"":0,""fixing"":1.7447409831679774}","{""カード情報からの推定単体評価"":303,""アーキタイプ・共通メカニズムと相性が良い"":146,""主色のマナ基盤を補強"":98}","[""カード情報からの推定単体評価"",""アーキタイプ・共通メカニズムと相性が良い"",""主色のマナ基盤を補強""]"
"9924c189-3c82-431a-b570-7805b2a406f0","Dáin Ironfoot","54","5.62962962962963","12","0","0","0.16666666666666666","0","","not-applicable-14-card-packs","","","","","","","48.6","48.6","0","1.6846489571830696","0.30036304003756187","0.6727272727272727","0","-0.18518518518518517","{""base"":48.59999999999995,""mana"":0,""color"":1.6846489571830696,""synergy"":0.30036304003756187,""curve"":0.6727272727272727,""creature"":0.31717171717171705,""removal"":0,""duplicate"":-0.18518518518518517,""fixing"":0}","{""カード情報からの推定単体評価"":54,""現在の主色に合う"":45,""主色外のマナ供給が不足"":7,""アーキタイプ・共通メカニズムと相性が良い"":18,""3マナのクリーチャーを補強"":29,""クリーチャー不足を補う"":18}","[""カード情報からの推定単体評価"",""現在の主色に合う"",""3マナのクリーチャーを補強"",""アーキタイプ・共通メカニズムと相性が良い"",""クリーチャー不足を補う""]"
"9cc52afb-9788-46f6-9f9b-347513f8a64f","Dwarven Shortsword","289","11.038062283737025","94","0","0","0","0","","not-applicable-14-card-packs","","","","","","","43","43","0","0.6283435081063673","0.2448749625951583","0","0","0","{""base"":43,""mana"":0,""color"":0.6283435081063673,""synergy"":0.2448749625951583,""curve"":0,""creature"":0,""removal"":0,""duplicate"":0,""fixing"":0}","{""カード情報からの推定単体評価"":289,""現在の主色に合う"":212,""アーキタイプ・共通メカニズムと相性が良い"":76,""スプラッシュ用のマナ供給あり"":19,""主色外のマナ供給が不足"":58}","[""カード情報からの推定単体評価"",""現在の主色に合う"",""アーキタイプ・共通メカニズムと相性が良い"",""主色外のマナ供給が不足"",""スプラッシュ用のマナ供給あり""]"
"9efb3aa4-0023-4e0e-8bd4-f4dff1b3be66","Galion, Elvenking's Butler","158","5.113924050632911","47","0","0","0.6808510638297872","0","","not-applicable-14-card-packs","","","","","","","49","49","0","1.7777729510991205","0","0.5829113924050632","0","-0.22151898734177214","{""base"":49,""mana"":0,""color"":1.7777729510991205,""synergy"":0,""curve"":0.5829113924050632,""creature"":0.27376294591484474,""removal"":0,""duplicate"":-0.22151898734177214,""fixing"":0}","{""カード情報からの推定単体評価"":158,""現在の主色に合う"":116,""クリーチャー不足を補う"":43,""4マナのクリーチャーを補強"":79,""主色外のマナ供給が不足"":9}","[""カード情報からの推定単体評価"",""現在の主色に合う"",""4マナのクリーチャーを補強"",""クリーチャー不足を補う"",""主色外のマナ供給が不足""]"
"9febdfa8-8af2-4aba-b2e6-cb2baad7e02b","Iron Hills Blacksmith","154","7.058441558441558","47","0","0","0.06382978723404255","0","","not-applicable-14-card-packs","","","","","","","47.4","47.4","0","1.1851002624720663","0.19515455147449423","0.3263872491145217","0","0","{""base"":47.39999999999988,""mana"":0,""color"":1.1851002624720663,""synergy"":0.19515455147449423,""curve"":0.3263872491145217,""creature"":0.31735537190082674,""removal"":0,""duplicate"":0,""fixing"":0}","{""カード情報からの推定単体評価"":154,""主色外のマナ供給が不足"":31,""現在の主色に合う"":120,""2マナのクリーチャーを補強"":58,""クリーチャー不足を補う"":52,""アーキタイプ・共通メカニズムと相性が良い"":32}","[""カード情報からの推定単体評価"",""現在の主色に合う"",""2マナのクリーチャーを補強"",""クリーチャー不足を補う"",""アーキタイプ・共通メカニズムと相性が良い""]"
"a25ba5cc-6ff8-4215-b70d-7e86e15e3c1a","Óin the Brave","312","2.842948717948718","109","56","0.5137614678899083","1","0","","not-applicable-14-card-packs","","","","","","","51.5","51.5","0","1.1458719607925538","0.17932366597948218","0.4044289044289043","0","-0.5849358974358975","{""base"":51.5,""mana"":0,""color"":1.1458719607925538,""synergy"":0.17932366597948218,""curve"":0.4044289044289043,""creature"":0.24702797202797222,""removal"":0,""duplicate"":-0.5849358974358975,""fixing"":0}","{""カード情報からの推定単体評価"":312,""現在の主色に合う"":187,""2マナのクリーチャーを補強"":111,""アーキタイプ・共通メカニズムと相性が良い"":60,""クリーチャー不足を補う"":54,""主色外のマナ供給が不足"":16}","[""カード情報からの推定単体評価"",""現在の主色に合う"",""2マナのクリーチャーを補強"",""アーキタイプ・共通メカニズムと相性が良い"",""クリーチャー不足を補う""]"
"a2ec1dd0-86c7-423d-b562-ed95b79bf8f7","The Queen of Dale","24","2.6666666666666665","11","7","0.6363636363636364","1","0","","not-applicable-14-card-packs","","","","","","","51.300000000000004","51.300000000000004","0","1.5340108233756913","0.31933012978943076","0.5420454545454545","0","-0.10416666666666667","{""base"":51.299999999999976,""mana"":0,""color"":1.5340108233756913,""synergy"":0.31933012978943076,""curve"":0.5420454545454545,""creature"":0.31136363636363634,""removal"":0,""duplicate"":-0.10416666666666667,""fixing"":0}","{""カード情報からの推定単体評価"":24,""現在の主色に合う"":13,""アーキタイプ・共通メカニズムと相性が良い"":9,""2マナのクリーチャーを補強"":10,""クリーチャー不足を補う"":7}","[""カード情報からの推定単体評価"",""現在の主色に合う"",""2マナのクリーチャーを補強"",""アーキタイプ・共通メカニズムと相性が良い"",""クリーチャー不足を補う""]"
"a3fb7228-e76b-4e96-a40e-20b5fed75685","Mountain","477","14","154","0","0","0","1","","not-applicable-14-card-packs","","","","","","","12","12","0","0","0","0","0","0","{""base"":12,""mana"":0,""color"":0,""synergy"":0,""curve"":0,""creature"":0,""removal"":0,""duplicate"":0,""fixing"":0}","{""カード情報からの推定単体評価"":477}","[""カード情報からの推定単体評価""]"
"a71e8d07-1a49-47a0-834e-de87d750a200","Iron Hills","308","8.863636363636363","106","0","0","0","0","","not-applicable-14-card-packs","","","","","","","45","45","0","0","0.4368387525557388","0","0","0","{""base"":45,""mana"":0,""color"":0,""synergy"":0.4368387525557388,""curve"":0,""creature"":0,""removal"":0,""duplicate"":0,""fixing"":2.0205810686550807}","{""カード情報からの推定単体評価"":308,""アーキタイプ・共通メカニズムと相性が良い"":149,""主色のマナ基盤を補強"":110}","[""カード情報からの推定単体評価"",""アーキタイプ・共通メカニズムと相性が良い"",""主色のマナ基盤を補強""]"
"a73d9109-36e0-40ea-ab06-5c5f7eb4ac54","Bilbo, Luckwearer // Burglar's Plot","191","3.7958115183246073","63","7","0.1111111111111111","0.9841269841269841","0","","not-applicable-14-card-packs","","","","","","","49.9","49.9","0","1.4587861069611032","0.26953791338043304","0.47798667301285075","0","-0.17015706806282724","{""base"":49.89999999999983,""mana"":0,""color"":1.4587861069611032,""synergy"":0.26953791338043304,""curve"":0.47798667301285075,""creature"":0.35697287006187567,""removal"":0,""duplicate"":-0.17015706806282724,""fixing"":0}","{""カード情報からの推定単体評価"":191,""現在の主色に合う"":119,""2マナのクリーチャーを補強"":77,""クリーチャー不足を補う"":61,""主色外のマナ供給が不足"":10,""アーキタイプ・共通メカニズムと相性が良い"":54}","[""カード情報からの推定単体評価"",""現在の主色に合う"",""2マナのクリーチャーを補強"",""クリーチャー不足を補う"",""アーキタイプ・共通メカニズムと相性が良い""]"
"a833fdf1-db0c-4846-8452-d3b2059c2355","Long Lake Nuisance","301","2.8172757475083055","114","13","0.11403508771929824","0.9912280701754386","0","","not-applicable-14-card-packs","","","","","","","50.3","50.3","0","1.4876939734976315","0.23943917081052693","0.507384475989127","0","0","{""base"":50.299999999999734,""mana"":0,""color"":1.4876939734976315,""synergy"":0.23943917081052693,""curve"":0.507384475989127,""creature"":0.29936575052854125,""removal"":0,""duplicate"":0,""fixing"":0}","{""カード情報からの推定単体評価"":301,""現在の主色に合う"":181,""4マナのクリーチャーを補強"":120,""クリーチャー不足を補う"":74,""アーキタイプ・共通メカニズムと相性が良い"":76,""スプラッシュ用のマナ供給あり"":2,""主色外のマナ供給が不足"":5}","[""カード情報からの推定単体評価"",""現在の主色に合う"",""4マナのクリーチャーを補強"",""アーキタイプ・共通メカニズムと相性が良い"",""クリーチャー不足を補う""]"
"a8b018a7-0350-4ee0-9582-8d391018bdee","Azog, Moria's Ruin","52","3.3846153846153846","19","1","0.05263157894736842","1","0","","not-applicable-14-card-packs","","","","","","","50.3","50.3","0","1.6599675847185895","0","0.539423076923077","0","-0.14423076923076922","{""base"":50.30000000000002,""mana"":0,""color"":1.6599675847185895,""synergy"":0,""curve"":0.539423076923077,""creature"":0.37132867132867126,""removal"":0,""duplicate"":-0.14423076923076922,""fixing"":0}","{""カード情報からの推定単体評価"":52,""現在の主色に合う"":32,""3マナのクリーチャーを補強"":23,""クリーチャー不足を補う"":18,""主色外のマナ供給が不足"":1}","[""カード情報からの推定単体評価"",""現在の主色に合う"",""3マナのクリーチャーを補強"",""クリーチャー不足を補う"",""主色外のマナ供給が不足""]"
"a91e0154-14a9-4681-8236-04db231592a4","Elvenking's Halls","280","9.028571428571428","87","0","0","0","0","","not-applicable-14-card-packs","","","","","","","45","45","0","0","0.36452112376133006","0","0","0","{""base"":45,""mana"":0,""color"":0,""synergy"":0.36452112376133006,""curve"":0,""creature"":0,""removal"":0,""duplicate"":0,""fixing"":1.9377748308115912}","{""カード情報からの推定単体評価"":280,""アーキタイプ・共通メカニズムと相性が良い"":113,""主色のマナ基盤を補強"":93}","[""カード情報からの推定単体評価"",""アーキタイプ・共通メカニズムと相性が良い"",""主色のマナ基盤を補強""]"
"a97d6c5c-1cff-442d-b535-fc8389160b0b","Burn, Burn, Tree and Fern","157","4.86624203821656","54","3","0.05555555555555555","0.8888888888888888","0","","not-applicable-14-card-packs","","","","","","","49.6","49.6","0","1.3369126290864104","0.3257872441170999","0","0.1572524609148813","0","{""base"":49.600000000000136,""mana"":0,""color"":1.3369126290864104,""synergy"":0.3257872441170999,""curve"":0,""creature"":0,""removal"":0.1572524609148813,""duplicate"":0,""fixing"":0}","{""カード情報からの推定単体評価"":157,""現在の主色に合う"":97,""アーキタイプ・共通メカニズムと相性が良い"":59,""確定除去"":110,""主色外のマナ供給が不足"":9,""スプラッシュ用のマナ供給あり"":3}","[""カード情報からの推定単体評価"",""確定除去"",""現在の主色に合う"",""アーキタイプ・共通メカニズムと相性が良い"",""主色外のマナ供給が不足""]"
"aa913409-7a7a-4e74-82ff-7ff8195585ad","Roll-Roll-Roll-Roll","49","10.795918367346939","18","0","0","0","0","","not-applicable-14-card-packs","","","","","","","43.4","43.4","0","1.2288149608148173","0.4060380134017273","0","0","0","{""base"":43.400000000000034,""mana"":0,""color"":1.2288149608148173,""synergy"":0.4060380134017273,""curve"":0,""creature"":0,""removal"":0,""duplicate"":0,""fixing"":0}","{""カード情報からの推定単体評価"":49,""現在の主色に合う"":38,""アーキタイプ・共通メカニズムと相性が良い"":22,""主色外のマナ供給が不足"":10}","[""カード情報からの推定単体評価"",""現在の主色に合う"",""アーキタイプ・共通メカニズムと相性が良い"",""主色外のマナ供給が不足""]"
"acfe54b3-10e3-4fdb-b874-d39fde96c40a","Through the Forest Gate","53","10.547169811320755","21","0","0","0","0","","not-applicable-14-card-packs","","","","","","","43.4","43.4","0","0.5406781961315761","0","0","0","-0.045283018867924525","{""base"":43.40000000000004,""mana"":0,""color"":0.5406781961315761,""synergy"":0,""curve"":0,""creature"":0,""removal"":0,""duplicate"":-0.045283018867924525,""fixing"":0}","{""カード情報からの推定単体評価"":53,""現在の主色に合う"":44,""主色外のマナ供給が不足"":9}","[""カード情報からの推定単体評価"",""現在の主色に合う"",""主色外のマナ供給が不足""]"
"ae03782f-8f05-4ce2-a049-005b1b688faf","Dáin's Company","50","6.02","9","0","0","1","0","","not-applicable-14-card-packs","","","","","","","51.4","51.4","0","-1.6107556140148998","0.2372860226572925","0.228","0","0","{""base"":51.40000000000005,""mana"":-0.2283511577558657,""color"":-1.6107556140148998,""synergy"":0.2372860226572925,""curve"":0.228,""creature"":0.14072727272727273,""removal"":0,""duplicate"":0,""fixing"":0}","{""カード情報からの推定単体評価"":50,""現在の主色に合う"":25,""2マナのクリーチャーを補強"":17,""クリーチャー不足を補う"":8,""主色外のマナ供給が不足"":16,""アーキタイプ・共通メカニズムと相性が良い"":14}","[""カード情報からの推定単体評価"",""現在の主色に合う"",""2マナのクリーチャーを補強"",""主色外のマナ供給が不足"",""アーキタイプ・共通メカニズムと相性が良い""]"
"b2c6aa39-2d2a-459c-a555-fb48ba993373","Island","501","14","155","0","0","0","1","","not-applicable-14-card-packs","","","","","","","12","12","0","0","0","0","0","0","{""base"":12,""mana"":0,""color"":0,""synergy"":0,""curve"":0,""creature"":0,""removal"":0,""duplicate"":0,""fixing"":0}","{""カード情報からの推定単体評価"":501}","[""カード情報からの推定単体評価""]"
"b34bb2dc-c1af-4d77-b0b3-a0fb342a5fc6","Forest","501","14","168","0","0","0","1","","not-applicable-14-card-packs","","","","","","","12","12","0","0","0","0","0","0","{""base"":12,""mana"":0,""color"":0,""synergy"":0,""curve"":0,""creature"":0,""removal"":0,""duplicate"":0,""fixing"":0}","{""カード情報からの推定単体評価"":501}","[""カード情報からの推定単体評価""]"
"b39f03cf-3d1a-42ad-903f-e3b3542878b0","Front Porch Sentries","310","1.6225806451612903","97","94","0.9690721649484536","1","0","","not-applicable-14-card-packs","","","","","","","53.4","53.4","0","1.3647687597497102","0","0.34164222873900263","0.11263196480938416","0","{""base"":53.399999999999764,""mana"":0,""color"":1.3647687597497102,""synergy"":0,""curve"":0.34164222873900263,""creature"":0.3673900293255135,""removal"":0.11263196480938416,""duplicate"":0,""fixing"":0}","{""カード情報からの推定単体評価"":310,""現在の主色に合う"":192,""2マナのクリーチャーを補強"":85,""火力・マイナス修整"":194,""クリーチャー不足を補う"":80,""主色外のマナ供給が不足"":21}","[""カード情報からの推定単体評価"",""火力・マイナス修整"",""現在の主色に合う"",""2マナのクリーチャーを補強"",""クリーチャー不足を補う""]"
"b8d563e4-e2bc-4e8b-8841-6655beff9138","Bifur, Melodic Rider","154","11.87012987012987","52","0","0","0","0","","not-applicable-14-card-packs","","","","","","","44.6","44.6","0","-4.636502450379316","0","0","0","-0.17857142857142858","{""base"":44.60000000000011,""mana"":-0.2174975382724673,""color"":-4.636502450379316,""synergy"":0,""curve"":0,""creature"":0,""removal"":0,""duplicate"":-0.17857142857142858,""fixing"":0}","{""カード情報からの推定単体評価"":154,""現在の主色に合う"":42,""主色外のマナ供給が不足"":112}","[""カード情報からの推定単体評価"",""主色外のマナ供給が不足"",""現在の主色に合う""]"
"b9079564-5c86-4765-988a-f2334e016fa6","Master's Councillors","166","5.463855421686747","50","0","0","0.56","0","","not-applicable-14-card-packs","","","","","","","49","49","0","0.8754724152598597","0","0.26177437020810507","0","0","{""base"":49,""mana"":0,""color"":0.8754724152598597,""synergy"":0,""curve"":0.26177437020810507,""creature"":0.2526834611171962,""removal"":0,""duplicate"":0,""fixing"":0}","{""カード情報からの推定単体評価"":166,""主色外のマナ供給が不足"":32,""現在の主色に合う"":105,""2マナのクリーチャーを補強"":55,""クリーチャー不足を補う"":42}","[""カード情報からの推定単体評価"",""現在の主色に合う"",""2マナのクリーチャーを補強"",""クリーチャー不足を補う"",""主色外のマナ供給が不足""]"
"bb52b3c3-09f0-4506-b7c0-250ab0b91866","Troop of Ponies","174","5.775862068965517","60","0","0","0.25","0","","not-applicable-14-card-packs","","","","","","","48.2","48.2","0","0","0.31056243293988084","0.4749738766980145","0","0","{""base"":48.19999999999989,""mana"":0,""color"":0,""synergy"":0.31056243293988084,""curve"":0.4749738766980145,""creature"":0.34545454545454585,""removal"":0,""duplicate"":0,""fixing"":0}","{""カード情報からの推定単体評価"":174,""2マナのクリーチャーを補強"":76,""クリーチャー不足を補う"":61,""アーキタイプ・共通メカニズムと相性が良い"":62}","[""カード情報からの推定単体評価"",""2マナのクリーチャーを補強"",""アーキタイプ・共通メカニズムと相性が良い"",""クリーチャー不足を補う""]"
"bb67d0a4-864e-4f46-8538-fdd920bf0197","Ragged Short Spear","341","9.140762463343108","114","0","0","0.008771929824561403","0","","not-applicable-14-card-packs","","","","","","","45.5","45.5","0","1.1626601209725347","0.5561747502056464","0","0","0","{""base"":45.5,""mana"":0,""color"":1.1626601209725347,""synergy"":0.5561747502056464,""curve"":0,""creature"":0,""removal"":0,""duplicate"":0,""fixing"":0}","{""カード情報からの推定単体評価"":341,""現在の主色に合う"":280,""アーキタイプ・共通メカニズムと相性が良い"":142,""主色外のマナ供給が不足"":59}","[""カード情報からの推定単体評価"",""現在の主色に合う"",""アーキタイプ・共通メカニズムと相性が良い"",""主色外のマナ供給が不足""]"
"bc71ebf6-2056-41f7-be35-b2e5c34afa99","Plains","453","14","158","0","0","0","1","","not-applicable-14-card-packs","","","","","","","12","12","0","0","0","0","0","0","{""base"":12,""mana"":0,""color"":0,""synergy"":0,""curve"":0,""creature"":0,""removal"":0,""duplicate"":0,""fixing"":0}","{""カード情報からの推定単体評価"":453}","[""カード情報からの推定単体評価""]"
"bd4ab393-9538-4230-b2a1-bc77099481c9","Iron Hills Stalwart","290","3.7517241379310344","102","7","0.06862745098039216","0.9607843137254902","0","","not-applicable-14-card-packs","","","","","","","50.2","50.2","0","1.5347736025688474","0.22340695115976075","0","0","0","{""base"":50.200000000000244,""mana"":0,""color"":1.5347736025688474,""synergy"":0.22340695115976075,""curve"":0,""creature"":0.24282131661442027,""removal"":0,""duplicate"":0,""fixing"":0}","{""カード情報からの推定単体評価"":290,""現在の主色に合う"":181,""アーキタイプ・共通メカニズムと相性が良い"":72,""クリーチャー不足を補う"":62,""主色外のマナ供給が不足"":10,""スプラッシュ用のマナ供給あり"":1}","[""カード情報からの推定単体評価"",""現在の主色に合う"",""アーキタイプ・共通メカニズムと相性が良い"",""クリーチャー不足を補う"",""主色外のマナ供給が不足""]"
"bdd41af0-bbd1-4ecd-a699-99f006f5e5ce","Thorin Oakenshield","161","5.285714285714286","49","25","0.5102040816326531","1","0","","not-applicable-14-card-packs","","","","","","","51.8","51.8","0","-1.4666523384986379","0","0.1555053642010164","0","-0.37267080745341613","{""base"":51.80000000000011,""mana"":-0.31656107814804324,""color"":-1.4666523384986379,""synergy"":0,""curve"":0.1555053642010164,""creature"":0.16499153020892152,""removal"":0,""duplicate"":-0.37267080745341613,""fixing"":0}","{""カード情報からの推定単体評価"":161,""主色外のマナ供給が不足"":52,""現在の主色に合う"":60,""2マナのクリーチャーを補強"":37,""クリーチャー不足を補う"":21}","[""カード情報からの推定単体評価"",""現在の主色に合う"",""主色外のマナ供給が不足"",""2マナのクリーチャーを補強"",""クリーチャー不足を補う""]"
"bddd7e99-ec74-4ca6-9137-155b85695a95","Patient Instructor","256","7.12890625","89","1","0.011235955056179775","0.7191011235955056","0","","not-applicable-14-card-packs","","","","","","","49.9","49.9","0","-1.759098982460588","0.2413116361928857","0.007137784090909096","0","0","{""base"":49.89999999999978,""mana"":-0.28237506501577037,""color"":-1.759098982460588,""synergy"":0.2413116361928857,""curve"":0.007137784090909096,""creature"":0.1276278409090909,""removal"":0,""duplicate"":0,""fixing"":0}","{""カード情報からの推定単体評価"":256,""主色外のマナ供給が不足"":100,""現在の主色に合う"":91,""アーキタイプ・共通メカニズムと相性が良い"":68,""3マナのクリーチャーを補強"":34,""クリーチャー不足を補う"":34}","[""カード情報からの推定単体評価"",""主色外のマナ供給が不足"",""現在の主色に合う"",""アーキタイプ・共通メカニズムと相性が良い"",""3マナのクリーチャーを補強""]"
"c01aeaa5-1d3b-4493-9575-30175dcd780d","Gleaming Splendor","40","8.9","18","0","0","0","0","","not-applicable-14-card-packs","","","","","","","46.1","46.1","0","0.8375914162219786","0","0","0","0","{""base"":46.09999999999997,""mana"":0,""color"":0.8375914162219786,""synergy"":0,""curve"":0,""creature"":0,""removal"":0,""duplicate"":0,""fixing"":0}","{""カード情報からの推定単体評価"":40,""現在の主色に合う"":29,""主色外のマナ供給が不足"":11}","[""カード情報からの推定単体評価"",""現在の主色に合う"",""主色外のマナ供給が不足""]"
"c394b767-620c-4310-b78f-ece312259e46","Misty Mountains Raider","172","7.732558139534884","65","0","0","0.07692307692307693","0","","not-applicable-14-card-packs","","","","","","","47.4","47.4","0","1.2818215832126194","0","0","0","0","{""base"":47.39999999999986,""mana"":0,""color"":1.2818215832126194,""synergy"":0,""curve"":0,""creature"":0.13921775898520083,""removal"":0,""duplicate"":0,""fixing"":0}","{""カード情報からの推定単体評価"":172,""現在の主色に合う"":128,""クリーチャー不足を補う"":27,""主色外のマナ供給が不足"":33,""スプラッシュ用のマナ供給あり"":6}","[""カード情報からの推定単体評価"",""現在の主色に合う"",""主色外のマナ供給が不足"",""クリーチャー不足を補う"",""スプラッシュ用のマナ供給あり""]"
"c3fb2829-64f2-4795-b815-edcc5bbbc360","Guardian of the Halls","291","2.450171821305842","100","35","0.35","1","0","","not-applicable-14-card-packs","","","","","","","51","51","0","1.5342575703310168","0","0.4573102155576383","0","0","{""base"":51,""mana"":0,""color"":1.5342575703310168,""synergy"":0,""curve"":0.4573102155576383,""creature"":0.28622305529522046,""removal"":0,""duplicate"":0,""fixing"":0}","{""カード情報からの推定単体評価"":291,""現在の主色に合う"":185,""2マナのクリーチャーを補強"":107,""クリーチャー不足を補う"":62,""主色外のマナ供給が不足"":6}","[""カード情報からの推定単体評価"",""現在の主色に合う"",""2マナのクリーチャーを補強"",""クリーチャー不足を補う"",""主色外のマナ供給が不足""]"
"c50282bd-4b57-4c7b-9598-ea67ba49248b","The Misty Mountains Cold","47","10.76595744680851","20","0","0","0","0","","not-applicable-14-card-packs","","","","","","","43.4","43.4","0","0.5537474515469311","0.38096124715595364","0","0","0","{""base"":43.40000000000004,""mana"":0,""color"":0.5537474515469311,""synergy"":0.38096124715595364,""curve"":0,""creature"":0,""removal"":0,""duplicate"":0,""fixing"":0}","{""カード情報からの推定単体評価"":47,""現在の主色に合う"":37,""アーキタイプ・共通メカニズムと相性が良い"":20,""主色外のマナ供給が不足"":10}","[""カード情報からの推定単体評価"",""現在の主色に合う"",""アーキタイプ・共通メカニズムと相性が良い"",""主色外のマナ供給が不足""]"
"c53b7602-5e36-4900-896c-844bf6eac22e","Smaug the Magnificent","30","2.5","11","2","0.18181818181818182","1","0","","not-applicable-14-card-packs","","","","","","","50.800000000000004","50.800000000000004","0","1.513873958083768","0","0.6354545454545456","0","0","{""base"":50.799999999999976,""mana"":0,""color"":1.513873958083768,""synergy"":0,""curve"":0.6354545454545456,""creature"":0.24545454545454545,""removal"":0,""duplicate"":0,""fixing"":0}","{""カード情報からの推定単体評価"":30,""現在の主色に合う"":19,""4マナのクリーチャーを補強"":13,""クリーチャー不足を補う"":4}","[""カード情報からの推定単体評価"",""現在の主色に合う"",""4マナのクリーチャーを補強"",""クリーチャー不足を補う""]"
"c8259b0e-131f-44f0-86d4-7c4d711b328d","Old Thrush","291","3.8006872852233675","86","10","0.11627906976744186","0.9302325581395349","0","","not-applicable-14-card-packs","","","","","","","50.2","50.2","0","0","0","0.4864104967197748","0","0","{""base"":50.200000000000244,""mana"":0,""color"":0,""synergy"":0,""curve"":0.4864104967197748,""creature"":0.3705716963448923,""removal"":0,""duplicate"":0,""fixing"":0}","{""カード情報からの推定単体評価"":291,""2マナのクリーチャーを補強"":124,""クリーチャー不足を補う"":91}","[""カード情報からの推定単体評価"",""2マナのクリーチャーを補強"",""クリーチャー不足を補う""]"
"c91c7d6b-a502-4b66-9509-3c1eda00e763","Fíli the Pathfinder","42","8.261904761904763","12","0","0","0","0","","not-applicable-14-card-packs","","","","","","","46.199999999999996","46.199999999999996","0","1.3899468833236288","0","0.8064935064935066","0","-0.11904761904761904","{""base"":46.20000000000003,""mana"":0,""color"":1.3899468833236288,""synergy"":0,""curve"":0.8064935064935066,""creature"":0.24155844155844153,""removal"":0,""duplicate"":-0.11904761904761904,""fixing"":0}","{""カード情報からの推定単体評価"":42,""現在の主色に合う"":38,""4マナのクリーチャーを補強"":25,""クリーチャー不足を補う"":13,""主色外のマナ供給が不足"":4}","[""カード情報からの推定単体評価"",""現在の主色に合う"",""4マナのクリーチャーを補強"",""クリーチャー不足を補う"",""主色外のマナ供給が不足""]"
"c9634afc-4a5b-4cf6-b63d-0ff9909dd5a7","Desolation of Smaug","43","11.767441860465116","17","0","0","0","0","","not-applicable-14-card-packs","","","","","","","43.4","43.4","0","-1.6634297047168527","0","0","0","0","{""base"":43.400000000000034,""mana"":0,""color"":-1.6634297047168527,""synergy"":0,""curve"":0,""creature"":0,""removal"":0,""duplicate"":0,""fixing"":0}","{""カード情報からの推定単体評価"":43,""現在の主色に合う"":25,""主色外のマナ供給が不足"":18}","[""カード情報からの推定単体評価"",""現在の主色に合う"",""主色外のマナ供給が不足""]"
"c996bc53-184d-4dc3-8244-e8d9528516a0","Gandalf, Wandering Wizard","314","7.028662420382165","104","0","0","0.21153846153846154","0","","not-applicable-14-card-packs","","","","","","","48.2","48.2","0","0.6316623793518927","0","0","0","-0.5493630573248408","{""base"":48.200000000000266,""mana"":0,""color"":0.6316623793518927,""synergy"":0,""curve"":0,""creature"":0.21401273885350347,""removal"":0,""duplicate"":-0.5493630573248408,""fixing"":0}","{""カード情報からの推定単体評価"":314,""主色外のマナ供給が不足"":73,""現在の主色に合う"":206,""クリーチャー不足を補う"":69,""スプラッシュ用のマナ供給あり"":13}","[""カード情報からの推定単体評価"",""現在の主色に合う"",""主色外のマナ供給が不足"",""クリーチャー不足を補う"",""スプラッシュ用のマナ供給あり""]"
"cb2803ee-825b-420e-b404-c7c44f15ec15","The Black Arrow","183","7.39344262295082","50","0","0","0.08","0","","not-applicable-14-card-packs","","","","","","","47.4","47.4","0","0","0.16712386473804616","0","0.2331594634873324","-0.06830601092896176","{""base"":47.39999999999984,""mana"":0,""color"":0,""synergy"":0.16712386473804616,""curve"":0,""creature"":0,""removal"":0.2331594634873324,""duplicate"":-0.06830601092896176,""fixing"":0}","{""カード情報からの推定単体評価"":183,""火力・マイナス修整"":183,""アーキタイプ・共通メカニズムと相性が良い"":35}","[""カード情報からの推定単体評価"",""火力・マイナス修整"",""アーキタイプ・共通メカニズムと相性が良い""]"
"cb4b4b63-682b-4439-9757-84cca7a27db2","Eagle of the Great Shelf","146","6.294520547945205","50","0","0","0.36","0","","not-applicable-14-card-packs","","","","","","","48.6","48.6","0","1.3403003173847214","0","0","0","0","{""base"":48.600000000000115,""mana"":0,""color"":1.3403003173847214,""synergy"":0,""curve"":0,""creature"":0.27534246575342475,""removal"":0,""duplicate"":0,""fixing"":0}","{""カード情報からの推定単体評価"":146,""現在の主色に合う"":101,""クリーチャー不足を補う"":42,""主色外のマナ供給が不足"":20,""スプラッシュ用のマナ供給あり"":5}","[""カード情報からの推定単体評価"",""現在の主色に合う"",""クリーチャー不足を補う"",""主色外のマナ供給が不足"",""スプラッシュ用のマナ供給あり""]"
"cc65821a-1893-4087-b461-35cf9fd26c71","Orcrist, Goblin-cleaver","27","10.88888888888889","9","0","0","0","0","","not-applicable-14-card-packs","","","","","","","43.6","43.6","0","0","0.3253838264254642","0","0","-0.09259259259259259","{""base"":43.6,""mana"":0,""color"":0,""synergy"":0.3253838264254642,""curve"":0,""creature"":0,""removal"":0,""duplicate"":-0.09259259259259259,""fixing"":0}","{""カード情報からの推定単体評価"":27,""アーキタイプ・共通メカニズムと相性が良い"":9}","[""カード情報からの推定単体評価"",""アーキタイプ・共通メカニズムと相性が良い""]"
"cd1a9d87-4c91-4456-8d88-19e0d6e0b200","Gandalf, Spark Starter","151","11.14569536423841","47","0","0","0","0","","not-applicable-14-card-packs","","","","","","","43","43","0","-0.30288483179128023","0","0","0","-0.16556291390728478","{""base"":43,""mana"":0,""color"":-0.30288483179128023,""synergy"":0,""curve"":0,""creature"":0,""removal"":0,""duplicate"":-0.16556291390728478,""fixing"":0}","{""カード情報からの推定単体評価"":151,""現在の主色に合う"":104,""主色外のマナ供給が不足"":47}","[""カード情報からの推定単体評価"",""現在の主色に合う"",""主色外のマナ供給が不足""]"
"cd49aa99-bf84-4edd-aecc-6dae78b73412","Mirkwood","288","9.006944444444445","98","0","0","0","0","","not-applicable-14-card-packs","","","","","","","45","45","0","0","0.4257955489105474","0","0","0","{""base"":45,""mana"":0,""color"":0,""synergy"":0.4257955489105474,""curve"":0,""creature"":0,""removal"":0,""duplicate"":0,""fixing"":2.11922428829564}","{""カード情報からの推定単体評価"":288,""主色のマナ基盤を補強"":114,""アーキタイプ・共通メカニズムと相性が良い"":138}","[""カード情報からの推定単体評価"",""アーキタイプ・共通メカニズムと相性が良い"",""主色のマナ基盤を補強""]"
"ce107656-f222-4d9a-9ba2-b33b4d47bdb5","Wargling","299","2.5752508361204014","104","36","0.34615384615384615","0.9903846153846154","0","","not-applicable-14-card-packs","","","","","","","51","51","0","1.5417833641914767","0","0.45801155366372764","0","0","{""base"":51,""mana"":0,""color"":1.5417833641914767,""synergy"":0,""curve"":0.45801155366372764,""creature"":0.27874733961690495,""removal"":0,""duplicate"":0,""fixing"":0}","{""カード情報からの推定単体評価"":299,""現在の主色に合う"":189,""2マナのクリーチャーを補強"":118,""クリーチャー不足を補う"":61,""主色外のマナ供給が不足"":7}","[""カード情報からの推定単体評価"",""現在の主色に合う"",""2マナのクリーチャーを補強"",""クリーチャー不足を補う"",""主色外のマナ供給が不足""]"
"cee583b7-7cc3-40ea-a227-b760839ec291","Dwalin, Weaponmaster","40","8.05","13","0","0","0.07692307692307693","0","","not-applicable-14-card-packs","","","","","","","48.6","48.6","0","-1.8561444213513443","0.2510629357761768","0.19090909090909092","0","0","{""base"":48.599999999999966,""mana"":-0.2540734519405829,""color"":-1.8561444213513443,""synergy"":0.2510629357761768,""curve"":0.19090909090909092,""creature"":0.2059090909090909,""removal"":0,""duplicate"":0,""fixing"":0}","{""カード情報からの推定単体評価"":40,""現在の主色に合う"":18,""アーキタイプ・共通メカニズムと相性が良い"":11,""主色外のマナ供給が不足"":21,""2マナのクリーチャーを補強"":9,""クリーチャー不足を補う"":8}","[""カード情報からの推定単体評価"",""主色外のマナ供給が不足"",""現在の主色に合う"",""アーキタイプ・共通メカニズムと相性が良い"",""2マナのクリーチャーを補強""]"
"cf765efe-884c-48e2-9edb-9d45cf2756dd","Lake-town Lookout","316","2.3544303797468356","101","63","0.6237623762376238","1","0","","not-applicable-14-card-packs","","","","","","","51.5","51.5","0","1.6873518261266123","0.2978645488209185","0","0","0","{""base"":51.5,""mana"":0,""color"":1.6873518261266123,""synergy"":0.2978645488209185,""curve"":0,""creature"":0.390794016110472,""removal"":0,""duplicate"":0,""fixing"":0}","{""カード情報からの推定単体評価"":316,""現在の主色に合う"":207,""主色外のマナ供給が不足"":8,""クリーチャー不足を補う"":100,""アーキタイプ・共通メカニズムと相性が良い"":104}","[""カード情報からの推定単体評価"",""現在の主色に合う"",""アーキタイプ・共通メカニズムと相性が良い"",""クリーチャー不足を補う"",""主色外のマナ供給が不足""]"
"cfaa8b7b-7bfc-4660-bbc7-a717e05df6ef","Stone-Giant of High Pass","53","2","23","18","0.782608695652174","1","0","","not-applicable-14-card-packs","","","","","","","51.8","51.8","0","1.3031321062585253","0.2142621181753383","-0.03293310463121784","0.1451114922813036","-0.045283018867924525","{""base"":51.80000000000002,""mana"":0,""color"":1.3031321062585253,""synergy"":0.2142621181753383,""curve"":-0.03293310463121784,""creature"":0.2274442538593482,""removal"":0.1451114922813036,""duplicate"":-0.045283018867924525,""fixing"":0}","{""カード情報からの推定単体評価"":53,""現在の主色に合う"":30,""アーキタイプ・共通メカニズムと相性が良い"":12,""クリーチャー不足を補う"":8,""火力・マイナス修整"":31}","[""カード情報からの推定単体評価"",""火力・マイナス修整"",""現在の主色に合う"",""アーキタイプ・共通メカニズムと相性が良い"",""クリーチャー不足を補う""]"
"d05db2c1-a19a-4803-8e8a-fa2f9b798181","Bard, King of Dale","27","10.666666666666666","9","0","0","0","0","","not-applicable-14-card-packs","","","","","","","46.9","46.9","0","-3.4763889018741816","0","0","0","0","{""base"":46.900000000000006,""mana"":-0.22127373520053334,""color"":-3.4763889018741816,""synergy"":0,""curve"":0,""creature"":0.10101010101010101,""removal"":0,""duplicate"":0,""fixing"":0}","{""カード情報からの推定単体評価"":27,""主色外のマナ供給が不足"":17,""現在の主色に合う"":8,""クリーチャー不足を補う"":3,""スプラッシュ用のマナ供給あり"":2}","[""カード情報からの推定単体評価"",""主色外のマナ供給が不足"",""現在の主色に合う"",""クリーチャー不足を補う"",""スプラッシュ用のマナ供給あり""]"
"d0f62148-1015-49b8-b61f-a4332325a6b0","Elven Raft-Steerer","157","4.089171974522293","59","0","0","0.6779661016949152","0","","not-applicable-14-card-packs","","","","","","","49.300000000000004","49.300000000000004","0","1.4728711727457628","0.10502568211509133","0.32446438911407055","0.2824551244933411","0","{""base"":49.300000000000125,""mana"":0,""color"":1.4728711727457628,""synergy"":0.10502568211509133,""curve"":0.32446438911407055,""creature"":0.28141285466126253,""removal"":0.2824551244933411,""duplicate"":0,""fixing"":0}","{""カード情報からの推定単体評価"":157,""現在の主色に合う"":101,""3マナのクリーチャーを補強"":55,""タップ"":109,""クリーチャー不足を補う"":38,""アーキタイプ・共通メカニズムと相性が良い"":18,""主色外のマナ供給が不足"":16}","[""カード情報からの推定単体評価"",""タップ"",""現在の主色に合う"",""3マナのクリーチャーを補強"",""クリーチャー不足を補う""]"
"d1663b51-37a1-45a0-b477-2d3e7dd0828e","Warg Tactics","317","8.309148264984227","106","0","0","0.03773584905660377","0","","not-applicable-14-card-packs","","","","","","","46.3","46.3","0","1.5006276659008673","0","0","0.16376541439632922","0","{""base"":46.29999999999975,""mana"":0,""color"":1.5006276659008673,""synergy"":0,""curve"":0,""creature"":0,""removal"":0.16376541439632922,""duplicate"":0,""fixing"":0}","{""カード情報からの推定単体評価"":317,""現在の主色に合う"":259,""条件付き除去"":260,""主色外のマナ供給が不足"":54}","[""カード情報からの推定単体評価"",""条件付き除去"",""現在の主色に合う"",""主色外のマナ供給が不足""]"
"d1dceaa7-d33e-4067-9e1b-8a8978a12933","Stony-Voiced Goblins","299","6.953177257525083","96","0","0","0.052083333333333336","0","","not-applicable-14-card-packs","","","","","","","47.4","47.4","0","1.7495974079312389","0.22034092529792457","0.2807540285801153","0","0","{""base"":47.399999999999764,""mana"":0,""color"":1.7495974079312389,""synergy"":0.22034092529792457,""curve"":0.2807540285801153,""creature"":0.34934630586804516,""removal"":0,""duplicate"":0,""fixing"":0}","{""カード情報からの推定単体評価"":299,""現在の主色に合う"":258,""アーキタイプ・共通メカニズムと相性が良い"":72,""主色外のマナ供給が不足"":36,""2マナのクリーチャーを補強"":112,""クリーチャー不足を補う"":110}","[""カード情報からの推定単体評価"",""現在の主色に合う"",""2マナのクリーチャーを補強"",""クリーチャー不足を補う"",""アーキタイプ・共通メカニズムと相性が良い""]"
"d4607026-80b2-4fa6-99d5-694cd3b43868","Great Gilded Boat","47","8.787234042553191","13","0","0","0.07692307692307693","0","","not-applicable-14-card-packs","","","","","","","45.9","45.9","0","1.1172639975144343","0.4382373972094632","0","0","0","{""base"":45.900000000000034,""mana"":0,""color"":1.1172639975144343,""synergy"":0.4382373972094632,""curve"":0,""creature"":0,""removal"":0,""duplicate"":0,""fixing"":0}","{""カード情報からの推定単体評価"":47,""現在の主色に合う"":35,""アーキタイプ・共通メカニズムと相性が良い"":22,""主色外のマナ供給が不足"":11}","[""カード情報からの推定単体評価"",""現在の主色に合う"",""アーキタイプ・共通メカニズムと相性が良い"",""主色外のマナ供給が不足""]"
"d51136fa-3c13-48a5-83fd-51fe00010a4b","Celebrate the Mountain-king","168","9.452380952380953","64","0","0","0","0","","not-applicable-14-card-packs","","","","","","","45.5","45.5","0","0.7975548757434177","0.29280855520294163","0","0","0","{""base"":45.5,""mana"":0,""color"":0.7975548757434177,""synergy"":0.29280855520294163,""curve"":0,""creature"":0,""removal"":0,""duplicate"":0,""fixing"":0}","{""カード情報からの推定単体評価"":168,""主色外のマナ供給が不足"":27,""スプラッシュ用のマナ供給あり"":8,""現在の主色に合う"":133,""アーキタイプ・共通メカニズムと相性が良い"":53}","[""カード情報からの推定単体評価"",""現在の主色に合う"",""アーキタイプ・共通メカニズムと相性が良い"",""主色外のマナ供給が不足"",""スプラッシュ用のマナ供給あり""]"
"d7cba934-02ad-4677-bb4d-50808b01b4f9","Thranduil's Decree","162","9.685185185185185","56","0","0","0","0","","not-applicable-14-card-packs","","","","","","","45.42","45.42","0","0.6489667455748451","0","-0.07171717171717171","0.27196969696969686","-0.1703703703703703","{""base"":45.42000000000006,""mana"":0,""color"":0.6489667455748451,""synergy"":0,""curve"":-0.07171717171717171,""creature"":0,""removal"":0.27196969696969686,""duplicate"":-0.1703703703703703,""fixing"":0}","{""カード情報からの推定単体評価"":162,""主色外のマナ供給が不足"":43,""現在の主色に合う"":119,""バウンス・打ち消し"":119}","[""カード情報からの推定単体評価"",""現在の主色に合う"",""バウンス・打ち消し"",""主色外のマナ供給が不足""]"
"d9ed7252-11d1-432b-9101-ac08cd28826d","Beorn's Hospitality","146","10.924657534246576","46","0","0","0","0","","not-applicable-14-card-packs","","","","","","","43","43","0","0.8008860450588029","0.1862990874984141","0","0","0","{""base"":43,""mana"":0,""color"":0.8008860450588029,""synergy"":0.1862990874984141,""curve"":0,""creature"":0,""removal"":0,""duplicate"":0,""fixing"":0}","{""カード情報からの推定単体評価"":146,""現在の主色に合う"":112,""主色外のマナ供給が不足"":34,""アーキタイプ・共通メカニズムと相性が良い"":29}","[""カード情報からの推定単体評価"",""現在の主色に合う"",""主色外のマナ供給が不足"",""アーキタイプ・共通メカニズムと相性が良い""]"
"db05b114-2eb5-46bc-81e7-7e036d8eaab3","Quarrel","279","8.508960573476703","82","0","0","0.036585365853658534","0","","not-applicable-14-card-packs","","","","","","","46.3","46.3","0","1.2761551979902375","0","0","0.1627565982404692","0","{""base"":46.29999999999981,""mana"":0,""color"":1.2761551979902375,""synergy"":0,""curve"":0,""creature"":0,""removal"":0.1627565982404692,""duplicate"":0,""fixing"":0}","{""カード情報からの推定単体評価"":279,""現在の主色に合う"":221,""条件付き除去"":222,""主色外のマナ供給が不足"":55}","[""カード情報からの推定単体評価"",""条件付き除去"",""現在の主色に合う"",""主色外のマナ供給が不足""]"
"dba1d231-6b03-44ad-ab8c-be0c8fe1b6db","Lake-town Mariners // Gone Fishing","151","9.218543046357615","51","0","0","0","0","","not-applicable-14-card-packs","","","","","","","46.2","46.2","0","0.6481036295057885","0","-0.10186634557495483","0","-0.19867549668874168","{""base"":46.19999999999988,""mana"":-0.399999999999999,""color"":0.6481036295057885,""synergy"":0,""curve"":-0.10186634557495483,""creature"":0.1632751354605659,""removal"":0,""duplicate"":-0.19867549668874168,""fixing"":0}","{""カード情報からの推定単体評価"":151,""現在の主色に合う"":114,""クリーチャー不足を補う"":27,""主色外のマナ供給が不足"":37}","[""カード情報からの推定単体評価"",""現在の主色に合う"",""主色外のマナ供給が不足"",""クリーチャー不足を補う""]"
"dbcf2a79-b455-43ac-9cf0-9e63708800f4","Sound the Trumpets","157","7.025477707006369","46","0","0","0.1956521739130435","0","","not-applicable-14-card-packs","","","","","","","47.92","47.92","0","1.3129335310093189","0.32282988795180034","0","0.32727272727272744","0","{""base"":47.92000000000006,""mana"":0,""color"":1.3129335310093189,""synergy"":0.32282988795180034,""curve"":0,""creature"":0,""removal"":0.32727272727272744,""duplicate"":0,""fixing"":0}","{""カード情報からの推定単体評価"":157,""現在の主色に合う"":115,""アーキタイプ・共通メカニズムと相性が良い"":57,""バウンス・打ち消し"":116,""主色外のマナ供給が不足"":33}","[""カード情報からの推定単体評価"",""バウンス・打ち消し"",""現在の主色に合う"",""アーキタイプ・共通メカニズムと相性が良い"",""主色外のマナ供給が不足""]"
"dc20b29b-856e-4d45-99cd-5e12cfc2324d","The Notary Hobbits","50","9.8","22","0","0","0","0","","not-applicable-14-card-packs","","","","","","","45.4","45.4","0","0.8722898584720393","0","0","0","0","{""base"":45.400000000000034,""mana"":0,""color"":0.8722898584720393,""synergy"":0,""curve"":0,""creature"":0.10690909090909093,""removal"":0,""duplicate"":0,""fixing"":0}","{""カード情報からの推定単体評価"":50,""現在の主色に合う"":38,""クリーチャー不足を補う"":5,""主色外のマナ供給が不足"":12}","[""カード情報からの推定単体評価"",""現在の主色に合う"",""主色外のマナ供給が不足"",""クリーチャー不足を補う""]"
"dc788b66-d03d-4066-be35-481be96ed2f7","Boughside Wanderers","275","10.243636363636364","89","0","0","0","0","","not-applicable-14-card-packs","","","","","","","43.8","43.8","0","0.9199466038447455","0.13901434338204816","0","0","-0.24436363636363653","{""base"":43.799999999999855,""mana"":0,""color"":0.9199466038447455,""synergy"":0.13901434338204816,""curve"":0,""creature"":0,""removal"":0,""duplicate"":-0.24436363636363653,""fixing"":0}","{""カード情報からの推定単体評価"":275,""現在の主色に合う"":219,""アーキタイプ・共通メカニズムと相性が良い"":42,""主色外のマナ供給が不足"":56}","[""カード情報からの推定単体評価"",""現在の主色に合う"",""主色外のマナ供給が不足"",""アーキタイプ・共通メカニズムと相性が良い""]"
"dda607bd-f419-4b7f-b052-a5ce6ce22bfe","Stir Up Trouble","289","4.304498269896194","109","1","0.009174311926605505","0.8440366972477065","0","","not-applicable-14-card-packs","","","","","","","49.6","49.6","0","1.6596163839908993","0.36251876951196216","0","0.11614501415539474","0","{""base"":49.600000000000236,""mana"":0,""color"":1.6596163839908993,""synergy"":0.36251876951196216,""curve"":0,""creature"":0,""removal"":0.11614501415539474,""duplicate"":0,""fixing"":0}","{""カード情報からの推定単体評価"":289,""現在の主色に合う"":186,""確定除去"":227,""アーキタイプ・共通メカニズムと相性が良い"":113,""主色外のマナ供給が不足"":11}","[""カード情報からの推定単体評価"",""確定除去"",""現在の主色に合う"",""アーキタイプ・共通メカニズムと相性が良い"",""主色外のマナ供給が不足""]"
"e01860cd-0aa1-435a-9ef9-ee412bc458cd","Down, Down to Goblin-town","154","10.681818181818182","45","0","0","0","0","","not-applicable-14-card-packs","","","","","","","43","43","0","1.5610896538594037","0.802982925271758","0","0","0","{""base"":43,""mana"":0,""color"":1.5610896538594037,""synergy"":0.802982925271758,""curve"":0,""creature"":0,""removal"":0,""duplicate"":0,""fixing"":0}","{""カード情報からの推定単体評価"":154,""現在の主色に合う"":130,""アーキタイプ・共通メカニズムと相性が良い"":92,""主色外のマナ供給が不足"":24}","[""カード情報からの推定単体評価"",""現在の主色に合う"",""アーキタイプ・共通メカニズムと相性が良い"",""主色外のマナ供給が不足""]"
"e1a9c467-2d64-4e11-adf3-7333c923b187","Part in Friendship","49","10.653061224489797","11","0","0","0","0","","not-applicable-14-card-packs","","","","","","","43.4","43.4","0","0.5632987272650533","0","0","0","0","{""base"":43.400000000000034,""mana"":0,""color"":0.5632987272650533,""synergy"":0,""curve"":0,""creature"":0,""removal"":0,""duplicate"":0,""fixing"":0}","{""カード情報からの推定単体評価"":49,""主色外のマナ供給が不足"":11,""現在の主色に合う"":36,""スプラッシュ用のマナ供給あり"":2}","[""カード情報からの推定単体評価"",""現在の主色に合う"",""主色外のマナ供給が不足"",""スプラッシュ用のマナ供給あり""]"
"e3491542-569e-48a8-b625-fa7c4aa2792a","Down in the Valley","55","10.618181818181819","25","0","0","0","0","","not-applicable-14-card-packs","","","","","","","43.4","43.4","0","1.0158182912126996","0.4250006867594346","0","0","0","{""base"":43.40000000000004,""mana"":0,""color"":1.0158182912126996,""synergy"":0.4250006867594346,""curve"":0,""creature"":0,""removal"":0,""duplicate"":0,""fixing"":0}","{""カード情報からの推定単体評価"":55,""現在の主色に合う"":44,""主色外のマナ供給が不足"":11,""アーキタイプ・共通メカニズムと相性が良い"":20}","[""カード情報からの推定単体評価"",""現在の主色に合う"",""アーキタイプ・共通メカニズムと相性が良い"",""主色外のマナ供給が不足""]"
"e3a665f9-6e51-4e0d-923b-e9552d5978a4","The Sackville-Bagginses","51","1.8235294117647058","14","10","0.7142857142857143","1","0","","not-applicable-14-card-packs","","","","","","","51.9","51.9","0","1.4597520702946118","0.3735781057640862","0.527005347593583","0","-0.049019607843137254","{""base"":51.90000000000005,""mana"":0,""color"":1.4597520702946118,""synergy"":0.3735781057640862,""curve"":0.527005347593583,""creature"":0.30374331550802125,""removal"":0,""duplicate"":-0.049019607843137254,""fixing"":0}","{""カード情報からの推定単体評価"":51,""現在の主色に合う"":31,""アーキタイプ・共通メカニズムと相性が良い"":21,""2マナのクリーチャーを補強"":19,""クリーチャー不足を補う"":11,""主色外のマナ供給が不足"":6}","[""カード情報からの推定単体評価"",""現在の主色に合う"",""アーキタイプ・共通メカニズムと相性が良い"",""2マナのクリーチャーを補強"",""クリーチャー不足を補う""]"
"e4402d21-bb7f-4777-bc8d-b24bf2faccb0","Old Fat Spider Can't See Me","181","9.215469613259668","51","0","0","0","0","","not-applicable-14-card-packs","","","","","","","45.5","45.5","0","0.87039153266228","0.35136554117668084","0","0","0","{""base"":45.5,""mana"":0,""color"":0.87039153266228,""synergy"":0.35136554117668084,""curve"":0,""creature"":0,""removal"":0,""duplicate"":0,""fixing"":0}","{""カード情報からの推定単体評価"":181,""現在の主色に合う"":141,""主色外のマナ供給が不足"":40,""アーキタイプ・共通メカニズムと相性が良い"":69}","[""カード情報からの推定単体評価"",""現在の主色に合う"",""アーキタイプ・共通メカニズムと相性が良い"",""主色外のマナ供給が不足""]"
"ec076f5b-b0e3-4b6f-9293-a8fc42f20bd8","Bard the Bowman","174","8.413793103448276","64","0","0","0.5","0","","not-applicable-14-card-packs","","","","","","","49.4","49.4","0","-3.2264372370243453","0","0.06606583072100315","0","-0.25862068965517243","{""base"":49.39999999999984,""mana"":-0.27271799190907764,""color"":-3.2264372370243453,""synergy"":0,""curve"":0.06606583072100315,""creature"":0.12413793103448273,""removal"":0,""duplicate"":-0.25862068965517243,""fixing"":0}","{""カード情報からの推定単体評価"":174,""主色外のマナ供給が不足"":97,""現在の主色に合う"":45,""3マナのクリーチャーを補強"":17,""クリーチャー不足を補う"":23}","[""カード情報からの推定単体評価"",""主色外のマナ供給が不足"",""現在の主色に合う"",""クリーチャー不足を補う"",""3マナのクリーチャーを補強""]"
"ed9d4bb1-7335-45fd-b2ea-97b1f6491d7a","Desolation Prowler","141","4.943262411347518","55","1","0.01818181818181818","0.5454545454545454","0","","not-applicable-14-card-packs","","","","","","","49","49","0","1.6694337805606843","0","0.3300451321727917","0","0","{""base"":49,""mana"":0,""color"":1.6694337805606843,""synergy"":0,""curve"":0.3300451321727917,""creature"":0.30406189555125746,""removal"":0,""duplicate"":0,""fixing"":0}","{""カード情報からの推定単体評価"":141,""現在の主色に合う"":101,""2マナのクリーチャーを補強"":55,""主色外のマナ供給が不足"":10,""クリーチャー不足を補う"":43}","[""カード情報からの推定単体評価"",""現在の主色に合う"",""2マナのクリーチャーを補強"",""クリーチャー不足を補う"",""主色外のマナ供給が不足""]"
"eda99a16-6a7c-4f39-8a6b-a284e6afd3fc","Goblin Plate Mail","281","12.434163701067616","96","0","0","0","0","","not-applicable-14-card-packs","","","","","","","43","43","0","-5.173826498871799","0.1378615105026695","0","0","0","{""base"":43,""mana"":-0.20048744703746252,""color"":-5.173826498871799,""synergy"":0.1378615105026695,""curve"":0,""creature"":0,""removal"":0,""duplicate"":0,""fixing"":0}","{""カード情報からの推定単体評価"":281,""主色外のマナ供給が不足"":204,""現在の主色に合う"":77,""アーキタイプ・共通メカニズムと相性が良い"":42}","[""カード情報からの推定単体評価"",""主色外のマナ供給が不足"",""現在の主色に合う"",""アーキタイプ・共通メカニズムと相性が良い""]"
"edbd3d4e-78a2-4c03-936d-dcb24cf7c87c","Fearsome Goblin Pair","155","10.980645161290322","49","0","0","0","0","","not-applicable-14-card-packs","","","","","","","45.8","45.8","0","-3.4432260950379905","0","0.26715542521994134","0","0","{""base"":45.80000000000012,""mana"":-0.21514256555960767,""color"":-3.4432260950379905,""synergy"":0,""curve"":0.26715542521994134,""creature"":0.12140762463343108,""removal"":0,""duplicate"":0,""fixing"":0}","{""カード情報からの推定単体評価"":155,""主色外のマナ供給が不足"":96,""現在の主色に合う"":59,""3マナのクリーチャーを補強"":33,""クリーチャー不足を補う"":20}","[""カード情報からの推定単体評価"",""主色外のマナ供給が不足"",""現在の主色に合う"",""3マナのクリーチャーを補強"",""クリーチャー不足を補う""]"
"ee86cce6-c7c1-40a6-896b-cde9b86bb532","Nasty Little Rabbit","169","4.550295857988166","58","1","0.017241379310344827","0.8793103448275862","0","","not-applicable-14-card-packs","","","","","","","49.8","49.8","0","1.666735110612432","0","0","0","0","{""base"":49.800000000000104,""mana"":0,""color"":1.666735110612432,""synergy"":0,""curve"":0,""creature"":0.1597633136094675,""removal"":0,""duplicate"":0,""fixing"":0}","{""カード情報からの推定単体評価"":169,""主色外のマナ供給が不足"":8,""現在の主色に合う"":110,""クリーチャー不足を補う"":23}","[""カード情報からの推定単体評価"",""現在の主色に合う"",""クリーチャー不足を補う"",""主色外のマナ供給が不足""]"
"eec81460-899d-4b4c-b33c-ce2ca704df17","Crude Bent Blade","323","10.507739938080496","103","0","0","0","0","","not-applicable-14-card-packs","","","","","","","43","43","0","1.3416894799772052","0.7030090669841949","0","0","0","{""base"":43,""mana"":0,""color"":1.3416894799772052,""synergy"":0.7030090669841949,""curve"":0,""creature"":0,""removal"":0,""duplicate"":0,""fixing"":0}","{""カード情報からの推定単体評価"":323,""現在の主色に合う"":264,""アーキタイプ・共通メカニズムと相性が良い"":177,""主色外のマナ供給が不足"":59}","[""カード情報からの推定単体評価"",""現在の主色に合う"",""アーキタイプ・共通メカニズムと相性が良い"",""主色外のマナ供給が不足""]"
"ef71ef07-8a35-41ec-a851-d95e9e3a221b","Bilbo's Gambit","54","8.75925925925926","24","0","0","0","0","","not-applicable-14-card-packs","","","","","","","45.82","45.82","0","1.9091613163577656","0.28497782935970434","0","0.12954545454545455","0","{""base"":45.820000000000014,""mana"":0,""color"":1.9091613163577656,""synergy"":0.28497782935970434,""curve"":0,""creature"":0,""removal"":0.12954545454545455,""duplicate"":0,""fixing"":0}","{""カード情報からの推定単体評価"":54,""現在の主色に合う"":51,""バウンス・打ち消し"":51,""アーキタイプ・共通メカニズムと相性が良い"":17,""主色外のマナ供給が不足"":3}","[""カード情報からの推定単体評価"",""現在の主色に合う"",""バウンス・打ち消し"",""アーキタイプ・共通メカニズムと相性が良い"",""主色外のマナ供給が不足""]"
"f1b36dde-9cde-46c8-8d5a-9ad93feba41f","Mirkwood Pathmaker","168","4.791666666666667","51","0","0","0.5490196078431373","0","","not-applicable-14-card-packs","","","","","","","49","49","0","1.651935093971511","0","0.5420454545454542","0","0","{""base"":49,""mana"":0,""color"":1.651935093971511,""synergy"":0,""curve"":0.5420454545454542,""creature"":0.27142857142857163,""removal"":0,""duplicate"":0,""fixing"":0}","{""カード情報からの推定単体評価"":168,""主色外のマナ供給が不足"":16,""現在の主色に合う"":124,""3マナのクリーチャーを補強"":76,""クリーチャー不足を補う"":43}","[""カード情報からの推定単体評価"",""現在の主色に合う"",""3マナのクリーチャーを補強"",""クリーチャー不足を補う"",""主色外のマナ供給が不足""]"
"f4437cb3-85f7-49b5-bb41-6a948549d987","Along the Crooked Way","49","8.428571428571429","22","0","0","0","0","","not-applicable-14-card-packs","","","","","","","45.9","45.9","0","1.6057910514229399","0","0","0","0","{""base"":45.900000000000034,""mana"":0,""color"":1.6057910514229399,""synergy"":0,""curve"":0,""creature"":0,""removal"":0,""duplicate"":0,""fixing"":0}","{""カード情報からの推定単体評価"":49,""現在の主色に合う"":43,""主色外のマナ供給が不足"":6}","[""カード情報からの推定単体評価"",""現在の主色に合う"",""主色外のマナ供給が不足""]"
"f48f2a9b-4ba5-4984-8180-3950889bba65","Gandalf, Goblins' Bane // Flameshape","31","5.451612903225806","7","0","0","0.42857142857142855","0","","not-applicable-14-card-packs","","","","","","","48.800000000000004","48.800000000000004","0","2.031182474971907","0","0.4709677419354839","0","0","{""base"":48.799999999999976,""mana"":0,""color"":2.031182474971907,""synergy"":0,""curve"":0.4709677419354839,""creature"":0.2797653958944281,""removal"":0,""duplicate"":0,""fixing"":0}","{""カード情報からの推定単体評価"":31,""現在の主色に合う"":26,""3マナのクリーチャーを補強"":16,""クリーチャー不足を補う"":12,""主色外のマナ供給が不足"":2}","[""カード情報からの推定単体評価"",""現在の主色に合う"",""3マナのクリーチャーを補強"",""クリーチャー不足を補う"",""主色外のマナ供給が不足""]"
"f6771d32-395e-4832-b33d-cbc12dff1516","Thranduil, Sindarin Liege // Silvan Rally","162","10.783950617283951","51","0","0","0.0196078431372549","0","","not-applicable-14-card-packs","","","","","","","46.6","46.6","0","-4.033817939550871","0.14528440402652865","0.06868686868686871","0","-0.24691358024691357","{""base"":46.600000000000136,""mana"":-0.209908142863396,""color"":-4.033817939550871,""synergy"":0.14528440402652865,""curve"":0.06868686868686871,""creature"":0.0632996632996633,""removal"":0,""duplicate"":-0.24691358024691357,""fixing"":0}","{""カード情報からの推定単体評価"":162,""主色外のマナ供給が不足"":103,""現在の主色に合う"":58,""アーキタイプ・共通メカニズムと相性が良い"":27,""4マナのクリーチャーを補強"":17,""クリーチャー不足を補う"":11}","[""カード情報からの推定単体評価"",""主色外のマナ供給が不足"",""現在の主色に合う"",""アーキタイプ・共通メカニズムと相性が良い"",""4マナのクリーチャーを補強""]"
"f75bb13b-41fc-4614-b35e-f456069ce9c6","Dwarven Mattock","168","11.119047619047619","55","0","0","0","0","","not-applicable-14-card-packs","","","","","","","43","43","0","0","0.2797155609476108","0","0","0","{""base"":43,""mana"":0,""color"":0,""synergy"":0.2797155609476108,""curve"":0,""creature"":0,""removal"":0,""duplicate"":0,""fixing"":0}","{""カード情報からの推定単体評価"":168,""アーキタイプ・共通メカニズムと相性が良い"":52}","[""カード情報からの推定単体評価"",""アーキタイプ・共通メカニズムと相性が良い""]"
"f8961618-ae68-4d13-84eb-8b5464ce4971","Vow to Erebor","279","10.100358422939069","89","0","0","0","0","","not-applicable-14-card-packs","","","","","","","44.1","44.1","0","0.5316648036022121","0.22549507263083027","0","0","0","{""base"":44.10000000000022,""mana"":0,""color"":0.5316648036022121,""synergy"":0.22549507263083027,""curve"":0,""creature"":0,""removal"":0,""duplicate"":0,""fixing"":0}","{""カード情報からの推定単体評価"":279,""主色外のマナ供給が不足"":70,""現在の主色に合う"":209,""アーキタイプ・共通メカニズムと相性が良い"":70}","[""カード情報からの推定単体評価"",""現在の主色に合う"",""主色外のマナ供給が不足"",""アーキタイプ・共通メカニズムと相性が良い""]"
"fa602f8f-1d80-4f6d-8b8f-d1a1f36037bd","Bolg's Company","43","7.813953488372093","14","0","0","0.42857142857142855","0","","not-applicable-14-card-packs","","","","","","","49.4","49.4","0","-2.7063474380092902","0.20508110929698417","0.23002114164904863","0","0","{""base"":49.40000000000004,""mana"":-0.27234060308570335,""color"":-2.7063474380092902,""synergy"":0.20508110929698417,""curve"":0.23002114164904863,""creature"":0.1357293868921776,""removal"":0,""duplicate"":0,""fixing"":0}","{""カード情報からの推定単体評価"":43,""主色外のマナ供給が不足"":23,""現在の主色に合う"":14,""アーキタイプ・共通メカニズムと相性が良い"":10,""2マナのクリーチャーを補強"":9,""クリーチャー不足を補う"":7}","[""カード情報からの推定単体評価"",""主色外のマナ供給が不足"",""現在の主色に合う"",""アーキタイプ・共通メカニズムと相性が良い"",""2マナのクリーチャーを補強""]"
"fa85f9e6-69ff-4669-b70a-440aa7b16c97","Bilbo Baggins, Burglar // Take a Glance","298","5.738255033557047","103","0","0","0.6407766990291263","0","","not-applicable-14-card-packs","","","","","","","49.1","49.1","0","0.7375594687230027","0","0.30870957901159235","0","-0.4697986577181208","{""base"":49.10000000000024,""mana"":0,""color"":0.7375594687230027,""synergy"":0,""curve"":0.30870957901159235,""creature"":0.19768151311775495,""removal"":0,""duplicate"":-0.4697986577181208,""fixing"":0}","{""カード情報からの推定単体評価"":298,""現在の主色に合う"":185,""3マナのクリーチャーを補強"":104,""クリーチャー不足を補う"":59,""主色外のマナ供給が不足"":47}","[""カード情報からの推定単体評価"",""現在の主色に合う"",""3マナのクリーチャーを補強"",""クリーチャー不足を補う"",""主色外のマナ供給が不足""]"
"fc75cfec-e1f6-4cb5-8a3c-2f7b2c39c03f","Smaug, the Great Calamity // Spew Flame","293","5.122866894197952","96","3","0.03125","0.84375","0","","not-applicable-14-card-packs","","","","","","","50.199999999999996","50.199999999999996","0","1.1188664905918502","0","-0.06441203847347192","0.17194384114179337","-0.4180887372013652","{""base"":50.20000000000025,""mana"":-0.400000000000002,""color"":1.1188664905918502,""synergy"":0,""curve"":-0.06441203847347192,""creature"":0.19789016444306567,""removal"":0.17194384114179337,""duplicate"":-0.4180887372013652,""fixing"":0}","{""カード情報からの推定単体評価"":293,""現在の主色に合う"":180,""火力・マイナス修整"":203,""クリーチャー不足を補う"":53,""主色外のマナ供給が不足"":32}","[""カード情報からの推定単体評価"",""火力・マイナス修整"",""現在の主色に合う"",""クリーチャー不足を補う"",""主色外のマナ供給が不足""]"
"fcc9f3bc-0bc3-4189-a4d0-9698594b99a8","Enchanted River's Grasp","305","11.308196721311475","91","0","0","0","0","","not-applicable-14-card-packs","","","","","","","43","43","0","-0.4611239161546596","0","0","0","0","{""base"":43,""mana"":0,""color"":-0.4611239161546596,""synergy"":0,""curve"":0,""creature"":0,""removal"":0,""duplicate"":0,""fixing"":0}","{""カード情報からの推定単体評価"":305,""主色外のマナ供給が不足"":103,""現在の主色に合う"":202}","[""カード情報からの推定単体評価"",""現在の主色に合う"",""主色外のマナ供給が不足""]"
"fdf7f144-56e4-4f88-b81a-b85473922355","Snowslope Hunter","158","5.6835443037974684","63","0","0","0.2857142857142857","0","","not-applicable-14-card-packs","","","","","","","48.2","48.2","0","1.4484337173394641","0.34817951198985797","0.4385500575373992","0","0","{""base"":48.199999999999875,""mana"":0,""color"":1.4484337173394641,""synergy"":0.34817951198985797,""curve"":0.4385500575373992,""creature"":0.2354430379746836,""removal"":0,""duplicate"":0,""fixing"":0}","{""カード情報からの推定単体評価"":158,""現在の主色に合う"":116,""アーキタイプ・共通メカニズムと相性が良い"":60,""3マナのクリーチャーを補強"":61,""クリーチャー不足を補う"":37,""主色外のマナ供給が不足"":24}","[""カード情報からの推定単体評価"",""現在の主色に合う"",""3マナのクリーチャーを補強"",""アーキタイプ・共通メカニズムと相性が良い"",""クリーチャー不足を補う""]"
